timestamp,phase,gpu_util_percent,gpu_memory_used_mb,gpu_power_w,gpu_temperature_c,cpu_percent,ram_used_gb,games_per_sec,positions_per_sec,training_steps_per_sec
2026-09-23T14:10:07.728647+07:00,full_training:iteration_0,0.0,167.0,12.01,34.0,0.0,12.300220489501953,0.0,0.0,0.0
2026-09-23T14:10:08.731963+07:00,full_training:iteration_0,2.0,175.0,25.18,35.0,9.0,12.751869201660156,0.0,0.0,0.0
2026-09-23T14:10:09.731773+07:00,full_training:iteration_0,1.0,249.0,25.66,35.0,7.7,13.213790893554688,10.378816420550708,97.04193353214912,194.08386706429823
2026-09-23T14:10:10.737905+07:00,full_training:iteration_0,2.0,249.0,26.03,35.0,6.5,13.207313537597656,10.378816420550708,97.04193353214912,194.08386706429823
2026-09-23T14:10:11.745161+07:00,full_training:iteration_0,1.0,249.0,26.42,36.0,7.6,13.217872619628906,11.981683959252106,100.64614525771768,205.1863378021923
2026-09-23T14:10:12.711416+07:00,full_training:iteration_0,2.0,249.0,26.75,36.0,6.5,13.181316375732422,12.216697334070439,107.91415978428888,220.71499850220593
2026-09-23T14:10:13.731074+07:00,full_training:iteration_0,1.0,249.0,26.22,36.0,6.8,13.24057388305664,12.216697334070439,107.91415978428888,220.71499850220593
2026-09-23T14:10:14.743694+07:00,full_training:iteration_0,1.0,249.0,19.7,35.0,8.1,13.24142074584961,12.454882189355361,107.1119868284561,217.49338023161798
2026-09-23T14:10:15.746402+07:00,full_training:iteration_0,6.0,249.0,18.08,35.0,6.3,13.238433837890625,12.454882189355361,107.1119868284561,217.49338023161798
2026-09-23T14:10:16.735667+07:00,full_training:iteration_0,6.0,249.0,17.41,35.0,7.2,13.237491607666016,12.24631903211127,108.37992343418475,218.96418429414953
2026-09-23T14:10:17.732816+07:00,full_training:iteration_0,7.0,249.0,17.28,35.0,6.8,13.236705780029297,12.327211024036314,106.01401480671231,214.18529154263098
2026-09-23T14:10:18.734599+07:00,full_training:iteration_0,7.0,249.0,17.58,35.0,6.4,13.23073959350586,12.327211024036314,106.01401480671231,214.18529154263098
2026-09-23T14:10:19.740341+07:00,full_training:iteration_0,7.0,249.0,17.5,35.0,6.2,13.223438262939453,12.266006755548915,105.57527243168887,212.11430253702804
2026-09-23T14:10:20.739939+07:00,full_training:iteration_0,6.0,249.0,17.09,35.0,6.8,13.209339141845703,12.362414249104509,103.99880987059169,210.23830732383357
2026-09-23T14:10:21.732801+07:00,full_training:iteration_0,10.0,249.0,17.01,35.0,6.5,13.174293518066406,12.362414249104509,103.99880987059169,210.23830732383357
2026-09-23T14:10:22.739408+07:00,full_training:iteration_0,7.0,249.0,17.21,35.0,6.4,13.167724609375,12.387075463119775,104.32670223383099,210.16738035759883
2026-09-23T14:10:23.729797+07:00,full_training:iteration_0,6.0,249.0,16.88,35.0,7.1,13.169178009033203,12.498284063741265,103.61077488841508,210.03366369117194
2026-09-23T14:10:24.712517+07:00,full_training:iteration_0,12.0,249.0,16.06,35.0,6.6,13.171806335449219,12.498284063741265,103.61077488841508,210.03366369117194
2026-09-23T14:10:25.738343+07:00,full_training:iteration_0,3.0,249.0,17.11,35.0,9.8,13.173648834228516,12.491217467607727,104.13133107087532,209.11433605999662
2026-09-23T14:10:26.738946+07:00,full_training:iteration_0,6.0,249.0,17.08,35.0,5.9,13.163265228271484,12.491217467607727,104.13133107087532,209.11433605999662
2026-09-23T14:10:27.729734+07:00,full_training:iteration_0,7.0,249.0,17.41,35.0,6.6,13.16415023803711,12.562883842260025,103.4344103012742,207.70634619203238
2026-09-23T14:10:28.729629+07:00,full_training:iteration_0,7.0,249.0,17.39,35.0,6.9,13.162361145019531,12.529936246596629,104.14304703421274,208.47886231837313
2026-09-23T14:10:29.738642+07:00,full_training:iteration_0,6.0,249.0,17.08,35.0,6.9,13.169395446777344,12.529936246596629,104.14304703421274,208.47886231837313
2026-09-23T14:10:30.730028+07:00,full_training:iteration_0,7.0,249.0,17.53,35.0,10.8,13.188793182373047,12.545935149293742,103.32473733668346,207.00792996334673
2026-09-23T14:10:31.738139+07:00,full_training:iteration_0,7.0,249.0,17.66,35.0,8.2,13.195476531982422,12.545935149293742,103.32473733668346,207.00792996334673
2026-09-23T14:10:32.740823+07:00,full_training:iteration_0,8.0,249.0,17.2,35.0,9.9,13.208240509033203,12.47707991613355,104.34997836526358,207.61860980446224
2026-09-23T14:10:33.731928+07:00,full_training:iteration_0,6.0,249.0,17.42,35.0,8.7,13.200908660888672,12.55295335884497,104.03260096142769,208.8889894870296
2026-09-23T14:10:34.736248+07:00,full_training:iteration_0,7.0,249.0,17.9,35.0,10.6,13.267658233642578,12.55295335884497,104.03260096142769,208.8889894870296
2026-09-23T14:10:35.720782+07:00,full_training:iteration_0,7.0,249.0,17.24,35.0,11.6,13.2733154296875,12.504520476100158,107.31820808605958,211.1425060390912
2026-09-23T14:10:36.734474+07:00,full_training:iteration_0,7.0,249.0,17.6,35.0,10.8,13.27334213256836,12.482783164666602,107.83737678364758,213.17819693436186
2026-09-23T14:10:37.730889+07:00,full_training:iteration_0,11.0,249.0,17.37,35.0,9.0,13.273128509521484,12.482783164666602,107.83737678364758,213.17819693436186
2026-09-23T14:10:38.734627+07:00,full_training:iteration_0,7.0,249.0,17.97,35.0,6.4,13.258750915527344,12.560323681400146,107.88656972655284,213.7238234840351
2026-09-23T14:10:39.738225+07:00,full_training:iteration_0,6.0,249.0,17.15,35.0,7.3,13.279708862304688,12.56975949412495,109.51402959256363,215.1314337419485
2026-09-23T14:10:40.748406+07:00,full_training:iteration_0,5.0,249.0,15.54,35.0,8.1,13.257057189941406,12.56975949412495,109.51402959256363,215.1314337419485
2026-09-23T14:10:41.756986+07:00,full_training:iteration_0,2.0,249.0,16.22,35.0,6.4,13.251953125,12.56975949412495,109.51402959256363,215.1314337419485
2026-09-23T14:10:42.739426+07:00,full_training:iteration_0,2.0,249.0,16.24,35.0,7.5,13.259113311767578,12.136662460300903,108.79650991198308,211.03344273232736
2026-09-23T14:10:43.730971+07:00,full_training:iteration_0,3.0,249.0,16.55,35.0,8.0,13.307552337646484,12.136662460300903,108.79650991198308,211.03344273232736
2026-09-23T14:10:44.746933+07:00,full_training:iteration_0,4.0,249.0,16.05,35.0,9.5,13.340106964111328,12.136662460300903,108.79650991198308,211.03344273232736
2026-09-23T14:10:45.747601+07:00,full_training:iteration_0,4.0,249.0,17.2,35.0,7.0,13.323577880859375,11.721560854016058,107.25228181424693,206.21955129758706
2026-09-23T14:10:46.745531+07:00,full_training:iteration_0,4.0,249.0,17.09,35.0,6.8,13.323577880859375,11.721560854016058,107.25228181424693,206.21955129758706
2026-09-23T14:10:47.732928+07:00,full_training:iteration_0,5.0,249.0,16.58,35.0,7.6,13.302837371826172,11.721560854016058,107.25228181424693,206.21955129758706
2026-09-23T14:10:48.734138+07:00,full_training:iteration_0,5.0,249.0,16.99,36.0,9.0,13.294788360595703,11.340209865668003,108.32365684727219,204.09912495188132
2026-09-23T14:10:49.733221+07:00,full_training:iteration_0,5.0,249.0,16.46,35.0,7.9,13.287406921386719,11.340209865668003,108.32365684727219,204.09912495188132
2026-09-23T14:10:50.745513+07:00,full_training:iteration_0,3.0,249.0,17.56,35.0,7.9,13.281856536865234,11.340209865668003,108.32365684727219,204.09912495188132
2026-09-23T14:10:51.742056+07:00,full_training:iteration_0,5.0,249.0,17.92,35.0,8.1,13.27585220336914,10.996696693108715,110.3106137027468,204.65310741570866
2026-09-23T14:10:52.721789+07:00,full_training:iteration_0,5.0,249.0,17.56,35.0,7.7,13.230133056640625,10.996696693108715,110.3106137027468,204.65310741570866
2026-09-23T14:10:53.720726+07:00,full_training:iteration_0,6.0,249.0,16.93,35.0,7.0,13.231918334960938,10.996696693108715,110.3106137027468,204.65310741570866
2026-09-23T14:10:54.737462+07:00,full_training:iteration_0,6.0,249.0,17.92,35.0,7.9,13.209949493408203,10.765481754797898,111.74570061480219,204.54415334116007
2026-09-23T14:10:55.731490+07:00,full_training:iteration_0,3.0,249.0,16.53,35.0,8.8,13.265769958496094,10.765481754797898,111.74570061480219,204.54415334116007
2026-09-23T14:10:56.761343+07:00,full_training:iteration_0,3.0,249.0,16.99,36.0,7.6,13.263320922851562,10.765481754797898,111.74570061480219,204.54415334116007
2026-09-23T14:10:57.729811+07:00,full_training:iteration_0,5.0,249.0,17.55,36.0,7.1,13.265071868896484,10.577386150502058,111.93722305040927,203.79775354207715
2026-09-23T14:10:58.735091+07:00,full_training:iteration_0,6.0,249.0,17.83,36.0,6.0,13.260154724121094,10.577386150502058,111.93722305040927,203.79775354207715
2026-09-23T14:10:59.745469+07:00,full_training:iteration_0,7.0,249.0,18.02,36.0,7.1,13.249717712402344,10.577386150502058,111.93722305040927,203.79775354207715
2026-09-23T14:11:00.736923+07:00,full_training:iteration_0,11.0,249.0,16.38,35.0,6.9,13.251506805419922,10.40347849165131,113.78322957720859,206.3934538538157
2026-09-23T14:11:01.757181+07:00,full_training:iteration_0,3.0,249.0,16.65,35.0,6.6,13.237800598144531,10.40347849165131,113.78322957720859,206.3934538538157
2026-09-23T14:11:02.742824+07:00,full_training:iteration_0,4.0,249.0,17.14,36.0,8.5,13.239913940429688,10.294812471199668,112.96718327771778,206.0617017672805
2026-09-23T14:11:03.742540+07:00,full_training:iteration_0,5.0,249.0,17.89,35.0,7.8,13.239070892333984,10.294812471199668,112.96718327771778,206.0617017672805
2026-09-23T14:11:04.739291+07:00,full_training:iteration_0,4.0,249.0,15.96,35.0,8.0,13.25927734375,10.294812471199668,112.96718327771778,206.0617017672805
2026-09-23T14:11:05.710820+07:00,full_training:iteration_0,9.0,249.0,16.81,36.0,6.7,13.250782012939453,10.191087691041165,113.49006102833602,206.31681322104373
2026-09-23T14:11:06.740168+07:00,full_training:iteration_0,5.0,249.0,16.4,36.0,6.7,13.254104614257812,10.191087691041165,113.49006102833602,206.31681322104373
2026-09-23T14:11:07.752138+07:00,full_training:iteration_0,4.0,249.0,15.52,35.0,6.3,13.259010314941406,10.093166334421309,112.82477767493953,206.32114181946224
2026-09-23T14:11:08.747986+07:00,full_training:iteration_0,1.0,249.0,16.63,36.0,6.9,13.263069152832031,10.093166334421309,112.82477767493953,206.32114181946224
2026-09-23T14:11:09.717073+07:00,full_training:iteration_0,2.0,249.0,16.68,36.0,7.6,13.269882202148438,10.093166334421309,112.82477767493953,206.32114181946224
2026-09-23T14:11:10.738586+07:00,full_training:iteration_0,3.0,249.0,17.66,36.0,11.1,13.265674591064453,9.943982658713113,114.14729771300196,205.90459576219183
2026-09-23T14:11:11.754487+07:00,full_training:iteration_0,4.0,249.0,15.47,36.0,12.3,13.275592803955078,9.943982658713113,114.14729771300196,205.90459576219183
2026-09-23T14:11:12.741102+07:00,full_training:iteration_0,4.0,249.0,15.69,36.0,10.3,13.276641845703125,9.906006731296433,112.17004809641445,204.99242679576554
2026-09-23T14:11:13.715193+07:00,full_training:iteration_0,3.0,249.0,16.62,36.0,12.8,13.267333984375,9.906006731296433,112.17004809641445,204.99242679576554
2026-09-23T14:11:14.716622+07:00,full_training:iteration_0,4.0,249.0,16.3,36.0,11.7,13.184677124023438,9.906006731296433,112.17004809641445,204.99242679576554
2026-09-23T14:11:15.714259+07:00,full_training:iteration_0,4.0,249.0,17.02,36.0,9.2,13.187469482421875,9.790459207284204,111.99691971969052,203.61188345330757
2026-09-23T14:11:16.745985+07:00,full_training:iteration_0,3.0,249.0,16.82,36.0,7.0,13.185874938964844,9.790459207284204,111.99691971969052,203.61188345330757
2026-09-23T14:11:17.736388+07:00,full_training:iteration_0,4.0,249.0,15.47,35.0,8.5,13.200542449951172,9.790459207284204,111.99691971969052,203.61188345330757
2026-09-23T14:11:18.741279+07:00,full_training:iteration_0,4.0,249.0,16.85,36.0,6.6,13.194427490234375,9.724989412731444,110.92208512521336,204.2676820324165
2026-09-23T14:11:19.735141+07:00,full_training:iteration_0,4.0,249.0,15.6,36.0,7.1,13.190963745117188,9.724989412731444,110.92208512521336,204.2676820324165
2026-09-23T14:11:20.739406+07:00,full_training:iteration_0,4.0,249.0,15.81,36.0,6.6,13.185977935791016,9.674877523745545,109.8789661625387,202.66104161525848
2026-09-23T14:11:21.728349+07:00,full_training:iteration_0,3.0,249.0,16.45,36.0,8.0,13.213367462158203,9.674877523745545,109.8789661625387,202.66104161525848
2026-09-23T14:11:22.741798+07:00,full_training:iteration_0,4.0,249.0,17.14,36.0,9.6,13.20730972290039,9.674877523745545,109.8789661625387,202.66104161525848
2026-09-23T14:11:23.759048+07:00,full_training:iteration_0,4.0,249.0,17.39,36.0,8.5,13.215850830078125,9.620456451150353,109.41933038676424,202.5640552769991
2026-09-23T14:11:24.737368+07:00,full_training:iteration_0,4.0,249.0,16.58,36.0,7.8,13.217510223388672,9.620456451150353,109.41933038676424,202.5640552769991
2026-09-23T14:11:25.752501+07:00,full_training:iteration_0,6.0,249.0,16.81,36.0,7.7,13.247840881347656,9.541394301216386,109.77760956831933,203.12854840724722
2026-09-23T14:11:26.740866+07:00,full_training:iteration_0,3.0,249.0,16.9,36.0,9.0,13.25594711303711,9.541394301216386,109.77760956831933,203.12854840724722
2026-09-23T14:11:27.731918+07:00,full_training:iteration_0,4.0,249.0,16.63,36.0,6.4,13.255645751953125,9.541394301216386,109.77760956831933,203.12854840724722
2026-09-23T14:11:28.747232+07:00,full_training:iteration_0,4.0,249.0,17.02,36.0,6.4,13.246025085449219,9.498893782565151,109.42475666626038,202.6139040910048
2026-09-23T14:11:29.741444+07:00,full_training:iteration_0,4.0,249.0,17.24,36.0,6.6,13.252571105957031,9.498893782565151,109.42475666626038,202.6139040910048
2026-09-23T14:11:30.741353+07:00,full_training:iteration_0,4.0,249.0,17.05,36.0,7.0,13.221027374267578,9.498893782565151,109.42475666626038,202.6139040910048
2026-09-23T14:11:31.749566+07:00,full_training:iteration_0,6.0,249.0,18.97,36.0,7.7,13.200428009033203,9.379180352528081,110.77052488139574,203.4921398792727
2026-09-23T14:11:32.743989+07:00,full_training:iteration_0,2.0,249.0,17.32,36.0,7.0,13.19759750366211,9.379180352528081,110.77052488139574,203.4921398792727
2026-09-23T14:11:33.766712+07:00,full_training:iteration_0,4.0,249.0,16.93,36.0,7.3,13.185909271240234,9.34108720478535,110.61014886366452,202.759974138872
2026-09-23T14:11:34.734339+07:00,full_training:iteration_0,11.0,249.0,17.82,36.0,7.1,13.25076675415039,9.34108720478535,110.61014886366452,202.759974138872
2026-09-23T14:11:35.733832+07:00,full_training:iteration_0,3.0,261.0,19.09,36.0,6.9,13.245624542236328,9.367819787463622,113.77331373579294,206.14915617656226
2026-09-23T14:11:36.737841+07:00,full_training:iteration_0,15.0,261.0,18.09,36.0,7.5,13.239337921142578,9.367819787463622,113.77331373579294,206.14915617656226
2026-09-23T14:11:37.731455+07:00,full_training:iteration_0,7.0,261.0,20.36,37.0,7.7,13.211063385009766,9.457206620769881,114.3308728975216,206.9439463052038
2026-09-23T14:11:38.740947+07:00,full_training:iteration_0,2.0,261.0,19.49,36.0,6.2,13.205249786376953,9.544819171751577,116.22482135649129,210.49655861795395
2026-09-23T14:11:39.730080+07:00,full_training:iteration_0,2.0,261.0,19.54,36.0,8.1,13.207977294921875,9.634309095451883,117.04590743122282,212.29419053398576
2026-09-23T14:11:40.738813+07:00,full_training:iteration_0,3.0,261.0,20.1,36.0,8.6,13.183635711669922,9.725068352009663,118.63502826301564,214.90239931640906
2026-09-23T14:11:41.731028+07:00,full_training:iteration_0,10.0,261.0,19.42,37.0,8.5,13.180030822753906,9.725068352009663,118.63502826301564,214.90239931640906
2026-09-23T14:11:42.729534+07:00,full_training:iteration_0,3.0,261.0,20.68,37.0,8.9,13.181560516357422,9.811182565124167,119.76041326776564,217.0084282801214
2026-09-23T14:11:43.751301+07:00,full_training:iteration_0,7.0,261.0,20.18,36.0,8.8,13.18008804321289,9.876162338143194,123.02126044395602,222.05605427303874
2026-09-23T14:11:44.733270+07:00,full_training:iteration_0,2.0,261.0,19.68,37.0,9.5,13.239147186279297,9.95173517287321,124.57291830460143,224.44272732070613
2026-09-23T14:11:45.732878+07:00,full_training:iteration_0,3.0,261.0,21.03,37.0,6.6,13.212471008300781,9.95173517287321,124.57291830460143,224.44272732070613
2026-09-23T14:11:46.729511+07:00,full_training:iteration_0,4.0,261.0,20.93,37.0,6.0,13.210166931152344,10.022864803507767,127.41311196132628,228.5213175199771
2026-09-23T14:11:47.746580+07:00,full_training:iteration_0,7.0,261.0,21.28,37.0,6.0,13.200782775878906,10.022864803507767,127.41311196132628,228.5213175199771
2026-09-23T14:11:48.733801+07:00,full_training:iteration_0,6.0,261.0,19.85,37.0,6.4,13.208301544189453,10.022864803507767,127.41311196132628,228.5213175199771
2026-09-23T14:11:49.732629+07:00,full_training:iteration_0,2.0,261.0,20.67,37.0,6.3,13.206615447998047,10.022864803507767,127.41311196132628,228.5213175199771
2026-09-23T14:11:50.733000+07:00,full_training:iteration_0,3.0,261.0,20.6,37.0,6.4,13.195831298828125,9.837634670040247,125.66594527509412,226.15738342955524
2026-09-23T14:11:51.727607+07:00,full_training:iteration_0,3.0,261.0,19.47,37.0,6.5,13.189739227294922,9.913588092749547,127.80753276436916,229.30518026690203
2026-09-23T14:11:52.733582+07:00,full_training:iteration_0,8.0,261.0,19.79,37.0,7.2,13.189788818359375,9.987495712976559,129.00195183885972,231.95958793388056
2026-09-23T14:11:53.735303+07:00,full_training:iteration_0,7.0,261.0,20.06,37.0,6.8,13.190410614013672,10.055308770546796,130.62415261361264,234.50687558178052
2026-09-23T14:11:54.735233+07:00,full_training:iteration_0,2.0,261.0,20.19,37.0,6.5,13.18442153930664,10.055308770546796,130.62415261361264,234.50687558178052
2026-09-23T14:11:55.735259+07:00,full_training:iteration_0,4.0,261.0,19.41,37.0,6.5,13.182987213134766,10.130323070053178,131.94745798744265,236.17722646376757
2026-09-23T14:11:56.732358+07:00,full_training:iteration_0,6.0,261.0,20.08,37.0,6.5,13.181316375732422,10.190321324138369,133.28013899125338,239.75046897154635
2026-09-23T14:11:57.746542+07:00,full_training:iteration_0,2.0,261.0,19.53,37.0,6.5,13.172931671142578,10.278034205034817,133.17395748523685,241.44203565577328
2026-09-23T14:11:58.728339+07:00,full_training:iteration_0,4.0,261.0,19.65,37.0,5.8,13.180419921875,10.368715063950855,134.06566670406633,243.71028082330102
2026-09-23T14:11:59.728392+07:00,full_training:iteration_0,5.0,261.0,19.42,37.0,6.2,13.177669525146484,10.435757655785881,134.51331764595733,245.4292281099092
2026-09-23T14:12:00.733388+07:00,full_training:iteration_0,8.0,261.0,19.29,37.0,6.7,13.177841186523438,10.497734998897743,135.85670437980292,248.5027387493311
2026-09-23T14:12:01.731062+07:00,full_training:iteration_0,12.0,261.0,18.63,37.0,5.9,13.175121307373047,10.497734998897743,135.85670437980292,248.5027387493311
2026-09-23T14:12:02.738543+07:00,full_training:iteration_0,9.0,261.0,18.25,37.0,6.2,13.195026397705078,10.551541359388464,136.8271125778699,250.60790023660883
2026-09-23T14:12:03.748380+07:00,full_training:iteration_0,3.0,261.0,17.89,37.0,6.1,13.190975189208984,10.614402684207374,138.04813720517902,252.71848751489475
2026-09-23T14:12:04.732445+07:00,full_training:iteration_0,7.0,261.0,18.48,37.0,6.1,13.192161560058594,10.682439442408421,138.12221901623727,253.3288824544049
2026-09-23T14:12:05.710956+07:00,full_training:iteration_0,7.0,261.0,19.38,37.0,6.1,13.180122375488281,10.747494411875845,139.0435765142763,254.99709955795905
2026-09-23T14:12:06.729141+07:00,full_training:iteration_0,5.0,261.0,20.56,37.0,6.5,13.183277130126953,10.747494411875845,139.0435765142763,254.99709955795905
2026-09-23T14:12:07.728587+07:00,full_training:iteration_0,13.0,261.0,20.27,37.0,6.2,13.184768676757812,10.804722988183414,140.71463454141994,257.4140840036353
2026-09-23T14:12:08.717529+07:00,full_training:iteration_0,4.0,261.0,19.67,37.0,6.7,13.175727844238281,10.882897585866194,141.41069693880905,259.55710742290876
2026-09-23T14:12:09.732576+07:00,full_training:iteration_0,6.0,261.0,20.18,37.0,6.0,13.178176879882812,10.936926444414537,142.42032473715264,262.071957149115
2026-09-23T14:12:10.732610+07:00,full_training:iteration_0,2.0,261.0,20.55,38.0,7.0,13.179267883300781,11.009671530567479,143.60226791884955,264.1006579690754
2026-09-23T14:12:11.731028+07:00,full_training:iteration_0,2.0,261.0,19.89,37.0,6.6,13.178211212158203,11.064340255581625,144.44658914547924,265.11298228576356
2026-09-23T14:12:12.741229+07:00,full_training:iteration_0,3.0,261.0,19.38,37.0,6.0,13.175041198730469,11.147604968036744,145.24198356905845,267.46981746135117
2026-09-23T14:12:13.727511+07:00,full_training:iteration_0,5.0,261.0,19.05,37.0,5.9,13.203536987304688,11.22078486121649,145.02864433122315,267.90425340787317
2026-09-23T14:12:14.728646+07:00,full_training:iteration_0,4.0,261.0,18.25,37.0,6.6,13.204059600830078,11.301217809505452,145.61062045261392,269.54200336079623
2026-09-23T14:12:15.712306+07:00,full_training:iteration_0,7.0,261.0,19.49,38.0,6.3,13.194156646728516,11.3536854568226,146.367928347538,271.09289379300793
2026-09-23T14:12:16.713331+07:00,full_training:iteration_0,9.0,261.0,18.68,37.0,8.2,13.195186614990234,11.42498942830723,146.8580661650971,272.9163913024952
2026-09-23T14:12:17.729779+07:00,full_training:iteration_0,7.0,261.0,19.36,37.0,9.7,13.194145202636719,11.463043651084131,147.59443230747243,274.83421683450626
2026-09-23T14:12:18.730298+07:00,full_training:iteration_0,8.0,261.0,19.54,37.0,8.6,13.191085815429688,11.523653298246547,148.56293832099448,276.55999672238494
2026-09-23T14:12:19.739097+07:00,full_training:iteration_0,3.0,261.0,19.81,37.0,9.3,13.189693450927734,11.58492591784628,149.0797045743903,278.1525469551315
2026-09-23T14:12:20.741843+07:00,full_training:iteration_0,10.0,261.0,19.82,37.0,9.2,13.18740463256836,11.58492591784628,149.0797045743903,278.1525469551315
2026-09-23T14:12:21.730971+07:00,full_training:iteration_0,11.0,261.0,19.75,37.0,9.3,13.186107635498047,11.633165757915778,150.06783827711354,279.248856216151
2026-09-23T14:12:22.728063+07:00,full_training:iteration_0,7.0,261.0,19.36,37.0,7.0,13.184051513671875,11.678799749249759,150.49930215331275,280.0067103983586
2026-09-23T14:12:23.726882+07:00,full_training:iteration_0,3.0,261.0,19.92,37.0,6.2,13.183158874511719,11.728631032363541,151.48491992243214,281.9696517495754
2026-09-23T14:12:24.732022+07:00,full_training:iteration_0,7.0,261.0,19.53,37.0,6.6,13.201248168945312,11.780271527568024,151.80352397212346,283.3228929077157
2026-09-23T14:12:25.714463+07:00,full_training:iteration_0,4.0,261.0,19.96,37.0,6.2,13.188190460205078,11.811741101769032,153.4651399444658,285.43582756299634
2026-09-23T14:12:26.712815+07:00,full_training:iteration_0,15.0,261.0,21.35,37.0,6.9,13.18658447265625,11.811741101769032,153.4651399444658,285.43582756299634
2026-09-23T14:12:27.711818+07:00,full_training:iteration_0,2.0,261.0,19.89,37.0,6.3,13.186599731445312,11.85278292594448,154.49090721035927,287.3504855808699
2026-09-23T14:12:28.736013+07:00,full_training:iteration_0,7.0,261.0,19.16,37.0,6.6,13.185127258300781,11.915586682019104,155.00311976597624,289.02475768162606
2026-09-23T14:12:29.730157+07:00,full_training:iteration_0,5.0,261.0,19.39,37.0,6.8,13.185649871826172,11.962295545074937,154.9330885507652,288.88943741355973
2026-09-23T14:12:30.732717+07:00,full_training:iteration_0,7.0,261.0,19.27,37.0,6.4,13.18243408203125,11.999449324079514,155.57638973649208,289.64553118447225
2026-09-23T14:12:31.729730+07:00,full_training:iteration_0,9.0,261.0,20.83,38.0,6.7,13.183349609375,12.013823750985871,157.09471510664142,290.67865652385353
2026-09-23T14:12:32.729420+07:00,full_training:iteration_0,12.0,261.0,19.18,37.0,5.9,13.181137084960938,12.013823750985871,157.09471510664142,290.67865652385353
2026-09-23T14:12:33.716092+07:00,full_training:iteration_0,9.0,261.0,19.05,37.0,6.5,13.170692443847656,12.048565565799981,157.7046441155716,292.246959600338
2026-09-23T14:12:34.728853+07:00,full_training:iteration_0,8.0,261.0,20.49,38.0,6.8,13.176017761230469,12.086068796386298,158.32750123266052,293.8150792739683
2026-09-23T14:12:35.733002+07:00,full_training:iteration_0,3.0,261.0,20.72,37.0,6.2,13.164066314697266,12.124855299626123,159.77562129664625,294.8928290064124
2026-09-23T14:12:36.735121+07:00,full_training:iteration_0,2.0,261.0,19.82,38.0,6.0,13.191566467285156,12.168601736851858,160.1861211970582,295.66998086830716
2026-09-23T14:12:37.728627+07:00,full_training:iteration_0,3.0,261.0,18.81,38.0,6.5,13.19302749633789,12.211029541834302,160.72264432672566,297.33185998677413
2026-09-23T14:12:38.729441+07:00,full_training:iteration_0,8.0,261.0,18.14,37.0,6.2,13.192150115966797,12.211029541834302,160.72264432672566,297.33185998677413
2026-09-23T14:12:39.729406+07:00,full_training:iteration_0,6.0,261.0,19.87,37.0,6.3,13.189373016357422,12.255665662503688,160.3360781672765,298.27892374904354
2026-09-23T14:12:40.735190+07:00,full_training:iteration_0,9.0,261.0,18.77,37.0,6.6,13.183128356933594,12.267738105041458,161.61096063861874,299.55046318100426
2026-09-23T14:12:41.745950+07:00,full_training:iteration_0,6.0,261.0,18.14,37.0,6.1,13.168708801269531,12.316642212874559,161.17112504198246,299.92989209979265
2026-09-23T14:12:42.735103+07:00,full_training:iteration_0,7.0,261.0,19.46,37.0,6.1,13.181201934814453,12.347822021370009,161.697978796688,300.8904272460053
2026-09-23T14:12:43.732293+07:00,full_training:iteration_0,2.0,261.0,19.59,38.0,6.2,13.17538833618164,12.347822021370009,161.697978796688,300.8904272460053
2026-09-23T14:12:44.728826+07:00,full_training:iteration_0,12.0,261.0,20.86,38.0,6.2,13.17416000366211,12.38069767878694,161.87762215013922,302.81767900703824
2026-09-23T14:12:45.736583+07:00,full_training:iteration_0,7.0,261.0,19.29,38.0,6.9,13.167350769042969,12.418527323289391,162.82353659545822,304.04907773278325
2026-09-23T14:12:46.737519+07:00,full_training:iteration_0,7.0,261.0,20.37,38.0,7.7,13.16579818725586,12.455172689631732,163.0928607547951,304.99921857732886
2026-09-23T14:12:47.740482+07:00,full_training:iteration_0,2.0,261.0,19.67,38.0,8.8,13.163673400878906,12.499830281645528,163.77302887194358,305.8796852557016
2026-09-23T14:12:48.730123+07:00,full_training:iteration_0,2.0,261.0,19.88,38.0,7.8,13.163684844970703,12.499830281645528,163.77302887194358,305.8796852557016
2026-09-23T14:12:49.735295+07:00,full_training:iteration_0,3.0,261.0,20.06,38.0,8.0,13.161705017089844,12.499830281645528,163.77302887194358,305.8796852557016
2026-09-23T14:12:50.715678+07:00,full_training:iteration_0,3.0,261.0,18.41,37.0,7.8,13.176151275634766,12.374551989230492,161.66733446330176,302.66297982859396
2026-09-23T14:12:51.747103+07:00,full_training:iteration_0,3.0,261.0,19.14,37.0,6.1,13.176532745361328,12.414698827132826,162.56494983984672,304.68866784848365
2026-09-23T14:12:52.740672+07:00,full_training:iteration_0,7.0,261.0,18.43,38.0,6.4,13.176776885986328,12.414698827132826,162.56494983984672,304.68866784848365
2026-09-23T14:12:53.730451+07:00,full_training:iteration_0,8.0,261.0,18.71,38.0,5.8,13.179046630859375,12.431270233821092,162.6790147853372,305.912841670614
2026-09-23T14:12:54.732531+07:00,full_training:iteration_0,9.0,261.0,19.03,38.0,7.0,13.175960540771484,12.45027857352064,163.27392022507772,307.04441862648986
2026-09-23T14:12:55.733971+07:00,full_training:iteration_0,7.0,261.0,18.33,38.0,6.5,13.17242431640625,12.476890204975625,163.04536185646273,307.47136448396185
2026-09-23T14:12:56.733921+07:00,full_training:iteration_0,9.0,261.0,19.75,38.0,6.7,13.172538757324219,12.476890204975625,163.04536185646273,307.47136448396185
2026-09-23T14:12:57.730613+07:00,full_training:iteration_0,7.0,261.0,18.67,38.0,6.3,13.171306610107422,12.48699296835964,163.7520473122172,307.8281614185763
2026-09-23T14:12:58.729378+07:00,full_training:iteration_0,8.0,261.0,18.93,38.0,6.6,13.169246673583984,12.509636757359315,164.0060585066249,308.30943912040885
2026-09-23T14:12:59.712823+07:00,full_training:iteration_0,7.0,261.0,20.78,38.0,6.6,13.1583251953125,12.527550586310348,164.7255822187789,309.43635347746664
2026-09-23T14:13:00.731326+07:00,full_training:iteration_0,3.0,261.0,19.22,38.0,6.1,13.163352966308594,12.527550586310348,164.7255822187789,309.43635347746664
2026-09-23T14:13:01.731896+07:00,full_training:iteration_0,5.0,261.0,20.43,38.0,6.2,13.165950775146484,12.54606272407059,164.68449834054326,309.7948154865875
2026-09-23T14:13:02.730867+07:00,full_training:iteration_0,3.0,261.0,20.54,38.0,6.0,13.163806915283203,12.5673839491327,165.64157936258252,311.66535708346845
2026-09-23T14:13:03.732700+07:00,full_training:iteration_0,2.0,261.0,20.28,38.0,6.2,13.19232177734375,12.594556242920753,166.32828958264523,312.11027809445295
2026-09-23T14:13:04.729933+07:00,full_training:iteration_0,2.0,261.0,19.01,38.0,6.3,13.192386627197266,12.594556242920753,166.32828958264523,312.11027809445295
2026-09-23T14:13:05.730712+07:00,full_training:iteration_0,3.0,261.0,18.69,38.0,6.6,13.194782257080078,12.622614291274633,166.65262381858537,312.8930020039834
2026-09-23T14:13:06.735304+07:00,full_training:iteration_0,6.0,261.0,18.6,38.0,6.7,13.188835144042969,12.6418106181675,166.37525759981156,312.86788180328205
2026-09-23T14:13:07.731728+07:00,full_training:iteration_0,7.0,261.0,19.95,38.0,6.5,13.186222076416016,12.64440292789814,167.30335431545933,313.9672385419734
2026-09-23T14:13:08.736898+07:00,full_training:iteration_0,14.0,261.0,18.79,38.0,6.2,13.185237884521484,12.64440292789814,167.30335431545933,313.9672385419734
2026-09-23T14:13:09.733794+07:00,full_training:iteration_0,8.0,261.0,19.29,38.0,6.2,13.18027114868164,12.661989791899835,167.17158627884598,314.1561844464832
2026-09-23T14:13:10.733258+07:00,full_training:iteration_0,8.0,261.0,19.2,38.0,5.8,13.169815063476562,12.68529218775859,167.66095531116233,315.1247193216412
2026-09-23T14:13:11.728243+07:00,full_training:iteration_0,5.0,261.0,18.88,38.0,6.1,13.170238494873047,12.703492892654635,167.5820689567651,315.05209938132316
2026-09-23T14:13:12.727638+07:00,full_training:iteration_0,5.0,261.0,20.4,38.0,6.6,13.183494567871094,12.703492892654635,167.5820689567651,315.05209938132316
2026-09-23T14:13:13.731102+07:00,full_training:iteration_0,3.0,261.0,20.28,38.0,6.8,13.181682586669922,12.725784214924388,168.48611998400534,315.9366274281271
2026-09-23T14:13:14.732177+07:00,full_training:iteration_0,3.0,261.0,20.67,38.0,6.1,13.18044662475586,12.739969388605736,168.80999269113983,315.8270801188045
2026-09-23T14:13:15.731158+07:00,full_training:iteration_0,2.0,261.0,20.27,38.0,6.0,13.175617218017578,12.756883179050588,169.50038519794822,316.55294402872676
2026-09-23T14:13:16.750410+07:00,full_training:iteration_0,5.0,261.0,20.8,39.0,6.0,13.165233612060547,12.756883179050588,169.50038519794822,316.55294402872676
2026-09-23T14:13:17.729878+07:00,full_training:iteration_0,3.0,261.0,19.16,38.0,6.3,13.202861785888672,12.763894611328245,170.5149954285026,317.4061492472052
2026-09-23T14:13:18.727550+07:00,full_training:iteration_0,3.0,261.0,19.35,38.0,6.7,13.185768127441406,12.776941702924127,171.45388630609838,318.44151316948995
2026-09-23T14:13:19.731605+07:00,full_training:iteration_0,6.0,261.0,18.79,38.0,6.4,13.18520736694336,12.776941702924127,171.45388630609838,318.44151316948995
2026-09-23T14:13:20.750608+07:00,full_training:iteration_0,8.0,261.0,19.74,38.0,6.4,13.17129898071289,12.77516221630374,172.19766808689084,319.35287679649446
2026-09-23T14:13:21.733180+07:00,full_training:iteration_0,8.0,261.0,19.68,38.0,5.8,13.178699493408203,12.788618221270205,172.76071574359815,319.8974074170171
2026-09-23T14:13:22.714184+07:00,full_training:iteration_0,7.0,261.0,18.3,38.0,7.2,13.165695190429688,12.788618221270205,172.76071574359815,319.8974074170171
2026-09-23T14:13:23.729506+07:00,full_training:iteration_0,12.0,261.0,19.21,38.0,9.6,13.171783447265625,12.807051711391,172.87970570251474,320.5532745488603
2026-09-23T14:13:24.730944+07:00,full_training:iteration_0,10.0,261.0,20.91,38.0,8.9,13.170707702636719,12.81906727673913,173.64708533070825,321.7739715268842
2026-09-23T14:13:25.734647+07:00,full_training:iteration_0,6.0,261.0,19.23,38.0,8.3,13.167240142822266,12.834761567172713,173.87027396037385,323.1966130032059
2026-09-23T14:13:26.732740+07:00,full_training:iteration_0,4.0,261.0,20.89,38.0,10.5,13.165206909179688,12.834761567172713,173.87027396037385,323.1966130032059
2026-09-23T14:13:27.714579+07:00,full_training:iteration_0,3.0,275.0,20.15,38.0,8.1,13.156963348388672,12.843576946730364,175.26426005929966,324.54303117007674
2026-09-23T14:13:28.727390+07:00,full_training:iteration_0,2.0,275.0,20.2,38.0,6.7,13.161689758300781,12.868042146999471,175.2215160946307,325.3905626343218
2026-09-23T14:13:29.734393+07:00,full_training:iteration_0,7.0,275.0,19.5,38.0,6.4,13.161636352539062,12.884389370465525,175.79201171696008,325.62547461699
2026-09-23T14:13:30.779188+07:00,full_training:iteration_0,6.0,275.0,18.46,38.0,6.3,13.18613052368164,12.901534937039072,175.6345496524992,326.17065172363544
2026-09-23T14:13:31.734698+07:00,full_training:iteration_0,14.0,275.0,17.64,38.0,7.7,13.20309829711914,12.901534937039072,175.6345496524992,326.17065172363544
2026-09-23T14:13:32.737703+07:00,full_training:iteration_0,3.0,275.0,17.79,38.0,5.3,13.201602935791016,12.924345160298333,176.07200450630856,326.8823404760187
2026-09-23T14:13:33.745948+07:00,full_training:iteration_0,7.0,275.0,18.43,38.0,6.1,13.187450408935547,12.954386623789288,175.8361705594187,327.01975081659594
2026-09-23T14:13:34.731525+07:00,full_training:iteration_0,7.0,275.0,19.35,38.0,6.5,13.197277069091797,12.965138951763283,175.93108664056228,327.40387731873807
2026-09-23T14:13:35.739170+07:00,full_training:iteration_0,4.0,275.0,19.63,38.0,6.7,13.191059112548828,12.980684343552106,176.3920009042838,328.13038863368695
2026-09-23T14:13:36.736157+07:00,full_training:iteration_0,12.0,275.0,20.72,38.0,6.4,13.18941879272461,12.980684343552106,176.3920009042838,328.13038863368695
2026-09-23T14:13:37.733669+07:00,full_training:iteration_0,2.0,275.0,19.73,38.0,6.2,13.187137603759766,13.0025837906133,176.80142914992078,328.82571252106175
2026-09-23T14:13:38.746127+07:00,full_training:iteration_0,7.0,275.0,21.65,38.0,6.4,13.184425354003906,13.013231759797886,177.92245438056014,330.3686370254865
2026-09-23T14:13:39.732515+07:00,full_training:iteration_0,2.0,275.0,20.4,39.0,6.4,13.183177947998047,13.037340352605181,178.7733400467452,331.56716245654724
2026-09-23T14:13:40.728217+07:00,full_training:iteration_0,2.0,275.0,21.44,38.0,6.6,13.193431854248047,13.06166690363133,178.90224418767215,332.08814853681804
2026-09-23T14:21:09.294846+07:00,full_training:iteration_0,8.0,207.0,13.41,34.0,0.0,13.697929382324219,0.0,0.0,0.0
2026-09-23T14:21:10.297436+07:00,full_training:iteration_0,5.0,215.0,26.16,35.0,8.6,14.1146240234375,0.0,0.0,0.0
2026-09-23T14:21:11.291979+07:00,full_training:iteration_0,2.0,249.0,26.11,35.0,7.0,14.569225311279297,12.905786446679896,175.8191739089105,326.4129537745203
2026-09-23T14:21:12.298643+07:00,full_training:iteration_0,2.0,249.0,26.44,35.0,6.7,14.503223419189453,12.941775300481046,175.66499095357494,326.70139133532535
2026-09-23T14:21:13.302355+07:00,full_training:iteration_0,3.0,249.0,27.04,35.0,6.7,14.504852294921875,12.961928756432444,175.88752573813125,327.32281143875196
2026-09-23T14:21:14.300809+07:00,full_training:iteration_0,4.0,249.0,27.24,36.0,6.6,14.504989624023438,12.982724843823755,176.41972886655728,328.1819691304791
2026-09-23T14:21:15.294337+07:00,full_training:iteration_0,3.0,249.0,26.85,36.0,6.4,14.50473403930664,12.982724843823755,176.41972886655728,328.1819691304791
2026-09-23T14:21:16.313544+07:00,full_training:iteration_0,2.0,249.0,25.17,35.0,6.7,14.502208709716797,13.005155992829364,176.83640443138682,328.89076160977106
2026-09-23T14:21:17.296538+07:00,full_training:iteration_0,2.0,269.0,20.75,35.0,6.4,14.471057891845703,13.016887477147135,177.972436907215,330.4614452056769
2026-09-23T14:21:18.302240+07:00,full_training:iteration_0,5.0,269.0,19.66,35.0,7.2,14.4830322265625,13.042970508079545,178.8505430399871,331.71034922810765
2026-09-23T14:31:47.077286+07:00,full_training:iteration_0,0.0,207.0,13.04,36.0,0.0,13.799079895019531,0.0,0.0,0.0
2026-09-23T14:31:48.098856+07:00,full_training:iteration_0,2.0,215.0,27.11,37.0,7.6,14.209270477294922,0.0,0.0,0.0
2026-09-23T14:31:49.097401+07:00,full_training:iteration_0,3.0,249.0,26.8,37.0,7.2,14.649139404296875,12.898101344093337,175.71447758577233,326.2185822772309
2026-09-23T14:31:50.095776+07:00,full_training:iteration_0,2.0,249.0,27.39,37.0,7.7,14.602561950683594,12.932863061376612,175.54402081112482,326.4764113115087
2026-09-23T14:31:51.095487+07:00,full_training:iteration_0,2.0,249.0,27.82,37.0,7.2,14.599987030029297,12.948154747728704,175.70061865385998,326.97498147159115
2026-09-23T14:31:52.101350+07:00,full_training:iteration_0,4.0,249.0,27.91,37.0,7.5,14.59857177734375,12.948154747728704,175.70061865385998,326.97498147159115
2026-09-23T14:31:53.095429+07:00,full_training:iteration_0,6.0,249.0,27.98,37.0,7.2,14.59920883178711,12.962152437919356,176.14017443438325,327.6619324848077
2026-09-23T14:31:54.094386+07:00,full_training:iteration_0,2.0,249.0,21.77,37.0,7.7,14.56631088256836,12.981343948563387,176.51262236429912,328.2885726488358
2026-09-23T14:31:55.096817+07:00,full_training:iteration_0,2.0,269.0,21.96,37.0,6.8,14.565845489501953,12.984599967984046,177.53098831226424,329.64175793720676
2026-09-23T14:31:56.097009+07:00,full_training:iteration_0,5.0,269.0,21.61,37.0,7.0,14.567035675048828,12.984599967984046,177.53098831226424,329.64175793720676
2026-09-23T14:31:57.102876+07:00,full_training:iteration_0,3.0,269.0,20.94,37.0,8.1,14.56528091430664,13.004203764058511,178.31895759971036,330.7244288666618
2026-09-23T14:31:58.095478+07:00,full_training:iteration_0,2.0,269.0,21.5,37.0,7.4,14.56597900390625,13.023780721913502,178.38332704003483,331.12490609351966
2026-09-23T14:31:59.101478+07:00,full_training:iteration_0,2.0,269.0,21.19,37.0,6.9,14.565189361572266,13.050103108766157,178.79110687179013,331.6885559205752
2026-09-23T14:32:00.094489+07:00,full_training:iteration_0,11.0,269.0,20.52,37.0,7.6,14.62759780883789,13.057308436253253,179.11362847430402,331.70226752524786
2026-09-23T14:32:01.094638+07:00,full_training:iteration_0,4.0,269.0,21.08,37.0,7.6,14.617385864257812,13.057308436253253,179.11362847430402,331.70226752524786
2026-09-23T14:32:02.102499+07:00,full_training:iteration_0,5.0,269.0,22.06,37.0,7.8,14.613208770751953,13.066800244946199,179.79361102992993,332.7307773010981
2026-09-23T14:32:03.094957+07:00,full_training:iteration_0,4.0,269.0,21.72,37.0,7.9,14.611324310302734,13.094666197103898,180.12543297748624,334.05231196485124
2026-09-23T14:32:04.078727+07:00,full_training:iteration_0,7.0,269.0,22.38,38.0,7.8,14.611312866210938,13.104367008901942,180.95481338551204,334.9494535261363
2026-09-23T14:32:05.094617+07:00,full_training:iteration_0,4.0,269.0,21.45,37.0,9.2,14.608726501464844,13.104367008901942,180.95481338551204,334.9494535261363
2026-09-23T14:32:06.094521+07:00,full_training:iteration_0,13.0,269.0,20.32,37.0,8.5,14.604541778564453,13.110481150158805,181.6803134384854,336.1017514855989
2026-09-23T14:32:07.095285+07:00,full_training:iteration_0,5.0,269.0,21.95,37.0,8.5,14.604484558105469,13.12778271250498,182.00086343319404,336.70951928925274
2026-09-23T14:32:08.080204+07:00,full_training:iteration_0,5.0,269.0,21.25,37.0,10.3,14.602558135986328,13.146981373805222,182.01815616398073,337.48121090922746
2026-09-23T14:32:09.093914+07:00,full_training:iteration_0,5.0,269.0,21.4,37.0,11.0,14.599327087402344,13.172528623804448,182.5918568047288,338.67287964107294
2026-09-23T14:32:10.094670+07:00,full_training:iteration_0,4.0,269.0,21.2,37.0,11.4,14.597270965576172,13.172528623804448,182.5918568047288,338.67287964107294
2026-09-23T14:32:11.094327+07:00,full_training:iteration_0,4.0,269.0,22.89,37.0,9.0,14.598320007324219,13.17713553958924,182.9306937813517,339.61840985801473
2026-09-23T14:32:12.101380+07:00,full_training:iteration_0,3.0,269.0,21.73,38.0,8.5,14.596412658691406,13.197822695839111,183.72874984459244,340.7208367312048
2026-09-23T14:32:13.098298+07:00,full_training:iteration_0,5.0,269.0,21.58,38.0,7.5,14.594627380371094,13.197822695839111,183.72874984459244,340.7208367312048
2026-09-23T14:32:14.098059+07:00,full_training:iteration_0,11.0,269.0,20.7,37.0,7.9,14.592704772949219,13.197822695839111,183.72874984459244,340.7208367312048
2026-09-23T14:32:15.094478+07:00,full_training:iteration_0,2.0,269.0,21.25,37.0,7.1,14.593158721923828,13.197822695839111,183.72874984459244,340.7208367312048
2026-09-23T14:32:16.095413+07:00,full_training:iteration_0,3.0,269.0,20.63,37.0,8.4,14.616508483886719,13.074526338560661,182.61190937067676,337.8239697111766
2026-09-23T14:32:17.091991+07:00,full_training:iteration_0,5.0,269.0,22.03,37.0,7.7,14.612056732177734,13.080048048988553,183.2939183553628,338.5610185236378
2026-09-23T14:32:18.086920+07:00,full_training:iteration_0,4.0,269.0,21.17,37.0,7.0,14.607955932617188,13.094604450934495,183.40199615522664,338.835812474954
2026-09-23T14:32:19.098454+07:00,full_training:iteration_0,5.0,269.0,22.99,38.0,7.9,14.608020782470703,13.094604450934495,183.40199615522664,338.835812474954
2026-09-23T14:32:20.110396+07:00,full_training:iteration_0,4.0,283.0,22.36,37.0,7.1,14.605239868164062,13.093241183406438,184.743065795672,340.4371072795315
2026-09-23T14:32:21.096471+07:00,full_training:iteration_0,4.0,283.0,21.04,38.0,7.3,14.602405548095703,13.109765298167487,184.95410113677656,341.33912932507906
2026-09-23T14:32:22.094314+07:00,full_training:iteration_0,11.0,283.0,21.93,37.0,7.3,14.602947235107422,13.109765298167487,184.95410113677656,341.33912932507906
2026-09-23T14:32:23.096876+07:00,full_training:iteration_0,2.0,283.0,20.86,37.0,8.1,14.598468780517578,13.118651415902262,185.53581742819446,342.2952382021517
2026-09-23T14:32:24.080362+07:00,full_training:iteration_0,4.0,283.0,21.37,38.0,7.5,14.596851348876953,13.129460446187293,185.52516752918564,342.9524480714506
2026-09-23T14:32:25.099611+07:00,full_training:iteration_0,2.0,283.0,21.85,38.0,8.0,14.594470977783203,13.148625385707284,185.8059890492368,343.3843081223422
2026-09-23T14:32:26.094489+07:00,full_training:iteration_0,5.0,283.0,21.86,37.0,7.3,14.59466552734375,13.152908138350439,186.4091743595014,344.0817418243283
2026-09-23T14:32:27.100979+07:00,full_training:iteration_0,3.0,283.0,20.29,38.0,8.0,14.593101501464844,13.152908138350439,186.4091743595014,344.0817418243283
2026-09-23T14:32:28.094568+07:00,full_training:iteration_0,2.0,283.0,21.12,38.0,7.4,14.592647552490234,13.177885979186836,186.45465463758885,344.77162191710266
2026-09-23T14:32:29.092743+07:00,full_training:iteration_0,4.0,283.0,20.0,38.0,7.6,14.620128631591797,13.190277518983633,186.46106057773238,344.57126841309935
2026-09-23T14:32:30.080461+07:00,full_training:iteration_0,4.0,283.0,22.83,38.0,8.0,14.621543884277344,13.190277518983633,186.46106057773238,344.57126841309935
2026-09-23T14:32:31.100454+07:00,full_training:iteration_0,6.0,283.0,23.11,38.0,8.2,14.617027282714844,13.185487227718642,187.52874940391396,345.5293781869959
2026-09-23T14:32:32.096989+07:00,full_training:iteration_0,4.0,283.0,21.68,38.0,7.2,14.612934112548828,13.193493277448741,187.99506300616545,345.9342081478713
2026-09-23T14:32:33.097726+07:00,full_training:iteration_0,4.0,283.0,21.82,38.0,7.3,14.609466552734375,13.193493277448741,187.99506300616545,345.9342081478713
2026-09-23T14:32:34.099284+07:00,full_training:iteration_0,5.0,283.0,21.77,38.0,7.2,14.609485626220703,13.195555093940401,188.60738808504507,346.5533252999679
2026-09-23T14:32:35.101150+07:00,full_training:iteration_0,2.0,283.0,20.53,38.0,8.4,14.60665512084961,13.207350936105142,188.76847923311252,347.0231458461626
2026-09-23T14:32:36.100091+07:00,full_training:iteration_0,3.0,283.0,20.23,38.0,7.1,14.604515075683594,13.229889877423268,188.9308455646815,347.60533388544985
2026-09-23T14:32:37.099506+07:00,full_training:iteration_0,7.0,283.0,20.93,38.0,7.3,14.60451889038086,13.242906116731525,188.75130043486018,347.6542073542077
2026-09-23T14:32:38.097029+07:00,full_training:iteration_0,2.0,283.0,22.15,38.0,7.7,14.603336334228516,13.258345796719139,189.30059711195878,348.6111335969077
2026-09-23T14:32:39.094322+07:00,full_training:iteration_0,4.0,283.0,20.19,38.0,7.2,14.601696014404297,13.258345796719139,189.30059711195878,348.6111335969077
2026-09-23T14:32:40.098916+07:00,full_training:iteration_0,5.0,283.0,22.03,38.0,6.9,14.598575592041016,13.27850296430883,189.19495562896455,349.34713795890957
2026-09-23T14:32:41.094506+07:00,full_training:iteration_0,4.0,283.0,20.46,38.0,7.7,14.600006103515625,13.297716718378979,189.61442454408083,350.3122165792607
2026-09-23T14:32:42.095178+07:00,full_training:iteration_0,4.0,283.0,20.75,38.0,8.6,14.627681732177734,13.307365746860139,189.7669494813276,350.71562425849896
2026-09-23T14:32:43.094509+07:00,full_training:iteration_0,5.0,283.0,22.28,38.0,8.5,14.627887725830078,13.313834508986336,190.38004761037067,351.6175907955157
2026-09-23T14:32:44.095845+07:00,full_training:iteration_0,2.0,283.0,20.74,38.0,8.0,14.612030029296875,13.313834508986336,190.38004761037067,351.6175907955157
2026-09-23T14:32:45.097681+07:00,full_training:iteration_0,3.0,283.0,21.36,38.0,21.2,14.652790069580078,13.317263891678587,190.77754784358163,352.551333746333
2026-09-23T14:32:46.099310+07:00,full_training:iteration_0,5.0,283.0,21.25,38.0,13.5,14.690498352050781,13.328694110561445,190.95473036431525,353.1217927840566
2026-09-23T14:32:47.076467+07:00,full_training:iteration_0,7.0,283.0,20.39,38.0,10.6,14.601612091064453,13.342539445278275,191.10887317525737,353.27440431821424
2026-09-23T14:32:48.107026+07:00,full_training:iteration_0,5.0,283.0,21.6,38.0,10.5,14.601913452148438,13.342539445278275,191.10887317525737,353.27440431821424
2026-09-23T14:32:49.096457+07:00,full_training:iteration_0,3.0,283.0,20.91,38.0,11.8,14.609817504882812,13.359096949775704,191.24119816330338,353.76033788458903
2026-09-23T14:32:50.093008+07:00,full_training:iteration_0,5.0,283.0,20.88,38.0,12.2,14.671279907226562,13.361490295377015,191.61971352299065,354.4780600095973
2026-09-23T14:32:51.098577+07:00,full_training:iteration_0,2.0,283.0,19.5,38.0,7.6,14.669750213623047,13.361490295377015,191.61971352299065,354.4780600095973
2026-09-23T14:32:52.081672+07:00,full_training:iteration_0,8.0,283.0,18.5,38.0,6.9,14.653522491455078,13.338631236697902,191.18704772600327,353.4925676471225
2026-09-23T14:32:53.078756+07:00,full_training:iteration_0,4.0,283.0,20.28,38.0,7.3,14.63321304321289,13.338631236697902,191.18704772600327,353.4925676471225
2026-09-23T14:32:54.103416+07:00,full_training:iteration_0,1.0,283.0,19.23,38.0,9.8,14.667121887207031,13.338631236697902,191.18704772600327,353.4925676471225
2026-09-23T14:32:55.096089+07:00,full_training:iteration_0,3.0,283.0,20.82,39.0,6.9,14.66790771484375,13.262516047621897,190.79023436709556,352.25019096932397
2026-09-23T14:32:56.091040+07:00,full_training:iteration_0,1.0,283.0,18.74,39.0,9.0,14.650459289550781,13.262516047621897,190.79023436709556,352.25019096932397
2026-09-23T14:32:57.088219+07:00,full_training:iteration_0,1.0,283.0,20.07,38.0,7.7,14.642440795898438,13.224077258016205,190.39716150480092,351.76414893956013
2026-09-23T14:32:58.101876+07:00,full_training:iteration_0,3.0,283.0,18.92,38.0,6.7,14.63015365600586,13.224077258016205,190.39716150480092,351.76414893956013
2026-09-23T14:32:59.116297+07:00,full_training:iteration_0,5.0,283.0,19.62,38.0,8.9,14.560253143310547,13.224077258016205,190.39716150480092,351.76414893956013
2026-09-23T14:33:00.091449+07:00,full_training:iteration_0,5.0,283.0,18.46,38.0,7.7,14.607776641845703,13.167996284115013,190.05076414723553,350.7551854646225
2026-09-23T14:33:01.096780+07:00,full_training:iteration_0,2.0,283.0,18.7,38.0,7.6,14.59857177734375,13.167996284115013,190.05076414723553,350.7551854646225
2026-09-23T14:33:02.091578+07:00,full_training:iteration_0,5.0,283.0,19.25,38.0,8.6,14.577033996582031,13.167996284115013,190.05076414723553,350.7551854646225
2026-09-23T14:33:03.097635+07:00,full_training:iteration_0,11.0,283.0,20.95,39.0,9.2,14.569969177246094,13.123434154746079,189.83663798709347,350.2108037709766
2026-09-23T14:33:04.102790+07:00,full_training:iteration_0,3.0,283.0,19.69,38.0,6.8,14.568275451660156,13.123434154746079,189.83663798709347,350.2108037709766
2026-09-23T14:33:05.097176+07:00,full_training:iteration_0,6.0,283.0,18.85,38.0,7.9,14.566696166992188,13.123434154746079,189.83663798709347,350.2108037709766
2026-09-23T14:33:06.094747+07:00,full_training:iteration_0,10.0,283.0,20.45,38.0,7.1,14.559703826904297,13.058651660710785,189.69844062181434,349.2364184657178
2026-09-23T14:33:07.088838+07:00,full_training:iteration_0,4.0,283.0,18.97,39.0,6.9,14.564613342285156,13.053082878340112,189.39809271506283,348.9274507016834
2026-09-23T14:33:08.080217+07:00,full_training:iteration_0,2.0,283.0,19.43,38.0,8.3,14.572257995605469,13.053082878340112,189.39809271506283,348.9274507016834
2026-09-23T14:33:09.104954+07:00,full_training:iteration_0,5.0,283.0,18.46,38.0,7.5,14.570796966552734,13.053082878340112,189.39809271506283,348.9274507016834
2026-09-23T14:33:10.094236+07:00,full_training:iteration_0,9.0,283.0,17.92,38.0,8.1,14.565162658691406,13.010363853614914,188.80937000062622,347.92470576035254
2026-09-23T14:33:11.112087+07:00,full_training:iteration_0,3.0,283.0,20.05,38.0,10.0,14.604961395263672,13.010363853614914,188.80937000062622,347.92470576035254
2026-09-23T14:33:12.079046+07:00,full_training:iteration_0,1.0,283.0,20.79,39.0,12.2,14.617374420166016,12.976786828057568,188.6263646450249,347.5288729744314
2026-09-23T14:33:13.081436+07:00,full_training:iteration_0,9.0,283.0,22.1,38.0,10.3,14.622634887695312,12.988798661147253,188.8892553684796,347.7820673773044
2026-09-23T14:33:14.079547+07:00,full_training:iteration_0,4.0,283.0,22.06,39.0,12.1,14.613609313964844,13.007793725685737,189.26339870872746,348.2367237391135
2026-09-23T14:33:15.079971+07:00,full_training:iteration_0,4.0,283.0,21.51,39.0,10.8,14.631729125976562,13.007793725685737,189.26339870872746,348.2367237391135
2026-09-23T14:33:16.094939+07:00,full_training:iteration_0,4.0,283.0,22.74,39.0,13.2,14.660667419433594,13.013439393487133,189.78163183576422,349.02667437133243
2026-09-23T14:33:17.093696+07:00,full_training:iteration_0,3.0,283.0,22.23,39.0,9.4,14.662040710449219,13.016924570196602,190.4568907946729,349.7902460693889
2026-09-23T14:33:18.095816+07:00,full_training:iteration_0,5.0,283.0,21.85,39.0,10.8,14.616218566894531,13.016924570196602,190.4568907946729,349.7902460693889
2026-09-23T14:33:19.080584+07:00,full_training:iteration_0,3.0,283.0,20.14,39.0,10.1,14.631675720214844,13.025156887409274,190.85282512919696,350.1230724792915
2026-09-23T14:33:20.078524+07:00,full_training:iteration_0,2.0,283.0,20.76,39.0,8.7,14.631599426269531,13.039658700541292,191.05148110225016,350.6712403943997
2026-09-23T14:33:21.113413+07:00,full_training:iteration_0,3.0,283.0,20.41,39.0,9.1,14.630592346191406,13.039658700541292,191.05148110225016,350.6712403943997
2026-09-23T14:33:22.108673+07:00,full_training:iteration_0,2.0,283.0,18.3,39.0,6.9,14.613784790039062,13.035483626208594,191.10222675453457,350.5866164011247
2026-09-23T14:33:23.102421+07:00,full_training:iteration_0,8.0,283.0,19.0,38.0,8.2,14.618263244628906,13.035483626208594,191.10222675453457,350.5866164011247
2026-09-23T14:33:24.106928+07:00,full_training:iteration_0,8.0,283.0,18.99,38.0,7.9,14.609554290771484,12.997957431596472,190.5547702322831,349.51372839703515
2026-09-23T14:33:25.107088+07:00,full_training:iteration_0,3.0,283.0,19.47,39.0,9.7,14.604816436767578,12.997957431596472,190.5547702322831,349.51372839703515
2026-09-23T14:33:26.099354+07:00,full_training:iteration_0,4.0,283.0,18.51,39.0,8.6,14.60776138305664,12.960517288230617,189.97512879730408,348.97528934363845
2026-09-23T14:33:27.096997+07:00,full_training:iteration_0,4.0,283.0,18.96,39.0,6.9,14.59035873413086,12.960517288230617,189.97512879730408,348.97528934363845
2026-09-23T14:33:28.107533+07:00,full_training:iteration_0,1.0,283.0,18.7,38.0,7.0,14.590461730957031,12.960517288230617,189.97512879730408,348.97528934363845
2026-09-23T14:33:29.078738+07:00,full_training:iteration_0,3.0,283.0,17.79,38.0,7.7,14.588459014892578,12.938434052981123,189.4916605738912,347.9576197981723
2026-09-23T14:33:30.079021+07:00,full_training:iteration_0,4.0,283.0,17.49,38.0,6.8,14.582958221435547,12.938434052981123,189.4916605738912,347.9576197981723
2026-09-23T14:33:31.103332+07:00,full_training:iteration_0,8.0,283.0,19.57,38.0,9.6,14.58203125,12.912132827732924,188.62583836227702,346.82911070492617
2026-09-23T14:33:32.112914+07:00,full_training:iteration_0,7.0,283.0,19.84,39.0,8.2,14.589557647705078,12.912132827732924,188.62583836227702,346.82911070492617
2026-09-23T14:33:33.088130+07:00,full_training:iteration_0,4.0,283.0,17.64,39.0,7.3,14.586017608642578,12.87132484640619,188.15982161889778,346.1046981859147
2026-09-23T14:33:34.089356+07:00,full_training:iteration_0,6.0,283.0,17.48,38.0,7.3,14.585563659667969,12.87132484640619,188.15982161889778,346.1046981859147
2026-09-23T14:33:35.100235+07:00,full_training:iteration_0,5.0,283.0,19.41,39.0,7.7,14.585323333740234,12.87132484640619,188.15982161889778,346.1046981859147
2026-09-23T14:33:36.095316+07:00,full_training:iteration_0,4.0,283.0,19.58,39.0,8.5,14.58596420288086,12.839086753381096,187.6354716359657,345.5205745726827
2026-09-23T14:33:37.106444+07:00,full_training:iteration_0,4.0,283.0,21.14,39.0,7.4,14.581611633300781,12.839086753381096,187.6354716359657,345.5205745726827
2026-09-23T14:33:38.103514+07:00,full_training:iteration_0,4.0,283.0,19.69,39.0,9.4,14.58138656616211,12.792273226292215,187.528940047241,344.7131937805562
2026-09-23T14:33:39.078365+07:00,full_training:iteration_0,5.0,283.0,18.8,39.0,7.6,14.580493927001953,12.792273226292215,187.528940047241,344.7131937805562
2026-09-23T14:33:40.079208+07:00,full_training:iteration_0,6.0,283.0,19.5,39.0,6.8,14.583015441894531,12.792273226292215,187.528940047241,344.7131937805562
2026-09-23T14:33:41.094287+07:00,full_training:iteration_0,1.0,283.0,20.4,39.0,8.0,14.579753875732422,12.792273226292215,187.528940047241,344.7131937805562
2026-09-23T14:33:42.104028+07:00,full_training:iteration_0,4.0,283.0,16.92,39.0,7.9,14.576007843017578,12.792273226292215,187.528940047241,344.7131937805562
2026-09-23T14:33:43.095911+07:00,full_training:iteration_0,7.0,283.0,18.69,39.0,7.6,14.576404571533203,12.792273226292215,187.528940047241,344.7131937805562
2026-09-23T14:33:44.093723+07:00,full_training:iteration_0,4.0,283.0,17.89,39.0,7.3,14.579204559326172,12.792273226292215,187.528940047241,344.7131937805562
2026-09-23T14:33:45.198306+07:00,full_training:iteration_0,1.0,283.0,18.17,38.0,7.0,14.591667175292969,12.569461598285738,184.63910614801833,339.0423724213603
2026-09-23T14:33:46.087698+07:00,full_training:iteration_0,5.0,283.0,16.87,38.0,7.4,14.609832763671875,12.569461598285738,184.63910614801833,339.0423724213603
2026-09-23T14:33:47.105647+07:00,full_training:iteration_0,2.0,283.0,17.22,39.0,7.8,14.607780456542969,12.569461598285738,184.63910614801833,339.0423724213603
2026-09-23T14:33:48.085214+07:00,full_training:iteration_0,4.0,283.0,18.86,39.0,7.6,14.603187561035156,12.542931239893928,184.2500436761732,337.99767546149985
2026-09-23T14:33:49.098859+07:00,full_training:iteration_0,1.0,283.0,17.8,39.0,9.6,14.591846466064453,12.542931239893928,184.2500436761732,337.99767546149985
2026-09-23T14:33:50.096416+07:00,full_training:iteration_0,4.0,283.0,19.98,39.0,9.5,14.585369110107422,12.51338709020241,183.7516557243213,337.54861675821
2026-09-23T14:33:51.096957+07:00,full_training:iteration_0,4.0,283.0,18.32,38.0,9.3,14.587604522705078,12.51338709020241,183.7516557243213,337.54861675821
2026-09-23T14:33:52.100138+07:00,full_training:iteration_0,4.0,283.0,19.04,39.0,9.8,14.585041046142578,12.502202851186453,183.16650985080608,336.9959540456384
2026-09-23T14:33:53.109868+07:00,full_training:iteration_0,6.0,283.0,19.72,39.0,18.3,14.641429901123047,12.502202851186453,183.16650985080608,336.9959540456384
2026-09-23T14:33:54.100764+07:00,full_training:iteration_0,3.0,283.0,18.57,39.0,9.6,14.64072036743164,12.502202851186453,183.16650985080608,336.9959540456384
2026-09-23T14:33:55.079737+07:00,full_training:iteration_0,10.0,283.0,18.66,39.0,7.4,14.65585708618164,12.466846610010274,182.87152841075854,336.68430406141965
2026-09-23T14:33:56.080051+07:00,full_training:iteration_0,4.0,283.0,19.13,39.0,9.8,14.656929016113281,12.466846610010274,182.87152841075854,336.68430406141965
2026-09-23T14:33:57.097012+07:00,full_training:iteration_0,2.0,283.0,20.62,39.0,10.0,14.65958023071289,12.426840383254783,182.45632619296865,335.8793099393037
2026-09-23T14:33:58.112191+07:00,full_training:iteration_0,4.0,283.0,17.41,39.0,11.2,14.666259765625,12.426840383254783,182.45632619296865,335.8793099393037
2026-09-23T14:33:59.102316+07:00,full_training:iteration_0,4.0,283.0,18.82,39.0,8.6,14.663288116455078,12.426840383254783,182.45632619296865,335.8793099393037
2026-09-23T14:34:00.087323+07:00,full_training:iteration_0,4.0,283.0,17.44,39.0,7.5,14.662174224853516,12.385868021604175,181.6062867274482,334.49058727081723
2026-09-23T14:34:01.091785+07:00,full_training:iteration_0,4.0,283.0,18.24,39.0,8.7,14.659080505371094,12.385868021604175,181.6062867274482,334.49058727081723
2026-09-23T14:34:02.108730+07:00,full_training:iteration_0,1.0,283.0,21.28,39.0,13.2,14.660377502441406,12.371284505562462,181.34091792755024,334.2069638615003
2026-09-23T14:34:03.114173+07:00,full_training:iteration_0,4.0,283.0,17.17,39.0,12.1,14.723918914794922,12.371284505562462,181.34091792755024,334.2069638615003
2026-09-23T14:34:04.097192+07:00,full_training:iteration_0,3.0,283.0,19.8,40.0,10.4,14.732154846191406,12.348948991752653,180.8378902953317,333.33256785670807
2026-09-23T14:34:05.083420+07:00,full_training:iteration_0,3.0,283.0,21.0,39.0,8.1,14.725200653076172,12.367972617224252,180.85940818847666,333.66008806854717
2026-09-23T14:34:06.082447+07:00,full_training:iteration_0,3.0,283.0,20.99,39.0,7.8,14.725421905517578,12.367972617224252,180.85940818847666,333.66008806854717
2026-09-23T14:34:07.097797+07:00,full_training:iteration_0,5.0,283.0,19.5,39.0,11.8,14.639152526855469,12.387368804005595,180.93816699717505,334.05784290878324
2026-09-23T14:34:08.096224+07:00,full_training:iteration_0,2.0,283.0,22.15,39.0,19.4,14.64859390258789,12.393450506745403,181.29679779203963,334.84636326471184
2026-09-23T14:34:09.086345+07:00,full_training:iteration_0,4.0,283.0,22.05,39.0,8.1,14.645240783691406,12.393450506745403,181.29679779203963,334.84636326471184
2026-09-23T14:34:10.095073+07:00,full_training:iteration_0,6.0,283.0,22.79,39.0,7.5,14.601760864257812,12.401581107172307,181.7504359477783,335.5739151947827
2026-09-23T14:34:11.092908+07:00,full_training:iteration_0,3.0,283.0,20.9,39.0,10.5,14.624942779541016,12.415363599305431,182.17943159450292,336.33686295254535
2026-09-23T14:34:12.079608+07:00,full_training:iteration_0,2.0,283.0,21.15,39.0,12.5,14.627056121826172,12.429056271741619,182.08857836612492,336.6560898426949
2026-09-23T14:34:13.100644+07:00,full_training:iteration_0,4.0,283.0,22.15,40.0,8.4,14.6317138671875,12.435306615086834,182.57054463187137,337.52314085116615
2026-09-23T14:34:14.096856+07:00,full_training:iteration_0,6.0,283.0,22.02,40.0,9.1,14.611640930175781,12.435306615086834,182.57054463187137,337.52314085116615
2026-09-23T14:34:15.088579+07:00,full_training:iteration_0,2.0,283.0,21.35,40.0,7.7,14.608631134033203,12.43905100757699,182.74751164302984,338.146387529123
2026-09-23T14:34:16.093228+07:00,full_training:iteration_0,5.0,283.0,20.82,40.0,8.0,14.608318328857422,12.43905100757699,182.74751164302984,338.146387529123
2026-09-23T14:34:17.079743+07:00,full_training:iteration_0,2.0,283.0,20.24,39.0,7.4,14.598304748535156,12.439621502420383,183.05447632536354,338.75038416210896
2026-09-23T14:34:18.093671+07:00,full_training:iteration_0,7.0,283.0,21.74,39.0,10.4,14.590709686279297,12.449318250759687,183.0563745541751,339.58370877169693
2026-09-23T14:34:19.094918+07:00,full_training:iteration_0,4.0,283.0,21.63,39.0,10.3,14.585918426513672,12.455863203278346,183.29741159070906,340.2014746906359
2026-09-23T14:34:20.102269+07:00,full_training:iteration_0,2.0,283.0,21.27,39.0,11.5,14.575675964355469,12.455863203278346,183.29741159070906,340.2014746906359
2026-09-23T14:34:21.097818+07:00,full_training:iteration_0,1.0,283.0,17.05,39.0,10.9,14.598026275634766,12.45623092421194,183.41516939744713,340.55052250638073
2026-09-23T14:34:22.098792+07:00,full_training:iteration_0,4.0,283.0,19.57,39.0,14.6,14.596176147460938,12.45623092421194,183.41516939744713,340.55052250638073
2026-09-23T14:34:23.092625+07:00,full_training:iteration_0,1.0,283.0,18.53,39.0,12.1,14.595664978027344,12.45623092421194,183.41516939744713,340.55052250638073
2026-09-23T14:34:24.100290+07:00,full_training:iteration_0,8.0,283.0,18.26,39.0,12.6,14.600299835205078,12.421927518077634,183.1672230748212,339.6104396407284
2026-09-23T14:34:25.092855+07:00,full_training:iteration_0,3.0,283.0,17.58,39.0,11.1,14.602413177490234,12.421927518077634,183.1672230748212,339.6104396407284
2026-09-23T14:34:26.093201+07:00,full_training:iteration_0,3.0,283.0,17.97,40.0,12.6,14.605628967285156,12.398958094436392,182.42944491784823,338.56695504760665
2026-09-23T14:34:27.093492+07:00,full_training:iteration_0,4.0,283.0,18.07,40.0,9.5,14.592414855957031,12.398958094436392,182.42944491784823,338.56695504760665
2026-09-23T14:34:28.093131+07:00,full_training:iteration_0,1.0,283.0,20.0,39.0,8.6,14.590404510498047,12.398958094436392,182.42944491784823,338.56695504760665
2026-09-23T14:34:29.101696+07:00,full_training:iteration_0,1.0,283.0,19.37,39.0,8.8,14.587745666503906,12.368803532406991,182.10705918284867,338.0122224522038
2026-09-23T14:34:30.101925+07:00,full_training:iteration_0,6.0,283.0,18.98,39.0,7.5,14.588085174560547,12.368803532406991,182.10705918284867,338.0122224522038
2026-09-23T14:34:31.102856+07:00,full_training:iteration_0,4.0,283.0,18.48,39.0,8.4,14.583648681640625,12.344364845031226,181.58340251954414,337.27670412750047
2026-09-23T14:34:32.098546+07:00,full_training:iteration_0,4.0,283.0,18.71,39.0,16.4,14.596378326416016,12.344364845031226,181.58340251954414,337.27670412750047
2026-09-23T14:34:33.082398+07:00,full_training:iteration_0,8.0,283.0,19.84,39.0,9.0,14.591392517089844,12.312943637972403,181.24379414125644,336.6440876912575
2026-09-23T14:34:34.096055+07:00,full_training:iteration_0,3.0,283.0,19.04,39.0,8.7,14.591407775878906,12.312943637972403,181.24379414125644,336.6440876912575
2026-09-23T14:34:35.096765+07:00,full_training:iteration_0,3.0,283.0,17.8,39.0,9.6,14.594406127929688,12.312943637972403,181.24379414125644,336.6440876912575
2026-09-23T14:34:36.093812+07:00,full_training:iteration_0,3.0,283.0,19.34,40.0,8.5,14.589569091796875,12.295373893151881,180.80184096952055,335.87860430463024
2026-09-23T14:34:37.091229+07:00,full_training:iteration_0,4.0,283.0,19.16,39.0,8.8,14.591205596923828,12.295373893151881,180.80184096952055,335.87860430463024
2026-09-23T14:34:38.085834+07:00,full_training:iteration_0,7.0,283.0,18.34,39.0,8.5,14.591251373291016,12.270186769987536,180.5312038931404,335.37609609862403
2026-09-23T14:34:39.105204+07:00,full_training:iteration_0,6.0,283.0,20.43,39.0,9.3,14.583904266357422,12.270186769987536,180.5312038931404,335.37609609862403
2026-09-23T14:34:40.092208+07:00,full_training:iteration_0,4.0,283.0,17.85,39.0,9.3,14.627696990966797,12.270186769987536,180.5312038931404,335.37609609862403
2026-09-23T14:34:41.131313+07:00,full_training:iteration_0,10.0,283.0,19.38,39.0,12.4,14.653549194335938,12.232377631248154,180.10834792535795,334.8479249606471
2026-09-23T14:34:42.103436+07:00,full_training:iteration_0,2.0,283.0,19.86,39.0,16.9,14.673675537109375,12.232377631248154,180.10834792535795,334.8479249606471
2026-09-23T14:34:43.108178+07:00,full_training:iteration_0,1.0,283.0,18.74,40.0,15.6,14.801994323730469,12.208678642743497,179.75546628706658,334.2032480688478
2026-09-23T14:34:44.106456+07:00,full_training:iteration_0,3.0,283.0,18.43,39.0,23.4,15.041545867919922,12.208678642743497,179.75546628706658,334.2032480688478
2026-09-23T14:34:45.117491+07:00,full_training:iteration_0,3.0,283.0,18.7,40.0,24.0,15.292743682861328,12.208678642743497,179.75546628706658,334.2032480688478
2026-09-23T14:34:46.095047+07:00,full_training:iteration_0,3.0,283.0,17.69,39.0,12.0,15.257011413574219,12.171422436362764,179.303574217418,333.3461549565848
2026-09-23T14:34:47.098421+07:00,full_training:iteration_0,4.0,283.0,19.52,39.0,9.2,15.11929702758789,12.171422436362764,179.303574217418,333.3461549565848
2026-09-23T14:34:48.095144+07:00,full_training:iteration_0,4.0,283.0,18.39,39.0,11.1,15.093425750732422,12.171422436362764,179.303574217418,333.3461549565848
2026-09-23T14:34:49.105221+07:00,full_training:iteration_0,10.0,283.0,19.25,39.0,8.4,14.96500015258789,12.146668172387411,179.2685215009168,333.04218558459536
2026-09-23T14:34:50.095900+07:00,full_training:iteration_0,3.0,283.0,18.18,39.0,8.5,14.950267791748047,12.146668172387411,179.2685215009168,333.04218558459536
2026-09-23T14:34:51.107555+07:00,full_training:iteration_0,2.0,283.0,20.5,40.0,9.9,14.947959899902344,12.119661209828891,178.9530665534045,332.58544436368805
2026-09-23T14:34:52.096166+07:00,full_training:iteration_0,4.0,283.0,18.24,40.0,6.6,14.946121215820312,12.119661209828891,178.9530665534045,332.58544436368805
2026-09-23T14:34:53.079629+07:00,full_training:iteration_0,1.0,283.0,19.8,39.0,6.9,14.944526672363281,12.119661209828891,178.9530665534045,332.58544436368805
2026-09-23T14:34:54.101621+07:00,full_training:iteration_0,1.0,283.0,18.27,39.0,9.8,14.917160034179688,12.096531616050353,178.70938178261514,332.12766752763827
2026-09-23T14:34:55.108158+07:00,full_training:iteration_0,4.0,283.0,18.8,40.0,11.7,14.87252426147461,12.096531616050353,178.70938178261514,332.12766752763827
2026-09-23T14:34:56.101435+07:00,full_training:iteration_0,5.0,283.0,19.12,40.0,16.1,14.914985656738281,12.076489150403482,178.3707769300193,331.26996744900595
2026-09-23T14:34:57.112925+07:00,full_training:iteration_0,1.0,283.0,19.02,40.0,9.7,14.906181335449219,12.076489150403482,178.3707769300193,331.26996744900595
2026-09-23T14:34:58.107530+07:00,full_training:iteration_0,4.0,283.0,19.52,40.0,9.1,14.898597717285156,12.055020340906568,178.04495574135538,330.73846019557874
2026-09-23T14:34:59.079855+07:00,full_training:iteration_0,1.0,283.0,19.15,40.0,10.0,14.89725112915039,12.055020340906568,178.04495574135538,330.73846019557874
2026-09-23T14:35:00.098569+07:00,full_training:iteration_0,1.0,283.0,18.67,39.0,9.9,14.89251708984375,12.03634182566572,177.72729736012127,330.65259035659324
2026-09-23T14:35:01.095852+07:00,full_training:iteration_0,2.0,283.0,20.43,40.0,13.3,14.895771026611328,12.03634182566572,177.72729736012127,330.65259035659324
2026-09-23T14:35:02.092225+07:00,full_training:iteration_0,4.0,283.0,18.45,39.0,9.3,14.900325775146484,12.033120857474747,177.41491228807598,330.6188807749417
2026-09-23T14:35:03.095441+07:00,full_training:iteration_0,3.0,283.0,16.5,39.0,8.4,14.874435424804688,12.033120857474747,177.41491228807598,330.6188807749417
2026-09-23T14:35:04.106685+07:00,full_training:iteration_0,6.0,283.0,19.37,39.0,8.7,14.879169464111328,12.033120857474747,177.41491228807598,330.6188807749417
2026-09-23T14:35:05.083062+07:00,full_training:iteration_0,4.0,283.0,19.36,39.0,6.9,14.867568969726562,12.00207961041665,176.95503089475642,329.8050447568273
2026-09-23T14:35:06.100548+07:00,full_training:iteration_0,1.0,283.0,18.2,39.0,7.4,14.866569519042969,12.00207961041665,176.95503089475642,329.8050447568273
2026-09-23T14:35:07.091153+07:00,full_training:iteration_0,8.0,283.0,21.0,40.0,7.6,14.863933563232422,11.991864284748726,176.77964787130102,329.42755043820915
2026-09-23T14:35:08.108510+07:00,full_training:iteration_0,4.0,283.0,16.86,39.0,6.3,14.863800048828125,11.991864284748726,176.77964787130102,329.42755043820915
2026-09-23T14:35:09.152276+07:00,full_training:iteration_0,7.0,283.0,18.73,39.0,8.0,14.896560668945312,11.97266866027942,176.4596759107224,329.20847926214975
2026-09-23T14:35:10.112291+07:00,full_training:iteration_0,1.0,283.0,17.35,39.0,7.8,14.903118133544922,11.97266866027942,176.4596759107224,329.20847926214975
2026-09-23T14:35:11.103129+07:00,full_training:iteration_0,1.0,283.0,16.19,39.0,9.2,14.903457641601562,11.97266866027942,176.4596759107224,329.20847926214975
2026-09-23T14:35:12.104245+07:00,full_training:iteration_0,8.0,283.0,18.88,39.0,8.1,14.896614074707031,11.96092991227967,176.06141417973657,328.67990203555075
2026-09-23T14:35:13.094896+07:00,full_training:iteration_0,3.0,283.0,19.82,40.0,15.9,14.92824935913086,11.96092991227967,176.06141417973657,328.67990203555075
2026-09-23T14:35:14.098185+07:00,full_training:iteration_0,6.0,283.0,19.35,40.0,11.0,14.901935577392578,11.93187414511165,175.92858153256253,328.10928214779847
2026-09-23T14:35:15.103222+07:00,full_training:iteration_0,7.0,283.0,20.25,40.0,14.7,14.97967529296875,11.93187414511165,175.92858153256253,328.10928214779847
2026-09-23T14:35:16.103245+07:00,full_training:iteration_0,1.0,283.0,19.36,39.0,16.1,14.986625671386719,11.93187414511165,175.92858153256253,328.10928214779847
2026-09-23T14:35:17.080249+07:00,full_training:iteration_0,6.0,283.0,19.42,39.0,14.3,14.987884521484375,11.902461432792611,175.61518558873658,327.6532114627624
2026-09-23T14:35:18.081869+07:00,full_training:iteration_0,5.0,283.0,19.83,40.0,9.6,14.983467102050781,11.902461432792611,175.61518558873658,327.6532114627624
2026-09-23T14:35:19.086407+07:00,full_training:iteration_0,3.0,283.0,18.68,39.0,14.0,14.990642547607422,11.879175016082387,175.34684711751282,327.18850694910526
2026-09-23T14:35:20.080309+07:00,full_training:iteration_0,4.0,283.0,19.5,39.0,13.4,14.980907440185547,11.879175016082387,175.34684711751282,327.18850694910526
2026-09-23T14:35:21.082806+07:00,full_training:iteration_0,5.0,283.0,20.03,40.0,10.1,14.968955993652344,11.879175016082387,175.34684711751282,327.18850694910526
2026-09-23T14:35:22.103775+07:00,full_training:iteration_0,2.0,283.0,20.85,40.0,8.5,14.970718383789062,11.85346866282397,175.1821714603517,326.89447496831195
2026-09-23T14:35:23.079704+07:00,full_training:iteration_0,1.0,283.0,18.04,40.0,7.4,14.907657623291016,11.85346866282397,175.1821714603517,326.89447496831195
2026-09-23T14:35:24.103721+07:00,full_training:iteration_0,4.0,283.0,19.13,40.0,12.0,14.888675689697266,11.845184119596336,174.88258724865005,326.2240748384763
2026-09-23T14:35:25.095396+07:00,full_training:iteration_0,4.0,283.0,17.99,39.0,8.9,14.89105224609375,11.845184119596336,174.88258724865005,326.2240748384763
2026-09-23T14:35:26.101850+07:00,full_training:iteration_0,1.0,283.0,21.17,40.0,12.0,14.869876861572266,11.834926018738964,174.60828198861375,325.80305547902185
2026-09-23T14:35:27.103423+07:00,full_training:iteration_0,1.0,283.0,19.42,40.0,11.0,14.863990783691406,11.834926018738964,174.60828198861375,325.80305547902185
2026-09-23T14:35:28.080990+07:00,full_training:iteration_0,7.0,283.0,19.97,40.0,12.2,14.851631164550781,11.834926018738964,174.60828198861375,325.80305547902185
2026-09-23T14:35:29.080092+07:00,full_training:iteration_0,4.0,283.0,19.81,40.0,9.9,14.855052947998047,11.814120771112231,174.5631619099341,325.56953865327546
2026-09-23T14:35:30.106673+07:00,full_training:iteration_0,2.0,283.0,19.14,40.0,8.5,14.857044219970703,11.814120771112231,174.5631619099341,325.56953865327546
2026-09-23T14:35:31.079843+07:00,full_training:iteration_0,2.0,283.0,19.23,40.0,8.3,14.855445861816406,11.79896505401424,174.430402651935,325.3671230798529
2026-09-23T14:35:32.099287+07:00,full_training:iteration_0,5.0,283.0,19.95,40.0,8.5,14.858795166015625,11.79896505401424,174.430402651935,325.3671230798529
2026-09-23T14:35:33.100631+07:00,full_training:iteration_0,6.0,283.0,21.3,40.0,7.8,14.853496551513672,11.79896505401424,174.430402651935,325.3671230798529
2026-09-23T14:35:34.097775+07:00,full_training:iteration_0,4.0,283.0,20.36,40.0,8.0,14.85324478149414,11.79896505401424,174.430402651935,325.3671230798529
2026-09-23T14:35:35.103562+07:00,full_training:iteration_0,7.0,283.0,20.1,40.0,6.9,14.853324890136719,11.79896505401424,174.430402651935,325.3671230798529
2026-09-23T14:35:36.090532+07:00,full_training:iteration_0,8.0,283.0,18.95,40.0,7.4,14.853824615478516,11.79896505401424,174.430402651935,325.3671230798529
2026-09-23T14:35:37.100960+07:00,full_training:iteration_0,4.0,283.0,20.02,40.0,7.5,14.853748321533203,11.79896505401424,174.430402651935,325.3671230798529
2026-09-23T14:35:38.102144+07:00,full_training:iteration_0,1.0,283.0,19.73,40.0,8.5,14.852226257324219,11.79896505401424,174.430402651935,325.3671230798529
2026-09-23T14:35:39.096786+07:00,full_training:iteration_1,4.0,283.0,15.39,39.0,15.2,15.108867645263672,0.0,0.0,0.0
2026-09-23T14:35:40.076067+07:00,full_training:iteration_1,0.0,283.0,12.79,39.0,48.3,17.436676025390625,0.0,0.0,0.0
2026-09-23T14:35:41.079138+07:00,full_training:iteration_1,0.0,283.0,18.76,41.0,42.9,17.71979522705078,0.0,0.0,0.0
2026-09-23T14:35:42.091400+07:00,full_training:iteration_1,3.0,283.0,28.29,41.0,18.2,17.682430267333984,7.905423935028398,186.56800486667018,305.5446350888476
2026-09-23T14:35:43.080872+07:00,full_training:iteration_1,4.0,285.0,26.57,41.0,19.2,17.673622131347656,11.831384433126455,302.88344148803725,493.96030008302955
2026-09-23T14:35:44.095963+07:00,full_training:iteration_1,5.0,285.0,25.68,40.0,20.0,17.66669464111328,15.595743968151163,408.21859836635673,613.8874719463502
2026-09-23T14:35:45.079091+07:00,full_training:iteration_1,6.0,285.0,28.37,41.0,23.2,17.66875457763672,16.809059289528022,446.6167053227595,673.2028245455972
2026-09-23T14:35:46.079191+07:00,full_training:iteration_1,6.0,285.0,28.17,41.0,22.2,17.657318115234375,17.94582487461918,465.0959613338804,719.3284803909854
2026-09-23T14:35:47.095998+07:00,full_training:iteration_1,5.0,285.0,27.7,41.0,22.3,17.653568267822266,18.394551166022673,489.5578403185748,744.9793222239182
2026-09-23T14:35:48.078261+07:00,full_training:iteration_1,5.0,301.0,26.33,41.0,25.2,17.65359878540039,18.574010093455588,511.9461532008696,766.177916355043
2026-09-23T14:35:49.080854+07:00,full_training:iteration_1,4.0,301.0,25.81,41.0,26.3,17.653663635253906,18.818690376162614,514.58663350818,788.5031267612135
2026-09-23T14:35:50.079453+07:00,full_training:iteration_1,6.0,301.0,22.83,40.0,18.9,17.706092834472656,18.87500514813969,528.7832692251334,800.5833433583449
2026-09-23T14:35:51.079084+07:00,full_training:iteration_1,6.0,301.0,26.32,40.0,29.0,17.708816528320312,19.000155835808734,531.7452703685199,801.8065762711285
2026-09-23T14:35:52.078073+07:00,full_training:iteration_1,5.0,301.0,26.17,41.0,24.7,17.699554443359375,19.240264177805017,529.8287747963057,818.8335763004185
2026-09-23T14:35:53.078993+07:00,full_training:iteration_1,5.0,301.0,26.81,41.0,23.1,17.704002380371094,19.27444538060785,540.499927961584,823.7601425742863
2026-09-23T14:35:54.083247+07:00,full_training:iteration_1,5.0,301.0,26.12,41.0,22.1,17.70180892944336,19.1355287078844,547.7545092631909,830.8919929659234
2026-09-23T14:35:55.096779+07:00,full_training:iteration_1,6.0,301.0,28.06,41.0,21.6,17.691463470458984,19.1355287078844,547.7545092631909,830.8919929659234
2026-09-23T14:35:56.095502+07:00,full_training:iteration_1,3.0,319.0,26.07,42.0,27.3,17.69293212890625,18.91873441866734,559.8053514483667,836.7125608895943
2026-09-23T14:35:57.077210+07:00,full_training:iteration_1,3.0,319.0,25.62,42.0,22.8,17.68415069580078,18.964827978232904,563.907306915269,855.8471276051918
2026-09-23T14:35:58.128905+07:00,full_training:iteration_1,3.0,319.0,25.87,42.0,26.5,17.68283462524414,19.130288107860526,570.6139825061287,870.3218295292769
2026-09-23T14:35:59.075814+07:00,full_training:iteration_1,4.0,319.0,26.98,42.0,25.7,17.67623519897461,19.130288107860526,570.6139825061287,870.3218295292769
2026-09-23T14:36:00.078946+07:00,full_training:iteration_1,4.0,319.0,26.67,42.0,24.6,17.676025390625,19.079658336755653,578.1136476036962,884.8944698078463
2026-09-23T14:36:01.078247+07:00,full_training:iteration_1,2.0,319.0,19.91,41.0,14.0,17.69918441772461,18.851943948855673,581.064042363604,887.2196120930201
2026-09-23T14:36:02.114259+07:00,full_training:iteration_1,6.0,319.0,27.6,41.0,22.1,17.695911407470703,18.732292297207316,586.4545509904261,894.6453599754321
2026-09-23T14:36:03.108783+07:00,full_training:iteration_1,4.0,319.0,25.41,41.0,25.8,17.68016815185547,18.832197298159628,588.0781610834392,904.459075692521
2026-09-23T14:36:04.096008+07:00,full_training:iteration_1,5.0,319.0,26.72,41.0,24.6,17.679824829101562,18.871386320807318,593.4230502836475,911.9802563294494
2026-09-23T14:36:05.079189+07:00,full_training:iteration_1,5.0,319.0,25.49,41.0,29.6,17.673267364501953,18.96483565854722,592.8486647010437,907.8229769300822
2026-09-23T14:36:06.081342+07:00,full_training:iteration_1,6.0,319.0,25.13,42.0,27.1,17.668704986572266,19.035509780321252,589.110956681382,903.4633651936073
2026-09-23T14:36:07.112335+07:00,full_training:iteration_1,6.0,319.0,27.32,41.0,23.7,17.661029815673828,19.018423538247276,592.4970409992421,908.312593408406
2026-09-23T14:36:08.103970+07:00,full_training:iteration_1,5.0,319.0,25.38,41.0,24.5,17.667469024658203,19.060420321766482,592.6025866335879,915.9237906102194
2026-09-23T14:36:09.080123+07:00,full_training:iteration_1,5.0,319.0,27.75,42.0,26.1,17.656524658203125,19.060420321766482,592.6025866335879,915.9237906102194
2026-09-23T14:36:10.079798+07:00,full_training:iteration_1,4.0,319.0,25.77,42.0,25.5,17.650604248046875,18.951884120715828,595.9013849956506,918.455684200191
2026-09-23T14:36:11.080644+07:00,full_training:iteration_1,4.0,319.0,26.46,42.0,31.4,17.643157958984375,19.015981138779352,593.7576179711967,918.2423857824023
2026-09-23T14:36:12.081729+07:00,full_training:iteration_1,2.0,319.0,20.56,41.0,25.3,17.713001251220703,18.915608934486777,594.0446985875571,914.9164781462345
2026-09-23T14:36:13.082666+07:00,full_training:iteration_1,4.0,319.0,25.63,41.0,27.9,17.71343231201172,18.881770451315607,589.7507819189141,912.385420888652
2026-09-23T14:36:14.082281+07:00,full_training:iteration_1,6.0,319.0,25.76,41.0,28.2,17.69916534423828,18.935449950592965,587.9457209659115,911.3277021533819
2026-09-23T14:36:15.081290+07:00,full_training:iteration_1,6.0,319.0,24.5,41.0,26.7,17.706100463867188,18.948492891745406,584.0729384691948,906.5705455191586
2026-09-23T14:36:16.080120+07:00,full_training:iteration_1,6.0,319.0,26.1,42.0,31.4,17.703224182128906,18.993738228206904,582.5491242462988,905.6661298696774
2026-09-23T14:36:17.105569+07:00,full_training:iteration_1,6.0,319.0,26.45,41.0,25.0,17.684894561767578,18.945201084385623,583.1874185233448,903.4695751413727
2026-09-23T14:36:18.093724+07:00,full_training:iteration_1,5.0,319.0,26.51,42.0,29.3,17.73306655883789,18.945201084385623,583.1874185233448,903.4695751413727
2026-09-23T14:36:19.079177+07:00,full_training:iteration_1,3.0,319.0,26.09,42.0,29.0,17.849655151367188,18.85578414079578,580.9676602491855,901.830253711727
2026-09-23T14:36:20.080263+07:00,full_training:iteration_1,3.0,319.0,25.72,42.0,29.9,17.898269653320312,18.83030683739014,579.6680942645235,901.2083066932556
2026-09-23T14:36:21.077876+07:00,full_training:iteration_1,4.0,319.0,26.75,42.0,24.8,17.891536712646484,18.819604399764874,579.8914418864392,903.365773826082
2026-09-23T14:36:22.079796+07:00,full_training:iteration_1,2.0,319.0,24.3,42.0,22.8,17.88364028930664,18.795549342143268,575.625747032203,900.5959757862339
2026-09-23T14:36:23.080443+07:00,full_training:iteration_1,6.0,319.0,21.75,41.0,18.5,17.915634155273438,18.846718147729508,574.754228312696,901.2029450290556
2026-09-23T14:36:24.081343+07:00,full_training:iteration_1,5.0,319.0,26.78,42.0,25.5,17.89529800415039,18.86628403851889,576.1349007421361,901.5092774162022
2026-09-23T14:36:25.079034+07:00,full_training:iteration_1,6.0,319.0,25.95,42.0,28.8,17.860416412353516,18.90983776749111,575.0616735363814,901.1663281790911
2026-09-23T14:36:26.078894+07:00,full_training:iteration_1,6.0,319.0,25.88,41.0,25.6,17.85134506225586,18.941833417972585,575.6995835801946,900.3978489845572
2026-09-23T14:36:27.097309+07:00,full_training:iteration_1,5.0,319.0,27.91,42.0,24.1,17.85390853881836,18.885325023020172,578.5991453927805,902.2034817815546
2026-09-23T14:36:28.078831+07:00,full_training:iteration_1,5.0,319.0,27.36,42.0,24.5,17.83251190185547,18.885325023020172,578.5991453927805,902.2034817815546
2026-09-23T14:36:29.093802+07:00,full_training:iteration_1,3.0,319.0,25.75,42.0,31.2,17.835033416748047,18.829965449679893,579.60725872498,901.1603020540138
2026-09-23T14:36:30.080601+07:00,full_training:iteration_1,3.0,319.0,26.7,43.0,29.5,17.833431243896484,18.834462263183216,578.3612971708576,899.7754901403973
2026-09-23T14:36:31.081282+07:00,full_training:iteration_1,2.0,319.0,26.71,43.0,26.3,17.826412200927734,18.82339292216596,580.221074382722,901.179948591739
2026-09-23T14:36:32.097172+07:00,full_training:iteration_1,4.0,319.0,27.15,43.0,27.5,17.801502227783203,18.828058187387487,582.4930501723004,901.8443746152489
2026-09-23T14:36:33.082228+07:00,full_training:iteration_1,5.0,319.0,26.71,43.0,27.8,17.791893005371094,18.8341787855551,583.9171980015517,904.924634996579
2026-09-23T14:36:34.081678+07:00,full_training:iteration_1,6.0,319.0,26.4,43.0,32.4,17.835643768310547,18.8341787855551,583.9171980015517,904.924634996579
2026-09-23T14:36:35.087216+07:00,full_training:iteration_1,6.0,319.0,26.34,43.0,30.7,17.83206558227539,18.8341787855551,583.9171980015517,904.924634996579
2026-09-23T14:36:36.080135+07:00,full_training:iteration_1,5.0,319.0,21.0,41.0,24.0,17.900672912597656,18.162992372348704,564.2696840317572,871.5693519795249
2026-09-23T14:36:37.081144+07:00,full_training:iteration_1,6.0,319.0,27.06,42.0,25.6,17.896167755126953,18.17738034130429,565.191781886731,874.2785315333796
2026-09-23T14:36:38.112416+07:00,full_training:iteration_1,6.0,319.0,24.78,42.0,24.8,17.87987518310547,18.192601782944696,563.7432477489988,873.052463831718
2026-09-23T14:36:39.097578+07:00,full_training:iteration_1,5.0,319.0,26.62,43.0,24.9,17.87857437133789,18.19977405395431,564.399030850553,872.7993530742581
2026-09-23T14:36:40.082172+07:00,full_training:iteration_1,4.0,319.0,27.18,43.0,27.3,17.86453628540039,18.19977405395431,564.399030850553,872.7993530742581
2026-09-23T14:36:41.080223+07:00,full_training:iteration_1,3.0,319.0,25.84,43.0,24.5,17.86493682861328,18.1714747887233,566.0919159875884,873.8123811829222
2026-09-23T14:36:42.099525+07:00,full_training:iteration_1,3.0,319.0,26.03,43.0,24.9,17.89250946044922,18.148280279867954,567.1172603092555,875.0275829121424
2026-09-23T14:36:43.082516+07:00,full_training:iteration_1,5.0,319.0,26.69,43.0,30.1,17.85782241821289,18.17577919067659,568.2202969485269,875.8291313764508
2026-09-23T14:36:44.081877+07:00,full_training:iteration_1,5.0,319.0,30.61,43.0,25.3,17.8304443359375,18.18958853036113,568.8394918385129,876.482874692805
2026-09-23T14:36:45.091197+07:00,full_training:iteration_1,5.0,319.0,30.66,43.0,26.3,17.9169921875,18.179081546202067,569.4283861907346,879.3503833094346
2026-09-23T14:36:46.074870+07:00,full_training:iteration_1,5.0,319.0,26.64,42.0,27.6,17.918975830078125,18.197718276940936,570.8377474753972,881.3864364099393
2026-09-23T14:36:47.151324+07:00,full_training:iteration_1,6.0,319.0,24.22,42.0,19.2,17.96792984008789,18.209698803348807,571.4051737000827,883.7015081775148
2026-09-23T14:36:48.076170+07:00,full_training:iteration_1,3.0,319.0,24.87,43.0,29.3,17.940547943115234,18.209698803348807,571.4051737000827,883.7015081775148
2026-09-23T14:36:49.096258+07:00,full_training:iteration_1,4.0,319.0,26.81,43.0,28.3,17.943645477294922,18.240006739119863,571.2859815643517,884.1768512662373
2026-09-23T14:36:50.077397+07:00,full_training:iteration_1,4.0,319.0,26.34,43.0,29.7,17.958702087402344,18.27506226564834,571.979973007913,887.1953211834668
2026-09-23T14:36:51.078933+07:00,full_training:iteration_1,4.0,319.0,27.08,43.0,30.3,17.922012329101562,18.30029582864426,572.334490018695,889.2781849176434
2026-09-23T14:36:52.089787+07:00,full_training:iteration_1,3.0,319.0,25.97,43.0,28.2,17.873477935791016,18.267749102730996,572.7938361235223,889.4823928341478
2026-09-23T14:36:53.080206+07:00,full_training:iteration_1,2.0,319.0,25.58,43.0,28.0,17.856212615966797,18.30673388604403,570.6913057429387,887.1443241176936
2026-09-23T14:36:54.095597+07:00,full_training:iteration_1,2.0,319.0,26.1,43.0,27.7,17.85452651977539,18.302602932545856,569.6269194506431,884.6119427981008
2026-09-23T14:36:55.078761+07:00,full_training:iteration_1,4.0,319.0,25.71,43.0,25.9,17.852184295654297,18.30642469917553,568.892639793334,885.0063421173807
2026-09-23T14:36:56.079203+07:00,full_training:iteration_1,5.0,319.0,26.89,43.0,27.7,17.852092742919922,18.32876313486282,568.5555370371014,886.2361286657679
2026-09-23T14:36:57.082580+07:00,full_training:iteration_1,4.0,319.0,26.02,43.0,27.3,17.849163055419922,18.340173863782958,567.6018011219611,884.5545594388885
2026-09-23T14:36:58.079093+07:00,full_training:iteration_1,6.0,319.0,22.23,42.0,16.5,17.89419937133789,18.366526956342426,567.5781587422848,886.5916130261268
2026-09-23T14:36:59.081190+07:00,full_training:iteration_1,6.0,319.0,26.78,42.0,24.6,17.89129638671875,18.364487077693482,567.2686596400488,884.7544295487088
2026-09-23T14:37:00.079241+07:00,full_training:iteration_1,5.0,319.0,25.82,43.0,26.4,17.889686584472656,18.393380516648552,567.2441912248928,886.1905186559444
2026-09-23T14:37:01.082896+07:00,full_training:iteration_1,5.0,319.0,25.67,42.0,27.7,17.888839721679688,18.406656360312038,565.7651444009335,885.1080249534705
2026-09-23T14:37:02.114075+07:00,full_training:iteration_1,5.0,319.0,24.73,43.0,24.3,17.881423950195312,18.406759501360835,563.781631727154,880.6639461428113
2026-09-23T14:37:03.109293+07:00,full_training:iteration_1,4.0,319.0,23.64,42.0,27.8,17.873504638671875,18.45159837543448,562.2448046306558,877.5334166044966
2026-09-23T14:37:04.092588+07:00,full_training:iteration_1,5.0,319.0,26.14,43.0,27.4,17.871543884277344,18.45159837543448,562.2448046306558,877.5334166044966
2026-09-23T14:37:05.106593+07:00,full_training:iteration_1,3.0,319.0,22.78,43.0,27.9,17.82801055908203,18.407786666216722,560.7956428634855,876.9130476978638
2026-09-23T14:37:06.080085+07:00,full_training:iteration_1,3.0,319.0,26.13,43.0,30.1,17.82973861694336,18.459124531772503,557.6333710825458,876.0292963666191
2026-09-23T14:37:07.088817+07:00,full_training:iteration_1,4.0,319.0,24.95,43.0,30.5,17.844139099121094,18.458667690906225,557.0494599695405,875.5324725134072
2026-09-23T14:37:08.077987+07:00,full_training:iteration_1,2.0,319.0,27.03,44.0,32.6,17.859676361083984,18.46247853427501,556.2347488535185,875.3318145585703
2026-09-23T14:37:09.079377+07:00,full_training:iteration_1,2.0,319.0,21.18,43.0,20.3,17.875316619873047,18.454372678316123,556.5031420975466,875.879129261655
2026-09-23T14:37:10.080030+07:00,full_training:iteration_1,6.0,319.0,26.13,43.0,27.1,17.873779296875,18.490085699942,555.5585934843684,873.9304765178141
2026-09-23T14:37:11.080196+07:00,full_training:iteration_1,5.0,319.0,26.31,43.0,26.9,17.865036010742188,18.486581154357943,555.9162943838236,875.0916269360463
2026-09-23T14:37:12.079110+07:00,full_training:iteration_1,5.0,319.0,26.5,43.0,30.6,17.84939956665039,18.519198816042802,555.3863100355776,874.976363338697
2026-09-23T14:37:13.079598+07:00,full_training:iteration_1,5.0,319.0,27.75,43.0,27.4,17.8460693359375,18.504273715664933,556.8905232523922,875.9901148098498
2026-09-23T14:37:14.096438+07:00,full_training:iteration_1,4.0,319.0,25.39,44.0,28.3,17.861042022705078,18.512147456090332,556.0831305839464,875.1018787449008
2026-09-23T14:37:15.080362+07:00,full_training:iteration_1,6.0,319.0,26.64,43.0,25.9,17.855140686035156,18.512147456090332,556.0831305839464,875.1018787449008
2026-09-23T14:37:16.089047+07:00,full_training:iteration_1,4.0,319.0,25.0,43.0,29.7,17.853652954101562,18.476724358984466,555.4726394643766,874.3572688809196
2026-09-23T14:37:17.078822+07:00,full_training:iteration_1,3.0,319.0,26.14,44.0,26.6,17.849288940429688,18.46640530469214,553.8860303746453,873.9279374828616
2026-09-23T14:37:18.086302+07:00,full_training:iteration_1,3.0,319.0,24.38,43.0,28.3,17.843719482421875,18.464467093874966,554.3326774466849,874.6806903509304
2026-09-23T14:37:19.090720+07:00,full_training:iteration_1,3.0,319.0,24.51,44.0,27.2,17.842906951904297,18.484928679977855,551.5051165211146,872.9871036818306
2026-09-23T14:37:20.079654+07:00,full_training:iteration_1,3.0,319.0,20.9,43.0,17.7,17.878856658935547,18.504387277646853,551.2662574314082,872.4510194955864
2026-09-23T14:37:21.080707+07:00,full_training:iteration_1,5.0,319.0,25.52,43.0,23.4,17.891525268554688,18.49557205892535,550.2534311552594,872.0560601761001
2026-09-23T14:37:22.099318+07:00,full_training:iteration_1,5.0,319.0,25.68,43.0,27.5,17.89324188232422,18.49557205892535,550.2534311552594,872.0560601761001
2026-09-23T14:37:23.090360+07:00,full_training:iteration_1,3.0,319.0,24.71,43.0,28.0,17.869197845458984,18.452462084231197,548.6197775978,870.8358682316849
2026-09-23T14:37:24.079093+07:00,full_training:iteration_1,2.0,319.0,26.72,44.0,29.0,17.860424041748047,18.458414400088383,547.6690943535901,869.4111660015823
2026-09-23T14:37:25.093907+07:00,full_training:iteration_1,3.0,319.0,24.8,44.0,23.7,17.86196517944336,18.41923080876256,547.051155020248,868.8096438450199
2026-09-23T14:37:26.087828+07:00,full_training:iteration_1,5.0,319.0,26.27,43.0,28.6,17.86414337158203,18.417627044775617,546.8096534714698,867.964601692765
2026-09-23T14:37:27.078278+07:00,full_training:iteration_1,5.0,319.0,25.36,43.0,23.1,17.85895538330078,18.387523234975713,545.9753643885236,867.862366185799
2026-09-23T14:37:28.091619+07:00,full_training:iteration_1,5.0,319.0,25.54,43.0,28.4,17.882282257080078,18.387523234975713,545.9753643885236,867.862366185799
2026-09-23T14:37:29.080177+07:00,full_training:iteration_1,3.0,319.0,26.88,44.0,28.6,17.875743865966797,18.374352534691276,544.562769760108,865.4983035941359
2026-09-23T14:37:30.079355+07:00,full_training:iteration_1,2.0,319.0,24.93,44.0,22.9,17.872825622558594,18.337008434683405,544.393971329486,865.3477526357354
2026-09-23T14:37:31.093941+07:00,full_training:iteration_1,5.0,319.0,25.1,43.0,26.3,17.869808197021484,18.30241927616578,543.9331110538884,865.7598936392358
2026-09-23T14:37:32.084383+07:00,full_training:iteration_1,6.0,319.0,25.35,43.0,22.6,17.877460479736328,18.30241927616578,543.9331110538884,865.7598936392358
2026-09-23T14:37:33.079920+07:00,full_training:iteration_1,5.0,319.0,28.26,44.0,27.4,17.870040893554688,18.30241927616578,543.9331110538884,865.7598936392358
2026-09-23T14:37:34.078937+07:00,full_training:iteration_1,3.0,319.0,26.28,44.0,30.7,17.85071563720703,18.30241927616578,543.9331110538884,865.7598936392358
2026-09-23T14:37:35.080026+07:00,full_training:iteration_1,0.0,319.0,22.01,44.0,21.2,17.886032104492188,17.911493541113998,531.9624024243151,847.1509542672982
2026-09-23T14:37:36.080538+07:00,full_training:iteration_1,5.0,319.0,26.45,43.0,27.9,17.877864837646484,17.90246118409183,533.3604042177378,848.2310185486361
2026-09-23T14:37:37.109819+07:00,full_training:iteration_1,6.0,319.0,27.32,43.0,27.1,17.905330657958984,17.888044093164602,534.1247205132036,849.0419830435534
2026-09-23T14:37:38.083810+07:00,full_training:iteration_1,5.0,319.0,28.01,44.0,30.7,17.921653747558594,17.888044093164602,534.1247205132036,849.0419830435534
2026-09-23T14:37:39.079585+07:00,full_training:iteration_1,3.0,319.0,26.6,44.0,36.6,17.913986206054688,17.88337584411997,535.1470002596755,850.1288088772507
2026-09-23T14:37:40.078669+07:00,full_training:iteration_1,3.0,319.0,26.1,44.0,29.2,17.901012420654297,17.880528187147533,535.1005952237367,849.0500038404748
2026-09-23T14:37:41.094892+07:00,full_training:iteration_1,3.0,319.0,26.46,44.0,29.7,17.898509979248047,17.894305678126123,534.8011490335961,848.4542431793792
2026-09-23T14:37:42.080464+07:00,full_training:iteration_1,2.0,319.0,26.07,44.0,27.5,17.900745391845703,17.897677282062293,534.5664742925399,848.4849799794288
2026-09-23T14:37:43.079911+07:00,full_training:iteration_1,3.0,319.0,26.4,44.0,24.9,17.93401336669922,17.916656236199124,534.7368382271206,849.6095131744164
2026-09-23T14:37:44.075457+07:00,full_training:iteration_1,5.0,319.0,27.73,44.0,25.5,17.946762084960938,17.909609395432682,535.2568678343318,850.9717738296514
2026-09-23T14:37:45.190397+07:00,full_training:iteration_1,6.0,319.0,26.57,43.0,19.3,17.97801971435547,18.038645911347228,539.7572825900348,860.5664007388402
2026-09-23T14:37:46.095759+07:00,full_training:iteration_1,4.0,319.0,24.41,44.0,25.0,17.988628387451172,18.10425399739918,540.9175961231938,863.0591463057444
2026-09-23T14:37:47.078716+07:00,full_training:iteration_1,8.0,319.0,28.55,45.0,24.0,18.001018524169922,18.162190706234686,542.5630148653572,866.2310911163315
2026-09-23T14:37:48.094746+07:00,full_training:iteration_1,4.0,319.0,26.55,44.0,23.6,17.99454116821289,18.28999687700383,545.8601436371064,873.8848200834062
2026-09-23T14:37:49.093734+07:00,full_training:iteration_1,7.0,319.0,28.77,44.0,23.5,17.989521026611328,18.33386853347887,548.9160238923574,877.5625742257488
2026-09-23T14:37:50.078717+07:00,full_training:iteration_1,8.0,319.0,28.92,44.0,24.5,17.946311950683594,18.379441950246292,551.6050793585124,881.1833310887478
2026-09-23T14:37:51.095108+07:00,full_training:iteration_1,5.0,319.0,26.57,44.0,23.5,17.92684555053711,18.494838884317623,554.8373297333912,888.5045988764385
2026-09-23T14:37:52.076954+07:00,full_training:iteration_1,8.0,319.0,29.15,45.0,24.5,17.92087173461914,18.550430136989117,556.4193725291509,892.9537935479657
2026-09-23T14:37:53.097029+07:00,full_training:iteration_1,2.0,319.0,22.25,43.0,17.6,17.947689056396484,18.699901669100814,558.5706991952982,899.6661783182107
2026-09-23T14:37:54.088637+07:00,full_training:iteration_1,7.0,319.0,27.61,45.0,29.8,18.021068572998047,18.753798095649415,559.0015309412222,901.1891723413893
2026-09-23T14:37:55.095274+07:00,full_training:iteration_1,4.0,319.0,26.35,44.0,24.9,17.992984771728516,18.885394538368473,561.7034161044901,909.5373541404
2026-09-23T14:37:56.078181+07:00,full_training:iteration_1,8.0,319.0,28.44,45.0,24.6,17.993335723876953,18.948406907030385,563.1693913652315,912.9266654179612
2026-09-23T14:37:57.078300+07:00,full_training:iteration_1,6.0,319.0,26.91,44.0,23.4,17.986915588378906,19.06291367998909,566.4312142400853,918.6748326088285
2026-09-23T14:37:58.079114+07:00,full_training:iteration_1,8.0,319.0,27.51,44.0,23.4,17.97854232788086,19.118826219666442,568.0233143028868,922.2593163541441
2026-09-23T14:37:59.096474+07:00,full_training:iteration_1,6.0,319.0,23.4,43.0,19.5,18.011547088623047,19.239370666706808,569.944156727343,927.7446528224485
2026-09-23T14:38:00.095100+07:00,full_training:iteration_1,7.0,319.0,28.82,45.0,23.0,18.00020980834961,19.28355569982849,572.2284751887654,932.1464741495719
2026-09-23T14:38:01.097662+07:00,full_training:iteration_1,2.0,319.0,27.02,44.0,17.9,18.002002716064453,19.39105716445179,574.6240905969596,937.5211645456718
2026-09-23T14:38:02.078122+07:00,full_training:iteration_1,7.0,319.0,28.09,45.0,25.1,17.983863830566406,19.45492278962467,575.4519344986332,939.5130661488075
2026-09-23T14:38:03.078400+07:00,full_training:iteration_1,5.0,319.0,26.05,44.0,24.5,17.983051300048828,19.576086271581097,577.0123399453939,943.6609204672422
2026-09-23T14:38:04.094462+07:00,full_training:iteration_1,3.0,319.0,24.94,44.0,20.7,17.978046417236328,19.69783544688446,577.9102265621266,947.844140530898
2026-09-23T14:38:05.074680+07:00,full_training:iteration_1,8.0,319.0,28.07,45.0,26.3,17.97150421142578,19.751909536444483,579.8322249495316,951.9994096360418
2026-09-23T14:38:06.078067+07:00,full_training:iteration_1,3.0,319.0,24.66,45.0,17.5,17.98617935180664,19.798988954432474,580.5487825488625,954.912308339762
2026-09-23T14:38:07.088130+07:00,full_training:iteration_1,6.0,319.0,25.87,44.0,22.8,17.974224090576172,19.90086040226179,582.9130188107569,960.3286319325246
2026-09-23T14:38:08.094383+07:00,full_training:iteration_1,6.0,319.0,26.47,44.0,20.8,17.969127655029297,20.02095942798153,584.535546354801,965.920920013802
2026-09-23T14:38:09.102569+07:00,full_training:iteration_1,8.0,319.0,25.75,44.0,23.7,17.957603454589844,20.163275172809108,585.2045357346666,971.3036343690668
2026-09-23T14:38:10.076636+07:00,full_training:iteration_1,9.0,319.0,27.85,45.0,31.9,18.052162170410156,20.22228463202907,586.3362010791449,974.7416325762257
2026-09-23T14:38:11.100916+07:00,full_training:iteration_1,3.0,319.0,26.13,44.0,21.1,18.04644012451172,20.31941969568521,587.0675828721829,977.8959379450973
2026-09-23T14:38:12.082742+07:00,full_training:iteration_1,4.0,319.0,27.75,45.0,22.0,18.062179565429688,20.31941969568521,587.0675828721829,977.8959379450973
2026-09-23T14:38:13.102513+07:00,full_training:iteration_1,6.0,319.0,22.55,44.0,19.9,18.10042953491211,20.209787088563413,582.6953179331565,972.2187542781278
2026-09-23T14:38:14.074184+07:00,full_training:iteration_1,7.0,319.0,27.62,45.0,24.3,18.12508773803711,20.2669836054097,583.8032135051013,975.2177230367307
2026-09-23T14:38:15.095997+07:00,full_training:iteration_1,7.0,319.0,26.97,45.0,26.5,18.129981994628906,20.35335936787516,585.8441785633034,979.0497969918355
2026-09-23T14:38:16.097017+07:00,full_training:iteration_1,4.0,319.0,26.74,44.0,23.2,18.129520416259766,20.473834173422322,587.0508703783838,982.9884054418252
2026-09-23T14:38:17.096469+07:00,full_training:iteration_1,7.0,319.0,27.58,45.0,20.9,18.118953704833984,20.5259010987405,587.0999807540709,984.5656348507074
2026-09-23T14:38:18.076992+07:00,full_training:iteration_1,7.0,319.0,26.72,45.0,28.0,18.11346435546875,20.640977171228652,589.0647478657412,989.5258328067812
2026-09-23T14:38:19.096318+07:00,full_training:iteration_1,6.0,319.0,22.53,44.0,22.3,18.119129180908203,20.754317794579435,590.1360550402446,994.961995072138
2026-09-23T14:38:20.073736+07:00,full_training:iteration_1,8.0,319.0,28.26,45.0,21.8,18.11410140991211,20.798509743618887,591.8144896737072,997.7794387097912
2026-09-23T14:38:21.096611+07:00,full_training:iteration_1,4.0,319.0,25.25,44.0,20.4,18.076324462890625,20.880883380236604,593.1836226514454,1000.488952145079
2026-09-23T14:38:22.077556+07:00,full_training:iteration_1,9.0,319.0,28.7,45.0,22.9,18.042919158935547,20.915172300925654,594.2650861538922,1002.4170217141511
2026-09-23T14:38:23.078160+07:00,full_training:iteration_1,5.0,319.0,26.11,44.0,22.0,18.042259216308594,20.998224088469815,595.9637533687486,1007.2063824218799
2026-09-23T14:38:24.129978+07:00,full_training:iteration_1,8.0,319.0,27.48,45.0,20.1,18.01654052734375,21.09183931268935,597.9913085135157,1011.9249323581729
2026-09-23T14:38:25.079787+07:00,full_training:iteration_1,7.0,319.0,26.81,45.0,23.7,17.959354400634766,21.13043420619934,599.5041771117432,1015.4736538017111
2026-09-23T14:38:26.094988+07:00,full_training:iteration_1,5.0,319.0,24.9,45.0,18.5,18.003490447998047,21.170184791162733,600.7351260739355,1018.765330875198
2026-09-23T14:38:27.078150+07:00,full_training:iteration_1,3.0,319.0,27.15,45.0,22.3,18.000789642333984,21.261261546332513,602.4353736756171,1023.8657166402185
2026-09-23T14:38:28.077999+07:00,full_training:iteration_1,8.0,319.0,28.89,45.0,23.0,18.01123046875,21.289081145353894,604.2161180559979,1026.582873900743
2026-09-23T14:38:29.096431+07:00,full_training:iteration_1,4.0,319.0,26.64,44.0,23.9,18.00774383544922,21.368185177091625,605.8735225112559,1030.544834720775
2026-09-23T14:38:30.114082+07:00,full_training:iteration_1,4.0,319.0,26.75,45.0,18.9,18.010150909423828,21.462419678114994,606.5558691234505,1033.1911827757879
2026-09-23T14:38:31.079329+07:00,full_training:iteration_1,7.0,319.0,27.91,45.0,23.3,18.00989532470703,21.500228368040727,607.1942303074288,1034.976302151547
2026-09-23T14:38:32.189959+07:00,full_training:iteration_1,3.0,319.0,25.93,45.0,16.4,18.03189468383789,21.570453642458727,608.6103495219729,1040.1991761515014
2026-09-23T14:38:33.095093+07:00,full_training:iteration_1,2.0,319.0,24.08,45.0,22.3,18.00374984741211,21.621598298559324,609.3886214384288,1042.1072826356735
2026-09-23T14:38:34.097884+07:00,full_training:iteration_1,4.0,319.0,26.95,44.0,27.8,18.05413055419922,21.710167464637138,611.0700332526022,1046.0445087121218
2026-09-23T14:38:35.091190+07:00,full_training:iteration_1,8.0,319.0,27.29,45.0,22.3,18.046932220458984,21.745208341245213,611.8912538458218,1048.4617654403542
2026-09-23T14:38:36.094220+07:00,full_training:iteration_1,6.0,319.0,26.97,45.0,25.6,18.03441619873047,21.835340733275753,612.5693532971482,1052.134719289842
2026-09-23T14:38:37.093697+07:00,full_training:iteration_1,4.0,319.0,26.19,44.0,21.3,18.00820541381836,21.92249464917394,613.4392099796643,1055.4165256394065
2026-09-23T14:38:38.093781+07:00,full_training:iteration_1,8.0,319.0,27.52,45.0,25.3,18.01253890991211,21.951163563474633,614.13316177029,1057.5524729386054
2026-09-23T14:38:39.080402+07:00,full_training:iteration_1,2.0,319.0,22.51,45.0,20.0,18.15668487548828,21.999107823844106,613.7635298074485,1058.4697052275562
2026-09-23T14:38:40.078681+07:00,full_training:iteration_1,6.0,319.0,27.29,46.0,26.5,18.16071319580078,22.09276911736401,614.3343212455759,1062.5528813646802
2026-09-23T14:38:41.092301+07:00,full_training:iteration_1,4.0,319.0,25.5,45.0,33.7,17.459335327148438,22.15356883260011,615.8463748155278,1065.3582735405128
2026-09-23T14:38:42.094999+07:00,full_training:iteration_1,7.0,319.0,26.5,45.0,33.3,17.25021743774414,22.236564100119185,615.6238151861057,1067.9336812797546
2026-09-23T14:38:43.096910+07:00,full_training:iteration_1,7.0,319.0,27.04,45.0,37.1,17.02014923095703,22.26218846312052,616.5270131890692,1069.6303520332565
2026-09-23T14:38:44.095458+07:00,full_training:iteration_1,3.0,319.0,25.5,45.0,31.2,16.830245971679688,22.326578482524972,616.6174640198857,1072.1301523011698
2026-09-23T14:38:45.079901+07:00,full_training:iteration_1,6.0,319.0,28.15,46.0,39.0,16.607280731201172,22.326578482524972,616.6174640198857,1072.1301523011698
2026-09-23T14:38:46.256910+07:00,full_training:iteration_1,2.0,319.0,22.08,44.0,31.0,16.357379913330078,22.20629490522121,612.1997926683172,1064.8140470002622
2026-09-23T14:38:47.077936+07:00,full_training:iteration_1,2.0,319.0,23.7,45.0,34.7,16.154338836669922,22.250844865250713,613.1214767583798,1066.9501514329163
2026-09-23T14:38:48.079786+07:00,full_training:iteration_1,6.0,319.0,28.09,46.0,23.4,16.12029266357422,22.277476785640335,613.2868046094387,1067.88518670968
2026-09-23T14:38:49.098330+07:00,full_training:iteration_1,5.0,319.0,26.74,45.0,34.6,16.232635498046875,22.331565815059058,614.8843391332683,1071.4553915913484
2026-09-23T14:38:50.075363+07:00,full_training:iteration_1,7.0,319.0,27.81,46.0,21.8,16.12542724609375,22.35570136593992,615.2452594209344,1072.8446559413676
2026-09-23T14:38:51.095256+07:00,full_training:iteration_1,7.0,319.0,25.53,45.0,22.4,16.11538314819336,22.4216890582933,616.2390018861944,1075.217475949765
2026-09-23T14:38:52.093314+07:00,full_training:iteration_1,5.0,319.0,27.26,44.0,21.8,16.109291076660156,22.501861697970973,617.633037845288,1079.4864408063931
2026-09-23T14:38:53.077199+07:00,full_training:iteration_1,5.0,319.0,23.67,45.0,18.9,16.061946868896484,22.541725272855256,617.2085392031147,1079.8881845833605
2026-09-23T14:38:54.093948+07:00,full_training:iteration_1,3.0,319.0,26.9,45.0,22.4,16.069683074951172,22.618052218979532,618.2356513959039,1084.1835304457165
2026-09-23T14:38:55.097373+07:00,full_training:iteration_1,7.0,319.0,26.3,45.0,20.9,16.040931701660156,22.698240963530186,618.6490427847399,1086.21159332415
2026-09-23T14:38:56.078393+07:00,full_training:iteration_1,8.0,319.0,28.12,46.0,24.9,16.04616928100586,22.735008037368733,619.6347132417276,1088.5098871398432
2026-09-23T14:38:57.078404+07:00,full_training:iteration_1,6.0,319.0,26.95,45.0,23.3,16.0447998046875,22.805287003483375,620.5245028205879,1092.0684763502172
2026-09-23T14:38:58.097372+07:00,full_training:iteration_1,5.0,319.0,27.53,45.0,23.7,16.10616683959961,22.875641631966644,622.4211396095035,1095.1426180096325
2026-09-23T14:38:59.095606+07:00,full_training:iteration_1,7.0,319.0,24.61,45.0,25.6,16.433914184570312,22.91845127393395,622.5797288564157,1096.189524432261
2026-09-23T14:39:00.095385+07:00,full_training:iteration_1,3.0,319.0,26.86,45.0,32.2,16.297645568847656,23.002822127644922,622.697792790096,1100.125510702002
2026-09-23T14:39:01.096852+07:00,full_training:iteration_1,6.0,319.0,26.17,45.0,26.2,16.456069946289062,23.075516595648523,622.9874402329663,1102.5821781207853
2026-09-23T14:39:02.079680+07:00,full_training:iteration_1,8.0,319.0,28.61,45.0,29.3,16.414958953857422,23.101664912645905,623.9451670706824,1104.7883542658083
2026-09-23T14:39:03.078490+07:00,full_training:iteration_1,6.0,319.0,27.19,45.0,28.8,16.41022491455078,23.170097706887933,625.1078012396847,1107.5051526604911
2026-09-23T14:39:04.096901+07:00,full_training:iteration_1,4.0,319.0,26.49,45.0,25.2,16.407073974609375,23.228737565550478,626.23256379231,1110.4503064988166
2026-09-23T14:39:05.095700+07:00,full_training:iteration_1,8.0,319.0,23.92,44.0,26.1,16.44512176513672,23.25824592174419,626.587257412624,1111.203148034671
2026-09-23T14:39:06.098028+07:00,full_training:iteration_1,7.0,501.0,30.7,46.0,32.7,16.922107696533203,23.329798976043676,627.1542706204431,1114.3649432020447
2026-09-23T14:39:07.097757+07:00,full_training:iteration_1,6.0,521.0,32.11,46.0,59.1,17.15721893310547,23.3395868567476,627.2038160722723,1114.5554253203036
2026-09-23T14:39:08.078157+07:00,full_training:iteration_1,5.0,541.0,32.85,46.0,47.6,17.82171630859375,23.35266528007111,627.0939110560635,1115.793341013244
2026-09-23T14:39:09.095294+07:00,full_training:iteration_1,4.0,543.0,31.55,46.0,37.3,17.15863800048828,23.40409130270737,627.8395416647255,1119.3254590215804
2026-09-23T14:39:10.097965+07:00,full_training:iteration_1,15.0,615.0,33.57,46.0,55.2,17.64471435546875,23.46307077294803,628.3272334932112,1122.086855200397
2026-09-23T14:39:11.096356+07:00,full_training:iteration_1,10.0,615.0,33.04,46.0,42.2,17.56775665283203,23.48520470204297,629.192217436888,1123.9930532388428
2026-09-23T14:39:12.078746+07:00,full_training:iteration_1,4.0,319.0,30.76,46.0,28.5,16.04732894897461,23.50953788464569,629.6295049343453,1125.3477025136704
2026-09-23T14:39:13.095401+07:00,full_training:iteration_1,4.0,319.0,27.65,46.0,22.2,16.05316925048828,23.563582051600072,631.1193867965026,1129.6254654311178
2026-09-23T14:39:14.097986+07:00,full_training:iteration_1,5.0,319.0,26.73,45.0,25.8,16.064041137695312,23.63279067273845,631.4652611045871,1131.9816165143282
2026-09-23T14:39:15.078411+07:00,full_training:iteration_1,8.0,319.0,28.05,46.0,22.5,16.053226470947266,23.658289447253633,631.9660215818425,1132.3291869465845
2026-09-23T14:39:16.095857+07:00,full_training:iteration_1,5.0,319.0,26.6,46.0,24.0,16.056644439697266,23.720886409537812,633.0211448116133,1135.390144214904
2026-09-23T14:39:17.096334+07:00,full_training:iteration_1,4.0,319.0,25.97,45.0,18.9,16.017562866210938,23.774744323015774,633.6399026137734,1138.3328485679774
2026-09-23T14:39:18.094879+07:00,full_training:iteration_1,7.0,319.0,27.62,46.0,22.2,16.016727447509766,23.774744323015774,633.6399026137734,1138.3328485679774
2026-09-23T14:39:19.096026+07:00,full_training:iteration_1,6.0,319.0,22.59,45.0,21.8,16.036041259765625,23.686402161771817,630.4278053768539,1133.389606160349
2026-09-23T14:39:20.078805+07:00,full_training:iteration_1,8.0,319.0,28.51,46.0,22.3,16.034446716308594,23.712180898278636,631.1644071332449,1135.0718689317239
2026-09-23T14:39:21.098593+07:00,full_training:iteration_1,6.0,319.0,27.04,46.0,25.3,16.0330810546875,23.757375420253442,632.4344800608969,1138.0768804332674
2026-09-23T14:39:22.096839+07:00,full_training:iteration_1,3.0,319.0,26.77,46.0,25.7,16.00505828857422,23.82908524130325,633.540618651771,1141.4645791246326
2026-09-23T14:39:23.096969+07:00,full_training:iteration_1,4.0,319.0,26.75,46.0,21.6,15.994815826416016,23.886321564209236,634.0749532114718,1143.443789851824
2026-09-23T14:39:24.092992+07:00,full_training:iteration_1,8.0,319.0,27.68,46.0,24.2,15.985279083251953,23.91211890351565,634.1577347580618,1144.6073272429937
2026-09-23T14:39:25.133879+07:00,full_training:iteration_1,4.0,319.0,23.84,45.0,16.6,15.994674682617188,23.969965102683908,634.9228890920344,1147.6865387251792
2026-09-23T14:39:26.098871+07:00,full_training:iteration_1,7.0,319.0,27.32,46.0,32.5,16.068954467773438,24.000507486580727,634.9467591727634,1148.7139445301398
2026-09-23T14:39:27.096438+07:00,full_training:iteration_1,3.0,319.0,27.27,46.0,25.5,16.428634643554688,24.050676476245798,635.9803597783233,1151.6936200595567
2026-09-23T14:39:28.112771+07:00,full_training:iteration_1,6.0,319.0,27.8,46.0,26.2,15.990528106689453,24.078308218214072,635.9227129571053,1151.9828779582374
2026-09-23T14:39:29.078671+07:00,full_training:iteration_1,5.0,319.0,26.51,46.0,26.0,15.993698120117188,24.1330193846948,636.4584871710938,1154.2977405282056
2026-09-23T14:39:30.078340+07:00,full_training:iteration_1,3.0,319.0,26.26,46.0,22.0,15.987106323242188,24.182253098399375,637.2519969010478,1158.0050871776798
2026-09-23T14:39:31.236446+07:00,full_training:iteration_1,8.0,319.0,24.95,45.0,17.8,16.021656036376953,24.241844505911097,638.7097535042606,1162.4054225193652
2026-09-23T14:39:32.096773+07:00,full_training:iteration_1,3.0,319.0,25.57,46.0,24.4,15.990684509277344,24.26403156465182,639.9795011727612,1164.4183398635853
2026-09-23T14:39:33.078225+07:00,full_training:iteration_1,7.0,319.0,27.8,46.0,18.1,15.991901397705078,24.288566988735234,640.2805583798832,1165.3377622968455
2026-09-23T14:39:34.098727+07:00,full_training:iteration_1,7.0,319.0,27.06,46.0,23.0,16.024356842041016,24.326863479677886,641.2259347053927,1166.557448815174
2026-09-23T14:39:35.080084+07:00,full_training:iteration_1,2.0,319.0,25.87,46.0,23.5,16.01572036743164,24.387630852692862,640.8998699302604,1167.6815324465613
2026-09-23T14:39:36.098354+07:00,full_training:iteration_1,7.0,319.0,26.99,45.0,21.8,16.005821228027344,24.442310183328075,641.8480316558691,1170.7954499793225
2026-09-23T14:39:37.088058+07:00,full_training:iteration_1,7.0,319.0,27.88,46.0,28.5,16.094207763671875,24.46708744375979,642.3794345314869,1171.942795077222
2026-09-23T14:39:38.097710+07:00,full_training:iteration_1,2.0,319.0,22.73,46.0,21.8,16.49774932861328,24.51834100823897,643.0567520059459,1175.8856741339264
2026-09-23T14:39:39.082232+07:00,full_training:iteration_1,7.0,319.0,29.87,47.0,33.2,16.06298065185547,24.54504665851515,643.014943073686,1176.5084953303167
2026-09-23T14:39:40.090668+07:00,full_training:iteration_1,5.0,319.0,31.19,46.0,22.7,16.04360580444336,24.59406552013104,643.4379092293157,1178.9520362246055
2026-09-23T14:39:41.113551+07:00,full_training:iteration_1,4.0,319.0,31.69,46.0,25.8,16.037349700927734,24.641017774102597,644.4229249761461,1181.8986633683987
2026-09-23T14:39:42.105844+07:00,full_training:iteration_1,8.0,319.0,32.4,47.0,24.5,16.056644439697266,24.653590044001557,645.2239659163997,1183.6386152449543
2026-09-23T14:39:43.095258+07:00,full_training:iteration_1,3.0,319.0,31.84,47.0,22.6,16.051158905029297,24.697459106292612,646.3213952279966,1186.982103815785
2026-09-23T14:39:44.079510+07:00,full_training:iteration_1,6.0,319.0,30.19,46.0,18.9,16.063026428222656,24.721154698694317,646.0319685657065,1186.9009974967778
2026-09-23T14:39:45.095177+07:00,full_training:iteration_1,4.0,319.0,31.92,46.0,24.6,16.090789794921875,24.777320377443818,647.057176041838,1189.8714134409029
2026-09-23T14:39:46.098010+07:00,full_training:iteration_1,7.0,319.0,27.72,46.0,25.9,16.4691162109375,24.828011560862713,647.3397320381465,1191.7529998233015
2026-09-23T14:39:47.079576+07:00,full_training:iteration_1,8.0,319.0,29.75,47.0,39.1,16.07528305053711,24.846943648321737,648.1093626613766,1193.1881361098394
2026-09-23T14:39:48.080796+07:00,full_training:iteration_1,4.0,319.0,31.76,47.0,24.7,16.024810791015625,24.890697112997252,648.6373195643407,1194.9755501354825
2026-09-23T14:39:49.115049+07:00,full_training:iteration_1,4.0,319.0,32.09,47.0,24.8,16.004661560058594,24.93770227313038,649.4561666576554,1197.3057921974478
2026-09-23T14:39:50.079877+07:00,full_training:iteration_1,7.0,319.0,32.56,47.0,28.9,16.00433349609375,24.93770227313038,649.4561666576554,1197.3057921974478
2026-09-23T14:39:51.113403+07:00,full_training:iteration_1,2.0,319.0,30.24,46.0,21.3,16.039684295654297,24.839069233211855,646.3912385007443,1191.5508503415338
2026-09-23T14:39:52.078578+07:00,full_training:iteration_1,7.0,319.0,31.83,47.0,26.2,15.991954803466797,24.856447625353628,647.3040117399191,1192.6965882158886
2026-09-23T14:39:53.094901+07:00,full_training:iteration_1,5.0,319.0,31.73,47.0,26.0,15.985370635986328,24.920357867180886,647.415270762314,1195.9839009217524
