timestamp,phase,gpu_util_percent,gpu_memory_used_mb,gpu_power_w,gpu_temperature_c,cpu_percent,ram_used_gb,games_per_sec,positions_per_sec,training_steps_per_sec
2026-09-23T06:29:32.295386+07:00,baseline:mcts,7.0,135.0,11.67,35.0,0.0,13.582221984863281,0.0,0.0,0.0
2026-09-23T06:29:33.243683+07:00,baseline:mcts,0.0,135.0,22.47,36.0,5.4,13.54425048828125,0.0,0.0,0.0
2026-09-23T06:29:34.401911+07:00,baseline:mcts,0.0,135.0,23.38,36.0,5.7,13.541812896728516,0.0,0.0,0.0
2026-09-23T06:29:35.273847+07:00,baseline:mcts,0.0,135.0,23.38,36.0,6.1,13.541412353515625,0.0,0.0,0.0
2026-09-23T06:29:36.240292+07:00,baseline:mcts,0.0,135.0,23.49,36.0,5.8,13.54135513305664,0.0,0.0,0.0
2026-09-23T06:29:37.150114+07:00,baseline:mcts,0.0,155.0,23.54,36.0,5.8,13.67728042602539,0.0,0.0,0.0
2026-09-23T06:29:38.153599+07:00,baseline:policy_single,10.0,183.0,31.58,38.0,7.8,13.845195770263672,0.0,2045.6911181748696,0.0
2026-09-23T06:29:39.138551+07:00,baseline:policy_single,11.0,183.0,33.61,38.0,7.5,13.847488403320312,0.0,2236.0914582604037,0.0
2026-09-23T06:29:40.138813+07:00,baseline:policy_single,11.0,183.0,32.25,38.0,7.0,13.848030090332031,0.0,2304.5592556436127,0.0
2026-09-23T06:29:41.158752+07:00,baseline:policy_single,10.0,183.0,32.23,38.0,8.2,13.847461700439453,0.0,2342.2193387818534,0.0
2026-09-23T06:29:42.142026+07:00,baseline:value_single,10.0,183.0,32.19,38.0,7.3,13.847488403320312,0.0,2496.5200943489117,0.0
2026-09-23T06:29:43.138975+07:00,baseline:value_single,9.0,183.0,31.33,38.0,7.8,13.847583770751953,0.0,2595.903438303898,0.0
2026-09-23T06:29:44.137529+07:00,baseline:value_single,9.0,183.0,31.36,38.0,8.2,13.848411560058594,0.0,2667.514034283312,0.0
2026-09-23T06:29:45.135129+07:00,baseline:value_single,9.0,183.0,31.31,38.0,6.7,13.847984313964844,0.0,2654.6017768856295,0.0
2026-09-23T06:29:46.148542+07:00,baseline:value_single,10.0,183.0,31.49,38.0,8.3,13.847465515136719,0.0,2702.548039864803,0.0
2026-09-23T06:29:47.134339+07:00,baseline:value_single,9.0,183.0,31.34,38.0,7.5,13.855865478515625,0.0,2717.2939168443704,0.0
2026-09-23T06:29:48.133807+07:00,baseline:self_play,5.0,185.0,19.91,38.0,18.9,14.125740051269531,42.57062229729422,376.0404969594323,0.0
2026-09-23T06:29:49.139316+07:00,baseline:self_play,7.0,185.0,31.0,38.0,6.7,14.124984741210938,59.574353711533774,505.6892815048797,0.0
2026-09-23T06:29:50.135003+07:00,baseline:self_play,7.0,185.0,31.02,38.0,6.6,14.125755310058594,62.640593618601564,534.093482432287,0.0
2026-09-23T06:29:51.135551+07:00,baseline:self_play,7.0,185.0,31.07,39.0,6.5,14.125064849853516,63.6774291019179,547.8003489863622,0.0
2026-09-23T06:29:52.146490+07:00,baseline:self_play,7.0,185.0,31.07,39.0,6.6,14.125267028808594,66.72675219733345,555.3822607131592,0.0
2026-09-23T06:29:53.128598+07:00,baseline:training,7.0,237.0,29.86,39.0,20.1,14.425106048583984,28.381045814012833,0.0,309.8264168029734
2026-09-23T06:29:54.135155+07:00,baseline:training,13.0,237.0,33.85,39.0,7.4,14.420886993408203,38.40715021647742,0.0,391.1839373900478
2026-09-23T06:29:55.142396+07:00,baseline:training,12.0,237.0,33.68,39.0,7.2,14.420894622802734,41.949343207057616,0.0,403.0427092442791
2026-09-23T06:29:56.139175+07:00,baseline:training,12.0,237.0,33.68,39.0,6.7,14.421741485595703,43.44167108839065,0.0,409.76062729319824
2026-09-23T06:29:57.142249+07:00,baseline:training,12.0,237.0,33.73,39.0,6.9,14.42117691040039,44.86955909292902,0.0,411.75751955480825
2026-09-23T06:33:52.741220+07:00,autotune:autotune_inference_mode_grad_enabled,0.0,155.0,10.94,36.0,0.0,13.619468688964844,0.0,0.0,0.0
2026-09-23T06:33:53.760214+07:00,autotune:autotune_inference_mode_grad_enabled,14.0,163.0,32.01,38.0,7.2,13.850357055664062,0.0,0.0,0.0
2026-09-23T06:33:54.791738+07:00,autotune:autotune_inference_mode_no_grad,15.0,163.0,37.25,39.0,7.4,13.844467163085938,0.0,0.0,0.0
2026-09-23T06:33:55.789670+07:00,autotune:autotune_inference_mode_no_grad,17.0,163.0,37.62,39.0,7.6,13.844573974609375,0.0,0.0,0.0
2026-09-23T06:33:56.771971+07:00,autotune:autotune_inference_mode_inference_mode,20.0,163.0,37.82,39.0,7.7,13.844329833984375,0.0,0.0,0.0
2026-09-23T06:33:57.775345+07:00,autotune:autotune_inference_batch_1,18.0,163.0,38.18,39.0,8.2,13.844738006591797,0.0,0.0,0.0
2026-09-23T06:33:58.788771+07:00,autotune:autotune_inference_batch_1,17.0,163.0,38.58,39.0,8.7,13.842891693115234,0.0,0.0,0.0
2026-09-23T06:33:59.780346+07:00,autotune:autotune_inference_batch_8,21.0,163.0,38.35,39.0,7.4,13.849559783935547,0.0,0.0,0.0
2026-09-23T06:34:00.776562+07:00,autotune:autotune_inference_batch_32,28.0,165.0,41.13,41.0,7.8,13.850944519042969,0.0,0.0,0.0
2026-09-23T06:34:01.794631+07:00,autotune:autotune_inference_batch_32,40.0,165.0,49.24,41.0,9.8,13.854442596435547,0.0,0.0,0.0
2026-09-23T06:34:02.804824+07:00,autotune:autotune_inference_batch_128,64.0,185.0,76.21,48.0,8.1,13.873573303222656,0.0,0.0,0.0
2026-09-23T06:34:03.795120+07:00,autotune:autotune_inference_batch_512,63.0,197.0,99.86,54.0,7.7,13.87161636352539,0.0,0.0,0.0
2026-09-23T06:34:04.794145+07:00,autotune:autotune_inference_batch_512,91.0,197.0,133.14,55.0,7.8,13.871307373046875,0.0,0.0,0.0
2026-09-23T06:34:05.777330+07:00,autotune:autotune_inference_batch_1024,97.0,241.0,130.62,54.0,3.0,13.871337890625,0.0,0.0,0.0
2026-09-23T06:34:06.775489+07:00,autotune:autotune_inference_batch_2048,97.0,327.0,129.56,54.0,4.3,13.871749877929688,0.0,0.0,0.0
2026-09-23T06:34:07.779368+07:00,autotune:autotune_inference_batch_2048,99.0,327.0,130.59,55.0,1.8,13.875308990478516,0.0,0.0,0.0
2026-09-23T06:34:08.781824+07:00,autotune:autotune_amp_fp16,99.0,327.0,123.22,55.0,5.8,14.042892456054688,0.0,0.0,0.0
2026-09-23T06:34:09.782972+07:00,autotune:autotune_amp_fp16,91.0,327.0,122.97,55.0,6.8,14.042110443115234,0.0,0.0,0.0
2026-09-23T06:34:10.776635+07:00,autotune:autotune_compile,0.0,329.0,64.44,43.0,5.9,14.220760345458984,0.0,0.0,0.0
2026-09-23T06:34:11.783836+07:00,autotune:autotune_compile,0.0,329.0,32.42,42.0,5.8,14.32332992553711,0.0,0.0,0.0
2026-09-23T06:34:12.785799+07:00,autotune:autotune_transfer_pageable_blocking,82.0,329.0,98.72,53.0,19.0,14.284969329833984,0.0,0.0,0.0
2026-09-23T06:34:13.781195+07:00,autotune:autotune_transfer_pinned_non_blocking,84.0,329.0,118.26,54.0,5.3,14.282722473144531,0.0,0.0,0.0
2026-09-23T06:34:14.789262+07:00,autotune:autotune_transfer_pinned_non_blocking,92.0,329.0,123.27,55.0,3.1,14.284477233886719,0.0,0.0,0.0
2026-09-23T06:34:15.770515+07:00,autotune:autotune_transfer_pinned_reused_device_buffer,92.0,329.0,123.49,55.0,6.5,14.28533935546875,0.0,0.0,0.0
2026-09-23T06:34:16.789508+07:00,autotune:autotune_state_preparation,92.0,329.0,118.64,51.0,4.0,14.28573989868164,0.0,0.0,0.0
2026-09-23T06:34:17.780779+07:00,autotune:autotune_state_preparation,0.0,329.0,44.8,44.0,5.7,14.285511016845703,0.0,0.0,0.0
2026-09-23T06:34:18.788728+07:00,autotune:autotune_state_preparation,0.0,329.0,31.01,42.0,5.9,14.284900665283203,0.0,0.0,0.0
2026-09-23T06:34:19.788305+07:00,autotune:autotune_training_batch_16,0.0,329.0,15.21,41.0,5.9,14.507698059082031,0.0,0.0,0.0
2026-09-23T06:34:20.790723+07:00,autotune:autotune_training_batch_16,26.0,339.0,39.33,44.0,7.7,14.771636962890625,0.0,0.0,0.0
2026-09-23T06:34:21.777875+07:00,autotune:autotune_training_batch_32,23.0,341.0,45.09,44.0,8.0,14.773979187011719,0.0,0.0,0.0
2026-09-23T06:34:22.784796+07:00,autotune:autotune_training_batch_32,26.0,341.0,46.33,44.0,8.0,14.772945404052734,0.0,0.0,0.0
2026-09-23T06:34:23.781519+07:00,autotune:autotune_training_batch_64,30.0,341.0,50.2,45.0,8.0,14.772926330566406,0.0,0.0,0.0
2026-09-23T06:34:24.790798+07:00,autotune:autotune_training_batch_128,30.0,341.0,53.55,46.0,7.8,14.772857666015625,0.0,0.0,0.0
2026-09-23T06:34:25.778637+07:00,autotune:autotune_training_batch_128,38.0,341.0,56.67,46.0,8.6,14.779170989990234,0.0,0.0,0.0
2026-09-23T06:34:26.788048+07:00,autotune:autotune_training_batch_256,44.0,341.0,63.92,46.0,9.3,14.773841857910156,0.0,0.0,0.0
2026-09-23T06:34:27.782744+07:00,autotune:autotune_training_batch_512,44.0,341.0,71.29,49.0,7.9,14.775146484375,0.0,0.0,0.0
2026-09-23T06:34:28.786655+07:00,autotune:autotune_training_batch_512,62.0,341.0,84.22,50.0,8.2,14.776004791259766,0.0,0.0,0.0
2026-09-23T06:34:29.774589+07:00,autotune:autotune_training_batch_1024,92.0,341.0,108.4,54.0,6.7,14.776039123535156,0.0,0.0,0.0
2026-09-23T06:34:30.788695+07:00,autotune:autotune_dataloader_workers_0_pin_false,92.0,341.0,94.76,45.0,17.7,14.785858154296875,0.0,0.0,0.0
2026-09-23T06:34:31.786631+07:00,autotune:autotune_dataloader_workers_0_pin_false,0.0,341.0,33.19,43.0,5.7,14.786674499511719,0.0,0.0,0.0
2026-09-23T06:34:32.783019+07:00,autotune:autotune_dataloader_workers_0_pin_true,0.0,341.0,26.09,41.0,6.4,14.783218383789062,0.0,0.0,0.0
2026-09-23T06:34:33.780421+07:00,autotune:autotune_dataloader_workers_1_pin_false,0.0,341.0,14.4,40.0,18.8,14.906570434570312,0.0,0.0,0.0
2026-09-23T06:34:34.792387+07:00,autotune:autotune_dataloader_workers_1_pin_false,0.0,341.0,14.18,40.0,6.2,15.17690658569336,0.0,0.0,0.0
2026-09-23T06:34:35.771961+07:00,autotune:autotune_dataloader_workers_1_pin_true,0.0,341.0,14.36,40.0,10.6,15.092037200927734,0.0,0.0,0.0
2026-09-23T06:34:36.774723+07:00,autotune:autotune_dataloader_workers_1_pin_true,0.0,341.0,14.46,40.0,6.6,15.154541015625,0.0,0.0,0.0
2026-09-23T06:34:37.781734+07:00,autotune:autotune_dataloader_workers_2_pin_false,0.0,341.0,13.55,39.0,13.6,15.451507568359375,0.0,0.0,0.0
2026-09-23T06:34:38.783395+07:00,autotune:autotune_dataloader_workers_2_pin_false,0.0,341.0,12.81,39.0,12.3,14.991039276123047,0.0,0.0,0.0
2026-09-23T06:34:39.784179+07:00,autotune:autotune_dataloader_workers_2_pin_true,0.0,341.0,12.26,39.0,12.2,15.49814224243164,0.0,0.0,0.0
2026-09-23T06:34:40.795115+07:00,autotune:autotune_dataloader_workers_4_pin_false,7.0,341.0,11.97,39.0,18.2,15.034042358398438,0.0,0.0,0.0
2026-09-23T06:34:41.779732+07:00,autotune:autotune_dataloader_workers_4_pin_false,0.0,341.0,12.03,38.0,21.2,16.230350494384766,0.0,0.0,0.0
2026-09-23T06:34:42.775739+07:00,autotune:autotune_dataloader_workers_4_pin_true,7.0,341.0,12.2,38.0,25.1,15.784526824951172,0.0,0.0,0.0
2026-09-23T06:34:43.790579+07:00,autotune:autotune_dataloader_workers_4_pin_true,0.0,341.0,12.44,38.0,20.8,16.29114532470703,0.0,0.0,0.0
2026-09-23T06:34:44.781956+07:00,autotune:autotune_mcts_workers_1,0.0,341.0,12.65,38.0,15.7,15.094287872314453,0.0,0.0,0.0
2026-09-23T06:34:45.795349+07:00,autotune:autotune_mcts_workers_1,0.0,341.0,12.22,38.0,6.4,15.192153930664062,0.0,0.0,0.0
2026-09-23T06:34:46.778948+07:00,autotune:autotune_mcts_workers_1,0.0,341.0,12.1,38.0,6.1,15.162040710449219,0.0,0.0,0.0
2026-09-23T06:34:47.779149+07:00,autotune:autotune_mcts_workers_2,0.0,341.0,11.61,37.0,11.6,15.403945922851562,0.0,0.0,0.0
2026-09-23T06:34:48.780918+07:00,autotune:autotune_mcts_workers_2,0.0,341.0,12.09,37.0,11.3,15.540855407714844,0.0,0.0,0.0
2026-09-23T06:34:49.785952+07:00,autotune:autotune_mcts_workers_2,0.0,341.0,12.17,37.0,11.0,15.516883850097656,0.0,0.0,0.0
2026-09-23T06:34:50.777537+07:00,autotune:autotune_mcts_workers_4,0.0,341.0,12.02,37.0,21.2,15.962234497070312,0.0,0.0,0.0
2026-09-23T06:34:51.777994+07:00,autotune:autotune_mcts_workers_4,0.0,341.0,12.11,37.0,20.4,16.254718780517578,0.0,0.0,0.0
2026-09-23T06:34:52.781565+07:00,autotune:autotune_mcts_workers_4,0.0,341.0,12.13,37.0,20.2,16.239093780517578,0.0,0.0,0.0
2026-09-23T06:34:53.804606+07:00,autotune:autotune_mcts_workers_8,0.0,341.0,11.52,37.0,29.3,16.55447769165039,0.0,0.0,0.0
2026-09-23T06:34:54.798488+07:00,autotune:autotune_mcts_workers_8,0.0,344.0,12.1,37.0,40.3,17.5751953125,0.0,0.0,0.0
2026-09-23T06:34:55.802982+07:00,autotune:autotune_mcts_workers_8,7.0,341.0,12.29,36.0,38.1,17.66577911376953,0.0,0.0,0.0
2026-09-23T06:34:56.799279+07:00,autotune:autotune_mcts_workers_8,0.0,341.0,11.89,36.0,38.7,14.943954467773438,0.0,0.0,0.0
2026-09-23T06:34:57.818036+07:00,autotune:autotune_mcts_workers_12,0.0,341.0,11.99,36.0,64.7,18.370040893554688,0.0,0.0,0.0
2026-09-23T06:34:58.794160+07:00,autotune:autotune_mcts_workers_12,0.0,344.0,11.46,36.0,54.9,18.968158721923828,0.0,0.0,0.0
2026-09-23T06:34:59.793647+07:00,autotune:autotune_mcts_workers_12,0.0,341.0,12.36,36.0,46.8,19.052120208740234,0.0,0.0,0.0
2026-09-23T06:35:00.793317+07:00,autotune:complete,0.0,341.0,11.53,36.0,56.9,14.728340148925781,0.0,0.0,0.0
2026-09-23T06:35:58.006844+07:00,autotune:autotune_mcts_workers_1,0.0,135.0,11.5,36.0,0.0,13.516830444335938,0.0,0.0,0.0
2026-09-23T06:35:59.025552+07:00,autotune:autotune_mcts_workers_1,0.0,135.0,22.89,37.0,6.0,13.847190856933594,0.0,0.0,0.0
2026-09-23T06:35:59.992358+07:00,autotune:autotune_mcts_workers_1,0.0,135.0,24.07,37.0,5.9,13.832771301269531,0.0,0.0,0.0
2026-09-23T06:36:01.017700+07:00,autotune:autotune_mcts_workers_2,0.0,135.0,23.75,37.0,9.8,13.52273178100586,0.0,0.0,0.0
2026-09-23T06:36:02.011116+07:00,autotune:autotune_mcts_workers_2,0.0,135.0,23.72,37.0,11.5,14.20218276977539,0.0,0.0,0.0
2026-09-23T06:36:03.019495+07:00,autotune:autotune_mcts_workers_2,1.0,135.0,23.67,37.0,10.5,14.200469970703125,0.0,0.0,0.0
2026-09-23T06:36:04.012856+07:00,autotune:autotune_mcts_workers_4,0.0,135.0,23.44,37.0,18.7,13.563201904296875,0.0,0.0,0.0
2026-09-23T06:36:05.012922+07:00,autotune:autotune_mcts_workers_4,0.0,135.0,19.35,36.0,20.9,14.894561767578125,0.0,0.0,0.0
2026-09-23T06:36:06.037712+07:00,autotune:autotune_mcts_workers_4,4.0,135.0,12.11,36.0,18.6,14.931434631347656,0.0,0.0,0.0
2026-09-23T06:36:07.029510+07:00,autotune:autotune_mcts_workers_8,0.0,135.0,11.01,36.0,21.8,13.524238586425781,0.0,0.0,0.0
2026-09-23T06:36:08.023958+07:00,autotune:autotune_mcts_workers_8,0.0,135.0,11.04,36.0,40.8,16.16110610961914,0.0,0.0,0.0
2026-09-23T06:36:09.034662+07:00,autotune:autotune_mcts_workers_8,0.0,135.0,11.12,36.0,35.9,16.402793884277344,0.0,0.0,0.0
2026-09-23T06:36:10.040733+07:00,autotune:autotune_mcts_workers_8,0.0,135.0,11.29,36.0,34.6,16.372127532958984,0.0,0.0,0.0
2026-09-23T06:36:11.037743+07:00,autotune:autotune_mcts_workers_12,0.0,135.0,10.91,36.0,61.2,16.569843292236328,0.0,0.0,0.0
2026-09-23T06:36:12.000424+07:00,autotune:autotune_mcts_workers_12,0.0,135.0,10.98,36.0,53.9,17.48169708251953,0.0,0.0,0.0
2026-09-23T06:36:13.012829+07:00,autotune:autotune_mcts_workers_12,4.0,135.0,11.37,36.0,52.9,17.820560455322266,0.0,0.0,0.0
2026-09-23T06:36:14.028907+07:00,autotune:autotune_mcts_workers_12,0.0,135.0,11.54,36.0,53.0,17.592735290527344,0.0,0.0,0.0
2026-09-23T06:36:15.034737+07:00,autotune:autotune_mcts_workers_14,1.0,135.0,10.91,36.0,71.2,17.408031463623047,0.0,0.0,0.0
2026-09-23T06:36:15.999655+07:00,autotune:autotune_mcts_workers_14,0.0,135.0,10.93,36.0,63.4,18.192378997802734,0.0,0.0,0.0
2026-09-23T06:36:17.015530+07:00,autotune:autotune_mcts_workers_14,6.0,135.0,11.3,36.0,62.8,18.550228118896484,0.0,0.0,0.0
2026-09-23T06:36:18.013474+07:00,autotune:autotune_mcts_workers_14,0.0,135.0,11.72,36.0,63.5,18.243392944335938,0.0,0.0,0.0
2026-09-23T06:36:19.026061+07:00,autotune:autotune_mcts_workers_16,1.0,135.0,11.04,36.0,89.6,17.614341735839844,0.0,0.0,0.0
2026-09-23T06:36:19.992287+07:00,autotune:autotune_mcts_workers_16,0.0,135.0,11.05,36.0,65.7,18.736873626708984,0.0,0.0,0.0
2026-09-23T06:36:21.038902+07:00,autotune:autotune_mcts_workers_16,0.0,135.0,11.15,36.0,72.9,19.267902374267578,0.0,0.0,0.0
2026-09-23T06:36:22.014290+07:00,autotune:autotune_mcts_workers_16,0.0,135.0,11.25,36.0,69.1,19.268924713134766,0.0,0.0,0.0
2026-09-23T06:36:23.255264+07:00,autotune:autotune_mcts_workers_20,0.0,135.0,11.0,36.0,91.3,18.351600646972656,0.0,0.0,0.0
2026-09-23T06:36:24.040969+07:00,autotune:autotune_mcts_workers_20,0.0,135.0,11.31,36.0,96.9,19.863239288330078,0.0,0.0,0.0
2026-09-23T06:36:25.108845+07:00,autotune:autotune_mcts_workers_20,0.0,141.0,10.92,36.0,76.0,20.48736572265625,0.0,0.0,0.0
2026-09-23T06:36:26.025336+07:00,autotune:autotune_mcts_workers_20,11.0,135.0,12.36,36.0,83.4,20.716102600097656,0.0,0.0,0.0
2026-09-23T06:36:27.078966+07:00,autotune:autotune_mcts_workers_20,0.0,135.0,10.88,36.0,95.2,15.110347747802734,0.0,0.0,0.0
2026-09-23T06:41:04.018805+07:00,parallel_autotune:sequential,0.0,0.0,10.81,35.0,0.0,13.284599304199219,0.0,0.0,0.0
2026-09-23T06:41:05.019082+07:00,parallel_autotune:sequential,0.0,163.0,15.05,35.0,19.1,14.00485610961914,0.0,0.0,0.0
2026-09-23T06:41:06.029715+07:00,parallel_autotune:workers_1,3.0,171.0,26.61,37.0,19.2,14.201858520507812,0.0,0.0,0.0
2026-09-23T06:41:07.029468+07:00,parallel_autotune:workers_1,0.0,171.0,23.93,37.0,6.2,14.357177734375,0.0,0.0,0.0
2026-09-23T06:41:08.033768+07:00,parallel_autotune:workers_1,1.0,171.0,27.37,37.0,6.5,14.34548568725586,0.0,0.0,0.0
2026-09-23T06:41:09.039738+07:00,parallel_autotune:workers_2,0.0,223.0,24.46,37.0,22.9,14.950569152832031,0.0,0.0,0.0
2026-09-23T06:41:10.029277+07:00,parallel_autotune:workers_2,0.0,223.0,24.33,37.0,10.4,15.176254272460938,0.0,0.0,0.0
2026-09-23T06:41:11.042349+07:00,parallel_autotune:workers_4,1.0,223.0,25.92,37.0,28.2,14.654960632324219,0.0,0.0,0.0
2026-09-23T06:41:12.029406+07:00,parallel_autotune:workers_4,0.0,223.0,18.22,36.0,20.7,15.844802856445312,0.0,0.0,0.0
2026-09-23T06:41:13.080000+07:00,parallel_autotune:workers_8,2.0,223.0,17.38,36.0,26.2,14.556339263916016,0.0,0.0,0.0
2026-09-23T06:41:14.043173+07:00,parallel_autotune:workers_8,0.0,223.0,13.63,36.0,44.9,17.12128448486328,0.0,0.0,0.0
2026-09-23T06:41:15.050809+07:00,parallel_autotune:workers_8,13.0,223.0,16.69,37.0,31.7,17.393569946289062,0.0,0.0,0.0
2026-09-23T06:41:16.049223+07:00,parallel_autotune:workers_12,0.0,223.0,13.11,36.0,66.9,17.619781494140625,0.0,0.0,0.0
2026-09-23T06:41:17.060680+07:00,parallel_autotune:workers_12,0.0,226.0,11.44,36.0,56.2,18.523956298828125,0.0,0.0,0.0
2026-09-23T06:41:18.043821+07:00,parallel_autotune:workers_12,10.0,223.0,13.95,36.0,45.3,18.396373748779297,0.0,0.0,0.0
2026-09-23T06:41:19.038482+07:00,parallel_autotune:batch_1,0.0,223.0,11.92,36.0,41.7,15.755859375,0.0,0.0,0.0
2026-09-23T06:41:20.055278+07:00,parallel_autotune:batch_1,5.0,223.0,17.3,36.0,17.9,15.950080871582031,0.0,0.0,0.0
2026-09-23T06:41:21.033011+07:00,parallel_autotune:batch_2,0.0,223.0,15.69,36.0,40.8,15.678508758544922,0.0,0.0,0.0
2026-09-23T06:41:22.032983+07:00,parallel_autotune:batch_2,0.0,223.0,18.44,36.0,18.3,15.945777893066406,0.0,0.0,0.0
2026-09-23T06:41:23.032193+07:00,parallel_autotune:batch_4,0.0,223.0,15.63,36.0,34.9,15.6441650390625,0.0,0.0,0.0
2026-09-23T06:41:24.031566+07:00,parallel_autotune:batch_4,0.0,223.0,15.48,36.0,19.8,15.958667755126953,0.0,0.0,0.0
2026-09-23T06:41:25.041915+07:00,parallel_autotune:batch_8,0.0,223.0,15.23,36.0,36.7,15.610950469970703,0.0,0.0,0.0
2026-09-23T06:41:26.040189+07:00,parallel_autotune:batch_8,0.0,223.0,13.89,36.0,19.3,15.938770294189453,0.0,0.0,0.0
2026-09-23T06:41:27.029227+07:00,parallel_autotune:batch_16,0.0,223.0,17.2,36.0,32.7,15.333843231201172,0.0,0.0,0.0
2026-09-23T06:41:28.027553+07:00,parallel_autotune:batch_16,0.0,226.0,12.12,36.0,20.4,15.956119537353516,0.0,0.0,0.0
2026-09-23T06:41:29.030299+07:00,parallel_autotune:batch_32,2.0,223.0,16.31,36.0,32.3,14.609195709228516,0.0,0.0,0.0
2026-09-23T06:41:30.033583+07:00,parallel_autotune:batch_32,0.0,223.0,12.13,36.0,21.9,15.84842300415039,0.0,0.0,0.0
2026-09-23T06:41:31.042806+07:00,parallel_autotune:batch_32,10.0,223.0,14.91,37.0,16.0,14.629264831542969,0.0,0.0,0.0
2026-09-23T06:41:32.040857+07:00,parallel_autotune:pin_memory_False,0.0,223.0,11.94,36.0,34.3,15.814308166503906,0.0,0.0,0.0
2026-09-23T06:41:33.053256+07:00,parallel_autotune:pin_memory_False,23.0,223.0,16.68,37.0,17.1,15.864673614501953,0.0,0.0,0.0
2026-09-23T06:41:34.027521+07:00,parallel_autotune:pin_memory_True,0.0,223.0,13.94,36.0,39.4,15.764965057373047,0.0,0.0,0.0
2026-09-23T06:41:35.055640+07:00,parallel_autotune:pin_memory_True,7.0,223.0,17.12,37.0,17.7,15.920722961425781,0.0,0.0,0.0
2026-09-23T06:41:56.222383+07:00,parallel_autotune:sequential,0.0,0.0,10.63,36.0,0.0,13.303024291992188,0.0,0.0,0.0
2026-09-23T06:41:57.250196+07:00,parallel_autotune:sequential,0.0,163.0,15.55,37.0,19.5,13.972698211669922,0.0,0.0,0.0
2026-09-23T06:41:58.219922+07:00,parallel_autotune:sequential,1.0,167.0,25.21,37.0,5.8,13.974933624267578,0.0,0.0,0.0
2026-09-23T06:41:59.236217+07:00,parallel_autotune:sequential,1.0,169.0,25.34,37.0,6.0,13.976726531982422,0.0,0.0,0.0
2026-09-23T06:42:00.219346+07:00,parallel_autotune:workers_1,1.0,169.0,24.36,37.0,19.6,14.298965454101562,0.0,0.0,0.0
2026-09-23T06:42:01.224895+07:00,parallel_autotune:workers_1,0.0,169.0,24.34,37.0,6.6,14.349224090576172,0.0,0.0,0.0
2026-09-23T06:42:02.228318+07:00,parallel_autotune:workers_1,1.0,169.0,25.16,38.0,5.6,14.342864990234375,0.0,0.0,0.0
2026-09-23T06:42:03.227950+07:00,parallel_autotune:workers_1,1.0,169.0,25.22,38.0,5.8,14.341320037841797,0.0,0.0,0.0
2026-09-23T06:42:04.222370+07:00,parallel_autotune:workers_1,4.0,221.0,16.93,37.0,5.5,14.724422454833984,0.0,0.0,0.0
2026-09-23T06:42:05.228512+07:00,parallel_autotune:workers_2,2.0,221.0,13.13,36.0,26.1,15.056224822998047,0.0,0.0,0.0
2026-09-23T06:42:06.221731+07:00,parallel_autotune:workers_2,0.0,221.0,13.14,37.0,10.5,15.189727783203125,0.0,0.0,0.0
2026-09-23T06:42:07.223678+07:00,parallel_autotune:workers_2,4.0,221.0,15.85,37.0,10.8,15.148975372314453,0.0,0.0,0.0
2026-09-23T06:42:08.214278+07:00,parallel_autotune:workers_4,2.0,221.0,12.78,36.0,29.0,14.924934387207031,0.0,0.0,0.0
2026-09-23T06:42:09.227731+07:00,parallel_autotune:workers_4,0.0,221.0,11.22,36.0,21.0,15.861202239990234,0.0,0.0,0.0
2026-09-23T06:42:10.212136+07:00,parallel_autotune:workers_4,4.0,221.0,15.89,37.0,18.6,15.908256530761719,0.0,0.0,0.0
2026-09-23T06:42:11.236329+07:00,parallel_autotune:workers_8,2.0,221.0,12.62,36.0,42.4,16.349445343017578,0.0,0.0,0.0
2026-09-23T06:42:12.245240+07:00,parallel_autotune:workers_8,0.0,221.0,11.55,36.0,40.3,17.266868591308594,0.0,0.0,0.0
2026-09-23T06:42:13.238908+07:00,parallel_autotune:workers_8,10.0,221.0,16.49,37.0,28.2,17.366336822509766,0.0,0.0,0.0
2026-09-23T06:42:14.242280+07:00,parallel_autotune:workers_12,0.0,221.0,12.57,36.0,75.1,17.4921875,0.0,0.0,0.0
2026-09-23T06:42:15.241338+07:00,parallel_autotune:workers_12,0.0,221.0,12.11,36.0,54.6,18.47598648071289,0.0,0.0,0.0
2026-09-23T06:42:16.199459+07:00,parallel_autotune:workers_12,20.0,221.0,15.38,37.0,41.7,18.81589126586914,0.0,0.0,0.0
2026-09-23T06:42:17.241687+07:00,parallel_autotune:batch_1,0.0,221.0,13.49,36.0,69.5,16.234130859375,0.0,0.0,0.0
2026-09-23T06:42:18.204581+07:00,parallel_autotune:batch_1,0.0,221.0,12.5,36.0,42.0,17.117328643798828,0.0,0.0,0.0
2026-09-23T06:42:19.248106+07:00,parallel_autotune:batch_1,34.0,221.0,17.97,37.0,33.4,17.34172821044922,0.0,0.0,0.0
2026-09-23T06:42:20.237216+07:00,parallel_autotune:batch_2,0.0,221.0,14.3,37.0,53.8,16.7457275390625,0.0,0.0,0.0
2026-09-23T06:42:21.234957+07:00,parallel_autotune:batch_2,0.0,221.0,12.88,36.0,41.1,17.371383666992188,0.0,0.0,0.0
2026-09-23T06:42:22.242345+07:00,parallel_autotune:batch_2,3.0,221.0,19.98,37.0,31.4,16.915794372558594,0.0,0.0,0.0
2026-09-23T06:42:23.236116+07:00,parallel_autotune:batch_4,0.0,221.0,13.27,36.0,53.2,16.96923065185547,0.0,0.0,0.0
2026-09-23T06:42:24.235460+07:00,parallel_autotune:batch_4,0.0,221.0,14.97,37.0,39.9,17.357666015625,0.0,0.0,0.0
2026-09-23T06:42:25.245495+07:00,parallel_autotune:batch_8,3.0,221.0,16.0,37.0,38.6,14.479362487792969,0.0,0.0,0.0
2026-09-23T06:42:26.235985+07:00,parallel_autotune:batch_8,0.0,221.0,11.84,36.0,55.5,17.041244506835938,0.0,0.0,0.0
2026-09-23T06:42:27.211509+07:00,parallel_autotune:batch_8,0.0,221.0,14.65,37.0,38.4,17.380111694335938,0.0,0.0,0.0
2026-09-23T06:42:28.203069+07:00,parallel_autotune:batch_16,3.0,221.0,13.93,36.0,41.1,14.586467742919922,0.0,0.0,0.0
2026-09-23T06:42:29.205141+07:00,parallel_autotune:batch_16,0.0,221.0,11.71,36.0,49.4,17.093055725097656,0.0,0.0,0.0
2026-09-23T06:42:30.187671+07:00,parallel_autotune:batch_16,0.0,221.0,15.4,37.0,36.3,17.363750457763672,0.0,0.0,0.0
2026-09-23T06:42:31.210233+07:00,parallel_autotune:batch_32,2.0,221.0,13.82,36.0,55.7,15.153873443603516,0.0,0.0,0.0
2026-09-23T06:42:32.203616+07:00,parallel_autotune:batch_32,0.0,221.0,11.66,36.0,58.2,17.164886474609375,0.0,0.0,0.0
2026-09-23T06:42:33.208829+07:00,parallel_autotune:batch_32,0.0,221.0,14.46,37.0,51.9,17.464908599853516,0.0,0.0,0.0
2026-09-23T06:42:34.252613+07:00,parallel_autotune:pin_memory_False,1.0,221.0,14.55,36.0,49.3,14.659751892089844,0.0,0.0,0.0
2026-09-23T06:42:35.205224+07:00,parallel_autotune:pin_memory_False,0.0,221.0,11.81,36.0,59.8,17.11001968383789,0.0,0.0,0.0
2026-09-23T06:42:36.204593+07:00,parallel_autotune:pin_memory_False,0.0,221.0,14.89,38.0,44.1,17.458518981933594,0.0,0.0,0.0
2026-09-23T06:42:37.205330+07:00,parallel_autotune:pin_memory_True,1.0,221.0,16.78,37.0,40.2,14.646354675292969,0.0,0.0,0.0
2026-09-23T06:42:38.203792+07:00,parallel_autotune:pin_memory_True,0.0,221.0,12.69,36.0,56.7,17.15056610107422,0.0,0.0,0.0
2026-09-23T06:42:39.184608+07:00,parallel_autotune:pin_memory_True,0.0,221.0,15.74,38.0,41.0,17.449745178222656,0.0,0.0,0.0
2026-09-23T06:42:59.560664+07:00,parallel_autotune:sequential,0.0,0.0,10.54,36.0,0.0,13.357711791992188,0.0,0.0,0.0
2026-09-23T06:43:00.553993+07:00,parallel_autotune:sequential,2.0,163.0,12.52,36.0,21.9,14.046607971191406,0.0,0.0,0.0
2026-09-23T06:43:01.551836+07:00,parallel_autotune:sequential,1.0,169.0,26.12,38.0,9.4,14.018753051757812,0.0,0.0,0.0
2026-09-23T06:43:02.552719+07:00,parallel_autotune:workers_1,1.0,171.0,25.72,38.0,21.1,14.269954681396484,0.0,0.0,0.0
2026-09-23T06:43:03.535666+07:00,parallel_autotune:workers_1,0.0,171.0,24.18,38.0,9.3,14.412960052490234,0.0,0.0,0.0
2026-09-23T06:43:04.535299+07:00,parallel_autotune:workers_1,1.0,171.0,26.01,38.0,9.7,14.383346557617188,0.0,0.0,0.0
2026-09-23T06:43:05.552336+07:00,parallel_autotune:workers_1,1.0,223.0,25.88,38.0,9.9,14.703723907470703,0.0,0.0,0.0
2026-09-23T06:43:06.535378+07:00,parallel_autotune:workers_2,1.0,223.0,24.03,38.0,28.0,15.091365814208984,0.0,0.0,0.0
2026-09-23T06:43:07.535472+07:00,parallel_autotune:workers_2,0.0,223.0,23.54,38.0,14.1,15.229301452636719,0.0,0.0,0.0
2026-09-23T06:43:08.550843+07:00,parallel_autotune:workers_2,2.0,223.0,17.59,38.0,13.2,15.12167739868164,0.0,0.0,0.0
2026-09-23T06:43:09.553599+07:00,parallel_autotune:workers_4,0.0,223.0,12.21,37.0,39.0,15.812141418457031,0.0,0.0,0.0
2026-09-23T06:43:10.535245+07:00,parallel_autotune:workers_4,0.0,223.0,14.78,37.0,21.7,15.943408966064453,0.0,0.0,0.0
2026-09-23T06:43:11.555858+07:00,parallel_autotune:workers_8,6.0,223.0,13.27,37.0,44.0,15.969108581542969,0.0,0.0,0.0
2026-09-23T06:43:12.552862+07:00,parallel_autotune:workers_8,0.0,223.0,11.42,37.0,42.3,17.175827026367188,0.0,0.0,0.0
2026-09-23T06:43:13.557634+07:00,parallel_autotune:workers_8,0.0,223.0,16.22,38.0,33.5,17.40585708618164,0.0,0.0,0.0
2026-09-23T06:43:14.553931+07:00,parallel_autotune:workers_12,0.0,223.0,12.99,37.0,76.1,17.526222229003906,0.0,0.0,0.0
2026-09-23T06:43:15.553605+07:00,parallel_autotune:workers_12,0.0,223.0,12.5,37.0,57.4,18.516407012939453,0.0,0.0,0.0
2026-09-23T06:43:16.574145+07:00,parallel_autotune:workers_12,0.0,223.0,14.93,38.0,49.7,18.8565673828125,0.0,0.0,0.0
2026-09-23T06:43:17.554103+07:00,parallel_autotune:batch_1,0.0,223.0,12.37,37.0,73.5,16.533470153808594,0.0,0.0,0.0
2026-09-23T06:43:18.555996+07:00,parallel_autotune:batch_1,0.0,226.0,11.2,37.0,44.7,17.32595443725586,0.0,0.0,0.0
2026-09-23T06:43:19.555033+07:00,parallel_autotune:batch_1,5.0,223.0,17.71,38.0,34.5,15.682357788085938,0.0,0.0,0.0
2026-09-23T06:43:20.552704+07:00,parallel_autotune:batch_2,0.0,223.0,14.4,37.0,58.8,16.975948333740234,0.0,0.0,0.0
2026-09-23T06:43:21.551391+07:00,parallel_autotune:batch_2,0.0,223.0,17.23,37.0,40.9,17.407840728759766,0.0,0.0,0.0
2026-09-23T06:43:22.556697+07:00,parallel_autotune:batch_4,5.0,223.0,15.6,37.0,52.2,16.01797866821289,0.0,0.0,0.0
2026-09-23T06:43:23.536887+07:00,parallel_autotune:batch_4,0.0,223.0,12.67,37.0,49.0,17.147987365722656,0.0,0.0,0.0
2026-09-23T06:43:24.553003+07:00,parallel_autotune:batch_4,0.0,223.0,16.72,38.0,34.5,17.404808044433594,0.0,0.0,0.0
2026-09-23T06:43:25.555406+07:00,parallel_autotune:batch_8,0.0,223.0,13.05,37.0,62.8,16.764827728271484,0.0,0.0,0.0
2026-09-23T06:43:26.555847+07:00,parallel_autotune:batch_8,0.0,223.0,11.85,37.0,42.1,17.420547485351562,0.0,0.0,0.0
2026-09-23T06:43:27.554512+07:00,parallel_autotune:batch_16,12.0,223.0,16.4,37.0,33.7,14.51395034790039,0.0,0.0,0.0
2026-09-23T06:43:28.557310+07:00,parallel_autotune:batch_16,2.0,223.0,11.68,37.0,62.0,17.07489776611328,0.0,0.0,0.0
2026-09-23T06:43:29.534901+07:00,parallel_autotune:batch_16,0.0,223.0,14.81,37.0,38.6,17.444339752197266,0.0,0.0,0.0
2026-09-23T06:43:30.548172+07:00,parallel_autotune:batch_32,3.0,223.0,15.65,37.0,55.6,15.665241241455078,0.0,0.0,0.0
2026-09-23T06:43:31.550115+07:00,parallel_autotune:batch_32,0.0,223.0,12.24,37.0,44.1,17.17532730102539,0.0,0.0,0.0
2026-09-23T06:43:32.578694+07:00,parallel_autotune:batch_32,0.0,223.0,15.11,38.0,29.4,17.402069091796875,0.0,0.0,0.0
2026-09-23T06:43:33.552880+07:00,parallel_autotune:pin_memory_False,2.0,223.0,12.03,37.0,65.8,16.718643188476562,0.0,0.0,0.0
2026-09-23T06:43:34.555065+07:00,parallel_autotune:pin_memory_False,0.0,223.0,11.45,37.0,40.4,17.447174072265625,0.0,0.0,0.0
2026-09-23T06:43:35.566683+07:00,parallel_autotune:pin_memory_True,21.0,223.0,19.67,37.0,41.6,14.521591186523438,0.0,0.0,0.0
2026-09-23T06:43:36.587093+07:00,parallel_autotune:pin_memory_True,0.0,223.0,13.91,37.0,57.1,17.078601837158203,0.0,0.0,0.0
2026-09-23T06:43:37.562807+07:00,parallel_autotune:pin_memory_True,0.0,223.0,17.18,37.0,31.5,17.375286102294922,0.0,0.0,0.0
2026-09-23T06:51:31.952468+07:00,optimized:idle,0.0,135.0,11.16,35.0,0.0,13.554393768310547,0.0,0.0,0.0
2026-09-23T06:51:32.956524+07:00,optimized:idle,4.0,135.0,23.77,37.0,81.4,18.231887817382812,0.0,0.0,0.0
2026-09-23T06:51:33.957486+07:00,optimized:idle,0.0,135.0,23.53,37.0,64.6,18.872882843017578,0.0,0.0,0.0
2026-09-23T06:51:34.970582+07:00,optimized:mcts_pool_16,0.0,135.0,24.1,37.0,69.1,19.225414276123047,0.0,0.0,0.0
2026-09-23T06:51:35.973151+07:00,optimized:mcts_pool_16,0.0,135.0,23.48,37.0,63.9,19.225902557373047,0.0,0.0,0.0
2026-09-23T06:51:36.958597+07:00,optimized:mcts_pool_16,0.0,135.0,23.19,37.0,68.3,19.226375579833984,0.0,0.0,0.0
2026-09-23T06:51:37.975609+07:00,optimized:mcts_pool_16,0.0,135.0,23.5,37.0,67.1,19.226360321044922,0.0,0.0,0.0
2026-09-23T06:51:38.975798+07:00,optimized:mcts_pool_16,0.0,135.0,23.55,36.0,68.4,19.2259521484375,0.0,0.0,0.0
2026-09-23T06:51:39.963477+07:00,optimized:network_batch_512,1.0,207.0,12.39,36.0,66.7,13.605960845947266,0.0,0.0,0.0
2026-09-23T06:51:40.950378+07:00,optimized:network_batch_512,1.0,209.0,98.38,51.0,10.3,13.715087890625,0.0,0.0,0.0
2026-09-23T06:51:41.954732+07:00,optimized:network_batch_512,91.0,209.0,132.51,54.0,6.7,13.714309692382812,0.0,0.0,0.0
2026-09-23T06:51:42.972417+07:00,optimized:network_batch_512,91.0,209.0,133.55,54.0,6.6,13.71176528930664,0.0,0.0,0.0
2026-09-23T06:51:43.988648+07:00,optimized:network_batch_512,92.0,209.0,132.62,55.0,6.8,13.712703704833984,0.0,0.0,0.0
2026-09-23T06:51:44.931720+07:00,optimized:network_batch_512,92.0,209.0,134.58,55.0,8.3,13.738224029541016,0.0,0.0,0.0
2026-09-23T06:51:45.987044+07:00,optimized:network_batch_512,89.0,209.0,124.26,55.0,12.5,13.793403625488281,0.0,0.0,0.0
2026-09-23T06:51:46.946579+07:00,optimized:network_batch_512,89.0,209.0,123.39,55.0,19.2,13.823379516601562,0.0,0.0,0.0
2026-09-23T06:51:47.934046+07:00,optimized:network_batch_512,89.0,209.0,123.1,56.0,19.0,13.823684692382812,0.0,0.0,0.0
2026-09-23T06:51:48.939905+07:00,optimized:network_batch_512,89.0,209.0,123.04,56.0,20.8,13.830291748046875,0.0,0.0,0.0
2026-09-23T06:51:49.949836+07:00,optimized:network_batch_512,89.0,209.0,123.87,56.0,16.2,13.8355712890625,0.0,0.0,0.0
2026-09-23T06:51:50.946914+07:00,optimized:self_play_detached,89.0,211.0,56.95,44.0,27.6,14.15555191040039,26.07514334769802,149.93207424926362,0.0
2026-09-23T06:51:51.931184+07:00,optimized:self_play_detached,0.0,211.0,35.11,43.0,14.8,14.129440307617188,54.585095170126934,501.83071366084437,0.0
2026-09-23T06:51:52.930878+07:00,optimized:self_play_detached,8.0,211.0,33.23,42.0,15.8,14.111831665039062,58.78366519528268,519.2557092249971,0.0
2026-09-23T06:51:53.946947+07:00,optimized:self_play_detached,9.0,211.0,32.63,42.0,13.6,14.117637634277344,59.762386647874834,523.9485432567651,0.0
2026-09-23T06:51:54.940353+07:00,optimized:self_play_detached,10.0,211.0,32.48,42.0,12.6,14.106754302978516,62.96697855429139,525.6060385428826,0.0
2026-09-23T06:51:55.948057+07:00,optimized:self_play_detached,9.0,219.0,32.24,42.0,22.7,14.375926971435547,64.40595259361382,528.2085709612477,0.0
2026-09-23T06:51:56.947781+07:00,optimized:training_vectorized,9.0,223.0,30.46,41.0,16.8,14.559844970703125,43.62945400046478,0.0,445.89301988475006
2026-09-23T06:51:57.929200+07:00,optimized:training_vectorized,9.0,223.0,33.05,41.0,14.8,14.545173645019531,50.570359710246336,0.0,477.07886519100316
2026-09-23T06:51:58.945709+07:00,optimized:training_vectorized,9.0,223.0,32.99,41.0,13.7,14.555534362792969,52.56953811958108,0.0,492.6791468890007
2026-09-23T06:51:59.929617+07:00,optimized:training_vectorized,10.0,223.0,32.83,41.0,14.0,14.559410095214844,54.46734209907863,0.0,497.9871277630046
2026-09-23T06:54:00.199351+07:00,sustained:idle,0.0,153.0,11.51,35.0,0.0,13.495346069335938,0.0,0.0,0.0
2026-09-23T06:54:01.199165+07:00,sustained:idle,0.0,153.0,22.33,37.0,11.7,14.153087615966797,0.0,0.0,0.0
2026-09-23T06:54:02.193819+07:00,sustained:parallel_self_play_and_train,2.0,237.0,25.08,37.0,7.5,14.984291076660156,2.9135432269343644,29.62102280716604,29.62102280716604
2026-09-23T06:54:03.202137+07:00,sustained:parallel_self_play_and_train,1.0,237.0,25.81,37.0,4.5,14.988235473632812,6.1217122918929325,49.993983717125616,49.993983717125616
2026-09-23T06:54:04.219646+07:00,sustained:parallel_self_play_and_train,1.0,239.0,26.05,37.0,8.0,14.981971740722656,7.944476451298078,66.5349902796214,66.5349902796214
2026-09-23T06:54:05.217986+07:00,sustained:parallel_self_play_and_train,1.0,239.0,25.73,37.0,5.0,14.986827850341797,9.133834684235529,75.0562937095876,75.0562937095876
2026-09-23T06:54:42.513595+07:00,sustained:idle,0.0,153.0,12.94,36.0,0.0,13.508602142333984,0.0,0.0,0.0
2026-09-23T06:54:43.512082+07:00,sustained:idle,0.0,153.0,22.6,37.0,45.9,16.076847076416016,0.0,0.0,0.0
2026-09-23T06:54:44.518946+07:00,sustained:idle,0.0,183.0,25.03,37.0,37.3,16.666893005371094,0.0,0.0,0.0
2026-09-23T06:54:45.494796+07:00,sustained:parallel_self_play_and_train,0.0,217.0,27.51,37.0,25.5,17.172832489013672,7.785541649660635,67.34493526956449,67.34493526956449
2026-09-23T06:54:46.519799+07:00,sustained:parallel_self_play_and_train,3.0,237.0,27.62,38.0,25.7,17.172481536865234,15.349330815237796,127.14362358621975,127.14362358621975
2026-09-23T06:54:47.513297+07:00,sustained:parallel_self_play_and_train,1.0,237.0,28.85,38.0,28.2,17.178035736083984,17.548071571118864,141.48132704214584,141.48132704214584
2026-09-23T06:54:48.522293+07:00,sustained:parallel_self_play_and_train,3.0,237.0,28.45,38.0,29.3,17.172626495361328,20.859808631406242,168.79061817579552,168.79061817579552
2026-09-23T06:54:49.510810+07:00,sustained:parallel_self_play_and_train,0.0,237.0,27.62,38.0,26.6,17.1837158203125,21.460535692055746,179.80863119129563,179.80863119129563
2026-09-23T06:54:50.508613+07:00,sustained:parallel_self_play_and_train,3.0,237.0,21.0,38.0,25.0,17.175533294677734,22.755976863628934,192.1615824039777,192.1615824039777
2026-09-23T06:54:51.506533+07:00,sustained:parallel_self_play_and_train,2.0,237.0,23.38,37.0,30.7,17.177162170410156,23.26535166553901,197.40650888209854,197.40650888209854
2026-09-23T06:54:52.523749+07:00,sustained:parallel_self_play_and_train,4.0,237.0,21.32,38.0,25.7,17.171619415283203,24.252617446041153,205.3388277098151,205.3388277098151
2026-09-23T06:54:53.519198+07:00,sustained:parallel_self_play_and_train,1.0,237.0,23.44,37.0,27.9,17.177593231201172,24.641588334623442,210.02215288279058,210.02215288279058
2026-09-23T06:54:54.523934+07:00,sustained:parallel_self_play_and_train,3.0,237.0,22.03,38.0,30.1,17.17121124267578,25.393005858818015,216.94091338716856,216.94091338716856
2026-09-23T06:54:55.501862+07:00,sustained:parallel_self_play_and_train,1.0,237.0,22.63,38.0,24.9,17.17803955078125,25.706207768013403,217.8601108339136,217.8601108339136
2026-09-23T06:54:56.510018+07:00,sustained:parallel_self_play_and_train,3.0,237.0,21.11,38.0,27.3,17.176048278808594,26.10433538844811,219.78400156218396,219.78400156218396
2026-09-23T06:54:57.512996+07:00,sustained:parallel_self_play_and_train,1.0,237.0,22.66,38.0,25.3,17.18506622314453,26.594703526509043,223.39550962267597,223.39550962267597
2026-09-23T06:54:58.521940+07:00,sustained:parallel_self_play_and_train,2.0,237.0,23.31,38.0,30.1,17.174755096435547,26.797133316683265,224.52169557478192,224.52169557478192
2026-09-23T06:54:59.517661+07:00,sustained:parallel_self_play_and_train,3.0,237.0,22.55,38.0,27.7,17.182201385498047,27.366245467416828,226.90187002766908,226.90187002766908
2026-09-23T06:55:00.518407+07:00,sustained:parallel_self_play_and_train,1.0,237.0,22.36,38.0,25.4,17.175525665283203,27.552076049782183,227.5342280444512,227.5342280444512
2026-09-23T06:55:01.508904+07:00,sustained:parallel_self_play_and_train,3.0,237.0,21.9,38.0,30.1,17.18547821044922,27.787960759113773,228.76973078801166,228.76973078801166
2026-09-23T06:55:02.516881+07:00,sustained:parallel_self_play_and_train,3.0,237.0,22.76,38.0,28.4,17.158504486083984,28.156449906076627,231.4862417278157,231.4862417278157
2026-09-23T06:55:03.510757+07:00,sustained:parallel_self_play_and_train,1.0,237.0,23.21,38.0,26.8,17.15511703491211,28.284784987008152,232.52043934147392,232.52043934147392
2026-09-23T06:55:04.523541+07:00,sustained:parallel_self_play_and_train,4.0,237.0,23.08,38.0,32.1,17.14871597290039,28.49669461093167,234.50021920156996,234.50021920156996
2026-09-23T06:55:05.516862+07:00,sustained:parallel_self_play_and_train,2.0,237.0,23.03,39.0,27.5,17.15109634399414,28.710204877464218,236.72868930781857,236.72868930781857
2026-09-23T06:55:06.510898+07:00,sustained:parallel_self_play_and_train,2.0,237.0,23.95,38.0,30.3,17.14716339111328,28.809176542941803,237.760439351455,237.760439351455
2026-09-23T06:55:07.515501+07:00,sustained:parallel_self_play_and_train,3.0,237.0,21.88,39.0,26.7,17.158260345458984,28.922664490819166,238.85300425334827,238.85300425334827
2026-09-23T06:55:08.498798+07:00,sustained:parallel_self_play_and_train,1.0,237.0,23.02,38.0,26.6,17.1610107421875,28.94958707951319,239.10794085133057,239.10794085133057
2026-09-23T06:55:09.516009+07:00,sustained:parallel_self_play_and_train,3.0,237.0,22.8,38.0,31.5,17.145496368408203,29.224837378488857,240.2056826070411,240.2056826070411
2026-09-23T06:55:10.508302+07:00,sustained:parallel_self_play_and_train,1.0,237.0,22.64,38.0,23.7,17.156883239746094,29.085633591571398,239.9928341724535,239.9928341724535
2026-09-23T06:55:11.518161+07:00,sustained:parallel_self_play_and_train,3.0,237.0,22.03,39.0,28.5,17.14537811279297,29.216471519004187,240.51416732608806,240.51416732608806
2026-09-23T06:55:12.520805+07:00,sustained:parallel_self_play_and_train,1.0,237.0,22.18,38.0,26.6,17.161544799804688,29.26701281893114,241.28656591061977,241.28656591061977
2026-09-23T06:55:13.519785+07:00,sustained:parallel_self_play_and_train,4.0,237.0,22.63,39.0,32.4,17.151561737060547,29.206605293153775,242.90160068806222,242.90160068806222
2026-09-23T06:55:14.531015+07:00,sustained:parallel_self_play_and_train,1.0,237.0,22.75,39.0,28.2,17.161678314208984,29.377207697163055,244.2371044184354,244.2371044184354
2026-09-23T06:55:15.509921+07:00,sustained:parallel_self_play_and_train,1.0,237.0,22.8,38.0,30.8,17.15866470336914,29.49026682037296,243.97051988271045,243.97051988271045
2026-09-23T06:55:16.510078+07:00,sustained:parallel_self_play_and_train,3.0,237.0,22.19,39.0,28.3,17.17072296142578,29.602206058221633,244.21819998032848,244.21819998032848
2026-09-23T06:55:17.524925+07:00,sustained:parallel_self_play_and_train,2.0,237.0,22.85,39.0,28.9,17.159259796142578,29.726024946188964,245.21112308976453,245.21112308976453
2026-09-23T06:55:18.508317+07:00,sustained:parallel_self_play_and_train,2.0,237.0,23.17,38.0,30.4,17.16424560546875,29.77178898581361,245.89812506679073,245.89812506679073
2026-09-23T06:55:19.528549+07:00,sustained:parallel_self_play_and_train,3.0,237.0,22.71,39.0,28.2,17.154220581054688,29.883899474848025,246.40633476079236,246.40633476079236
2026-09-23T06:55:20.527428+07:00,sustained:parallel_self_play_and_train,2.0,237.0,22.33,39.0,25.9,17.157569885253906,29.988009531130988,247.03280483057114,247.03280483057114
2026-09-23T06:55:21.508373+07:00,sustained:parallel_self_play_and_train,2.0,237.0,22.91,38.0,31.6,17.142379760742188,30.043801894770343,246.64407365853273,246.64407365853273
2026-09-23T06:55:22.522214+07:00,sustained:parallel_self_play_and_train,3.0,237.0,23.26,39.0,29.3,17.143211364746094,30.139268965650942,248.09641570225,248.09641570225
2026-09-23T06:55:23.517011+07:00,sustained:parallel_self_play_and_train,2.0,237.0,22.51,39.0,30.6,17.147350311279297,30.290185177068146,248.50165629541473,248.50165629541473
2026-09-23T06:55:24.494517+07:00,sustained:parallel_self_play_and_train,2.0,237.0,23.62,38.0,31.8,17.147071838378906,30.273916158903155,249.30329687680884,249.30329687680884
2026-09-23T06:55:25.512557+07:00,sustained:parallel_self_play_and_train,3.0,237.0,21.78,39.0,21.2,17.15127182006836,30.190727762842783,249.95600223959758,249.95600223959758
2026-09-23T06:55:26.507340+07:00,sustained:parallel_self_play_and_train,3.0,237.0,22.93,39.0,32.0,17.158000946044922,30.23479856687014,249.91809633569704,249.91809633569704
2026-09-23T06:55:27.512534+07:00,sustained:parallel_self_play_and_train,3.0,237.0,22.22,39.0,29.2,17.148075103759766,30.318245968728046,250.37075034910637,250.37075034910637
2026-09-23T06:55:28.491683+07:00,sustained:parallel_self_play_and_train,1.0,237.0,22.94,39.0,27.1,17.145763397216797,30.324170391564387,250.65783453374996,250.65783453374996
2026-09-23T06:55:29.500715+07:00,sustained:parallel_self_play_and_train,3.0,237.0,22.44,39.0,30.3,17.14672088623047,30.42449839231535,251.00211173660162,251.00211173660162
2026-09-23T06:55:30.521999+07:00,sustained:parallel_self_play_and_train,4.0,237.0,21.67,40.0,26.8,17.146438598632812,30.463622087899807,251.65873013846547,251.65873013846547
2026-09-23T06:55:31.507270+07:00,sustained:parallel_self_play_and_train,2.0,237.0,23.64,39.0,29.7,17.155792236328125,30.478363014703906,251.92014510734654,251.92014510734654
2026-09-23T06:55:32.513756+07:00,sustained:parallel_self_play_and_train,3.0,237.0,20.42,39.0,24.9,17.15250015258789,30.44687094832721,251.34693201290122,251.34693201290122
2026-09-23T06:55:33.489925+07:00,sustained:parallel_self_play_and_train,1.0,237.0,23.67,39.0,31.6,17.15667724609375,30.4568897360918,251.9219879599593,251.9219879599593
2026-09-23T06:55:34.519652+07:00,sustained:parallel_self_play_and_train,3.0,237.0,22.83,39.0,27.6,17.157974243164062,30.485745396054995,253.03168678725646,253.03168678725646
2026-09-23T06:55:35.510004+07:00,sustained:parallel_self_play_and_train,1.0,237.0,23.07,39.0,25.7,17.162094116210938,30.53272273315783,253.93047739742929,253.93047739742929
2026-09-23T06:55:36.521145+07:00,sustained:parallel_self_play_and_train,3.0,237.0,23.13,39.0,32.5,17.152423858642578,30.573552461789422,254.11469122356806,254.11469122356806
2026-09-23T06:55:37.508062+07:00,sustained:parallel_self_play_and_train,3.0,237.0,21.79,40.0,24.3,17.136882781982422,30.571703243103837,255.31011696473024,255.31011696473024
2026-09-23T06:55:38.525610+07:00,sustained:parallel_self_play_and_train,1.0,237.0,23.54,39.0,27.6,17.147048950195312,30.69024697549817,255.72826724002311,255.72826724002311
2026-09-23T06:55:39.509304+07:00,sustained:parallel_self_play_and_train,2.0,237.0,23.13,39.0,31.5,17.140098571777344,30.713959275079027,255.91435722419294,255.91435722419294
2026-09-23T06:55:40.509608+07:00,sustained:parallel_self_play_and_train,3.0,237.0,22.02,40.0,26.2,17.135364532470703,30.7421371418751,255.86784368364025,255.86784368364025
2026-09-23T06:55:41.497330+07:00,sustained:parallel_self_play_and_train,1.0,237.0,23.31,39.0,30.9,17.069202423095703,30.77998676983774,255.96978997650066,255.96978997650066
2026-09-23T06:55:42.519459+07:00,sustained:parallel_self_play_and_train,3.0,237.0,22.29,39.0,27.5,17.064517974853516,30.75487986341356,256.4856692956962,256.4856692956962
2026-09-23T06:55:43.512203+07:00,sustained:parallel_self_play_and_train,1.0,237.0,24.25,39.0,27.9,17.079303741455078,30.7150144244604,257.5932849500848,257.5932849500848
2026-09-23T06:55:44.516402+07:00,sustained:parallel_self_play_and_train,4.0,237.0,22.13,40.0,24.8,17.073326110839844,30.66569479225255,259.31879906690614,259.31879906690614
2026-09-23T06:55:45.517494+07:00,sustained:parallel_self_play_and_train,2.0,237.0,24.12,39.0,31.4,17.058822631835938,30.65914914336205,259.1496517956368,259.1496517956368
2026-09-23T06:55:46.523737+07:00,sustained:parallel_self_play_and_train,3.0,237.0,22.06,40.0,28.9,17.055130004882812,30.683371662707994,259.4310383644882,259.4310383644882
2026-09-23T06:55:47.512631+07:00,sustained:parallel_self_play_and_train,2.0,237.0,23.94,39.0,26.9,17.05606460571289,30.70293975856655,260.3237134680885,260.3237134680885
2026-09-23T06:55:48.508103+07:00,sustained:parallel_self_play_and_train,4.0,237.0,23.49,40.0,33.6,17.073257446289062,30.73231430810814,261.42245383971397,261.42245383971397
2026-09-23T06:55:49.523919+07:00,sustained:parallel_self_play_and_train,2.0,237.0,23.09,40.0,26.1,17.072284698486328,30.75775663291417,262.09789317192974,262.09789317192974
2026-09-23T06:55:50.504010+07:00,sustained:parallel_self_play_and_train,1.0,237.0,22.71,39.0,28.3,17.068618774414062,30.795601644252233,261.8958641755662,261.8958641755662
2026-09-23T06:55:51.513010+07:00,sustained:parallel_self_play_and_train,4.0,237.0,22.04,40.0,28.6,17.07040023803711,30.795027705835064,261.85941719485317,261.85941719485317
2026-09-23T06:55:52.503055+07:00,sustained:parallel_self_play_and_train,2.0,237.0,23.56,39.0,27.4,17.061141967773438,30.75524714768472,262.2962690151373,262.2962690151373
2026-09-23T06:55:53.516107+07:00,sustained:parallel_self_play_and_train,3.0,237.0,22.79,40.0,29.3,17.05441665649414,30.805721657469014,262.66823585735506,262.66823585735506
2026-09-23T06:55:54.505744+07:00,sustained:parallel_self_play_and_train,1.0,237.0,23.82,40.0,25.1,17.065563201904297,30.796399007858287,262.63729008428965,262.63729008428965
2026-09-23T06:55:55.510454+07:00,sustained:parallel_self_play_and_train,3.0,237.0,22.17,39.0,28.2,17.073482513427734,30.80701515013975,263.1799294254796,263.1799294254796
2026-09-23T06:55:56.510524+07:00,sustained:parallel_self_play_and_train,2.0,237.0,21.73,40.0,25.9,17.06362533569336,30.844346117717908,263.1780304272299,263.1780304272299
2026-09-23T06:55:57.510508+07:00,sustained:parallel_self_play_and_train,1.0,237.0,23.49,40.0,26.2,17.068016052246094,30.874408168299066,262.9559920038306,262.9559920038306
2026-09-23T06:55:58.514585+07:00,sustained:parallel_self_play_and_train,4.0,237.0,21.91,40.0,26.6,17.06780242919922,30.852032268850145,263.4157062817765,263.4157062817765
2026-09-23T06:55:59.507554+07:00,sustained:parallel_self_play_and_train,1.0,237.0,24.35,40.0,29.3,17.06174087524414,30.85807240688511,263.26119908484105,263.26119908484105
2026-09-23T06:56:00.507538+07:00,sustained:parallel_self_play_and_train,3.0,237.0,22.16,40.0,30.6,17.06368637084961,30.86026995033927,263.82959118377545,263.82959118377545
2026-09-23T06:56:01.522967+07:00,sustained:parallel_self_play_and_train,1.0,237.0,22.76,40.0,24.6,17.064468383789062,30.8413017348297,264.3558354899059,264.3558354899059
2026-09-23T06:56:02.513597+07:00,sustained:parallel_self_play_and_train,3.0,237.0,23.32,40.0,33.2,17.074649810791016,30.86062128572703,264.2095710970313,264.2095710970313
2026-09-23T06:56:03.527352+07:00,sustained:parallel_self_play_and_train,2.0,237.0,22.3,40.0,22.7,17.062095642089844,30.85521980468537,264.490944165763,264.490944165763
2026-09-23T06:56:04.520824+07:00,sustained:parallel_self_play_and_train,2.0,237.0,23.18,39.0,30.2,17.065052032470703,30.892130035328062,264.37288743725594,264.37288743725594
2026-09-23T06:56:05.509110+07:00,sustained:parallel_self_play_and_train,3.0,237.0,22.4,40.0,25.8,17.057823181152344,30.872508140279074,265.2382593895695,265.2382593895695
2026-09-23T06:56:06.514462+07:00,sustained:parallel_self_play_and_train,2.0,237.0,23.6,40.0,26.4,17.056232452392578,30.853158388013767,265.5763339073681,265.5763339073681
2026-09-23T06:56:07.517652+07:00,sustained:parallel_self_play_and_train,4.0,237.0,21.84,41.0,26.8,17.055416107177734,30.861992058921214,265.6958369774912,265.6958369774912
2026-09-23T06:56:08.517261+07:00,sustained:parallel_self_play_and_train,1.0,237.0,23.65,40.0,29.8,17.056373596191406,30.888408328693068,265.58181085341056,265.58181085341056
2026-09-23T06:56:09.511449+07:00,sustained:parallel_self_play_and_train,3.0,237.0,22.53,40.0,33.0,17.055728912353516,30.898888251314723,265.7765567049653,265.7765567049653
2026-09-23T06:56:10.517677+07:00,sustained:parallel_self_play_and_train,3.0,237.0,22.6,41.0,28.0,17.057228088378906,30.955583310724297,265.8310716808449,265.8310716808449
2026-09-23T06:56:11.512176+07:00,sustained:parallel_self_play_and_train,1.0,237.0,23.23,40.0,31.0,17.06332778930664,30.94012253390323,265.7350013103448,265.7350013103448
2026-09-23T06:56:12.524953+07:00,sustained:parallel_self_play_and_train,3.0,237.0,22.36,41.0,27.7,17.05321502685547,30.949281425316702,266.0858904124081,266.0858904124081
2026-09-23T06:56:13.534475+07:00,sustained:parallel_self_play_and_train,1.0,237.0,23.5,40.0,25.5,17.067333221435547,30.962136331016996,266.4939620661151,266.4939620661151
2026-09-23T06:56:14.525851+07:00,sustained:parallel_self_play_and_train,3.0,237.0,22.36,40.0,29.0,17.062610626220703,30.936923205101774,266.2209388061557,266.2209388061557
2026-09-23T06:56:15.512169+07:00,sustained:parallel_self_play_and_train,3.0,237.0,22.92,41.0,27.3,17.074249267578125,31.001034212801567,266.09221032654676,266.09221032654676
2026-09-23T06:56:16.490544+07:00,sustained:parallel_self_play_and_train,1.0,237.0,24.33,41.0,28.9,17.061817169189453,31.027072324239263,266.1908825610596,266.1908825610596
2026-09-23T06:56:17.507834+07:00,sustained:parallel_self_play_and_train,3.0,237.0,23.14,40.0,30.5,17.06069564819336,31.051545276821802,266.8637396290668,266.8637396290668
2026-09-23T06:56:18.511621+07:00,sustained:parallel_self_play_and_train,3.0,237.0,23.35,41.0,27.5,17.062255859375,31.0772209497599,267.5978152922279,267.5978152922279
2026-09-23T06:56:19.516379+07:00,sustained:parallel_self_play_and_train,1.0,237.0,23.84,40.0,26.3,17.059978485107422,31.052096449998036,267.6587207001664,267.6587207001664
2026-09-23T06:56:20.514966+07:00,sustained:parallel_self_play_and_train,3.0,237.0,21.39,41.0,20.7,17.064788818359375,31.0253070909141,267.85862168030644,267.85862168030644
2026-09-23T06:56:21.502722+07:00,sustained:parallel_self_play_and_train,2.0,237.0,23.16,40.0,29.2,17.06720733642578,31.04184827141038,268.3902548093805,268.3902548093805
2026-09-23T06:56:22.516590+07:00,sustained:parallel_self_play_and_train,4.0,237.0,21.94,41.0,25.7,17.065013885498047,31.03648773644251,268.8861132702053,268.8861132702053
2026-09-23T06:56:23.529031+07:00,sustained:parallel_self_play_and_train,1.0,237.0,22.84,41.0,25.3,17.069156646728516,31.07614194452085,268.8185246805972,268.8185246805972
2026-09-23T06:56:24.518218+07:00,sustained:parallel_self_play_and_train,3.0,237.0,23.38,40.0,31.2,17.069740295410156,31.09027209756425,268.7931119321061,268.7931119321061
2026-09-23T06:56:25.514872+07:00,sustained:parallel_self_play_and_train,3.0,237.0,22.03,41.0,23.3,17.060176849365234,31.075034325578315,269.9158059623279,269.9158059623279
2026-09-23T06:56:26.509765+07:00,sustained:parallel_self_play_and_train,1.0,237.0,23.35,40.0,29.8,17.05970001220703,31.067160444255514,269.9369611519816,269.9369611519816
2026-09-23T06:56:27.528363+07:00,sustained:parallel_self_play_and_train,3.0,237.0,22.06,41.0,24.6,17.06810760498047,31.09013468836661,269.9882555299567,269.9882555299567
2026-09-23T06:56:28.526424+07:00,sustained:parallel_self_play_and_train,1.0,237.0,23.97,41.0,25.0,17.05933380126953,31.109498231165468,270.22582747077297,270.22582747077297
2026-09-23T06:56:29.513171+07:00,sustained:parallel_self_play_and_train,3.0,237.0,23.68,41.0,32.0,17.066299438476562,31.115901418711704,270.95202108884195,270.95202108884195
2026-09-23T06:56:30.518080+07:00,sustained:parallel_self_play_and_train,2.0,237.0,21.91,41.0,25.1,17.058704376220703,31.124413656686542,270.9306103067762,270.9306103067762
2026-09-23T06:56:31.508491+07:00,sustained:parallel_self_play_and_train,2.0,237.0,24.93,40.0,30.6,17.06570053100586,31.127026746670335,271.6063313134758,271.6063313134758
2026-09-23T06:56:32.521812+07:00,sustained:parallel_self_play_and_train,3.0,237.0,22.46,41.0,24.6,17.068302154541016,31.12327254097757,271.93731873376953,271.93731873376953
2026-09-23T06:56:33.534780+07:00,sustained:parallel_self_play_and_train,1.0,237.0,23.54,41.0,24.1,17.059814453125,31.15383981295204,272.1368943660874,272.1368943660874
2026-09-23T06:56:34.524456+07:00,sustained:parallel_self_play_and_train,3.0,237.0,22.07,41.0,26.7,17.058521270751953,31.108595037614702,272.1465710704431,272.1465710704431
2026-09-23T06:56:35.521273+07:00,sustained:parallel_self_play_and_train,1.0,237.0,23.08,41.0,26.8,17.064159393310547,31.14749606256806,272.1247006852715,272.1247006852715
2026-09-23T06:56:36.515241+07:00,sustained:parallel_self_play_and_train,3.0,237.0,23.23,41.0,37.2,17.132545471191406,31.130858593114286,272.447776856857,272.447776856857
2026-09-23T06:56:37.515584+07:00,sustained:parallel_self_play_and_train,3.0,237.0,23.21,41.0,38.1,17.153255462646484,31.154801359118377,272.5522971414046,272.5522971414046
2026-09-23T06:56:38.497497+07:00,sustained:parallel_self_play_and_train,1.0,237.0,24.2,41.0,42.5,17.182647705078125,31.1568251357898,272.33661570774933,272.33661570774933
2026-09-23T06:56:39.514245+07:00,sustained:parallel_self_play_and_train,3.0,237.0,22.14,41.0,32.1,17.1829833984375,31.16090039726504,272.36681512071004,272.36681512071004
2026-09-23T06:56:40.533624+07:00,sustained:parallel_self_play_and_train,2.0,237.0,22.01,41.0,29.4,17.18585205078125,31.181094864224843,272.41939700535136,272.41939700535136
2026-09-23T06:56:41.513592+07:00,sustained:parallel_self_play_and_train,3.0,237.0,23.58,41.0,38.4,17.18396759033203,31.189869014648004,272.6247442710084,272.6247442710084
2026-09-23T06:56:42.514962+07:00,sustained:parallel_self_play_and_train,4.0,237.0,23.01,41.0,32.4,17.19739532470703,31.240671391429647,272.66256565749904,272.66256565749904
2026-09-23T06:56:43.513892+07:00,sustained:parallel_self_play_and_train,4.0,237.0,22.48,42.0,27.9,17.181262969970703,31.268833371374324,272.7419854729055,272.7419854729055
2026-09-23T06:56:44.513491+07:00,sustained:parallel_self_play_and_train,1.0,237.0,22.76,41.0,28.1,17.164146423339844,31.315826718290857,272.94776193337543,272.94776193337543
2026-09-23T06:56:45.496728+07:00,sustained:parallel_self_play_and_train,2.0,237.0,23.66,41.0,28.8,17.16391372680664,31.329031459175194,273.0031381997189,273.0031381997189
2026-09-23T06:56:46.498210+07:00,sustained:parallel_self_play_and_train,3.0,237.0,22.28,42.0,27.3,17.164058685302734,31.333691846758033,273.19264471236534,273.19264471236534
2026-09-23T06:56:47.506136+07:00,sustained:parallel_self_play_and_train,1.0,237.0,21.33,41.0,30.7,17.147705078125,31.290980252347158,272.8573478004672,272.8573478004672
2026-09-23T06:56:48.497455+07:00,sustained:parallel_self_play_and_train,2.0,237.0,20.34,41.0,25.3,17.13534927368164,31.200539806905933,272.0575640662887,272.0575640662887
2026-09-23T06:56:49.497347+07:00,sustained:parallel_self_play_and_train,3.0,237.0,20.64,41.0,31.3,17.11511993408203,31.19018843497775,271.60004442021614,271.60004442021614
2026-09-23T06:56:50.497383+07:00,sustained:parallel_self_play_and_train,4.0,237.0,18.96,41.0,27.0,17.113815307617188,31.102192670809064,270.7225957500297,270.7225957500297
2026-09-23T06:56:51.497167+07:00,sustained:parallel_self_play_and_train,3.0,237.0,20.99,41.0,30.1,17.115516662597656,31.048050955947637,270.05563517411946,270.05563517411946
2026-09-23T06:56:52.497589+07:00,sustained:parallel_self_play_and_train,4.0,237.0,20.16,41.0,26.4,17.113887786865234,30.91472547894784,269.46047595587913,269.46047595587913
2026-09-23T06:56:53.497245+07:00,sustained:parallel_self_play_and_train,2.0,237.0,19.8,41.0,27.7,17.11782455444336,30.854946590201017,268.99066124382705,268.99066124382705
2026-09-23T06:56:54.530921+07:00,sustained:parallel_self_play_and_train,3.0,237.0,19.03,41.0,26.6,17.121585845947266,30.75135769326979,267.64285109590674,267.64285109590674
2026-09-23T06:56:55.503456+07:00,sustained:parallel_self_play_and_train,3.0,237.0,20.09,41.0,32.4,17.121631622314453,30.71050783148594,267.1437827076636,267.1437827076636
2026-09-23T06:56:56.503751+07:00,sustained:parallel_self_play_and_train,2.0,237.0,21.3,41.0,27.6,17.120708465576172,30.612401655093556,266.93267599298775,266.93267599298775
2026-09-23T06:56:57.499303+07:00,sustained:parallel_self_play_and_train,3.0,237.0,20.29,41.0,32.6,17.1207275390625,30.574286606125835,266.46381290440786,266.46381290440786
2026-09-23T06:56:58.497437+07:00,sustained:parallel_self_play_and_train,2.0,237.0,20.67,41.0,30.4,17.121246337890625,30.48496711715694,265.9334752261166,265.9334752261166
2026-09-23T06:56:59.506120+07:00,sustained:parallel_self_play_and_train,2.0,237.0,21.52,41.0,29.1,17.120620727539062,30.40451029510021,265.40360152547447,265.40360152547447
2026-09-23T06:57:00.499587+07:00,sustained:parallel_self_play_and_train,3.0,237.0,20.61,41.0,30.2,17.110027313232422,30.328570613691536,264.92514325782753,264.92514325782753
2026-09-23T06:57:01.497601+07:00,sustained:parallel_self_play_and_train,2.0,237.0,20.92,41.0,33.9,17.112117767333984,30.296752689090948,264.4040888252237,264.4040888252237
2026-09-23T06:57:02.497546+07:00,sustained:parallel_self_play_and_train,1.0,237.0,19.27,41.0,27.0,17.114051818847656,30.210225341162033,263.6092719757369,263.6092719757369
2026-09-23T06:57:03.497869+07:00,sustained:parallel_self_play_and_train,2.0,257.0,22.01,41.0,25.3,17.086040496826172,30.081327074180383,263.4670193931044,263.4670193931044
2026-09-23T06:57:04.498248+07:00,sustained:parallel_self_play_and_train,2.0,257.0,19.8,41.0,35.3,15.986949920654297,30.081327074180383,263.4670193931044,263.4670193931044
2026-09-23T06:57:05.497791+07:00,sustained:parallel_self_play_and_train,3.0,257.0,19.59,41.0,35.5,15.780437469482422,29.951619128527536,262.5477374407219,262.5477374407219
2026-09-23T06:57:06.496790+07:00,sustained:parallel_self_play_and_train,3.0,257.0,19.53,41.0,32.4,15.601593017578125,29.9031510298669,261.9040933424277,261.9040933424277
2026-09-23T06:57:07.497718+07:00,sustained:parallel_self_play_and_train,3.0,257.0,20.17,41.0,35.0,15.427783966064453,29.830788177076183,261.13733222360503,261.13733222360503
2026-09-23T06:57:08.514721+07:00,sustained:parallel_self_play_and_train,3.0,257.0,20.24,41.0,37.0,15.29257583618164,29.769909444923034,260.4798164603347,260.4798164603347
2026-09-23T06:57:09.508401+07:00,sustained:parallel_self_play_and_train,3.0,257.0,18.68,41.0,41.1,15.097549438476562,29.68049107924641,259.36392433928626,259.36392433928626
2026-09-23T06:57:10.497409+07:00,sustained:parallel_self_play_and_train,2.0,257.0,20.1,41.0,38.9,14.831401824951172,29.631995418476375,258.9078686449979,258.9078686449979
2026-09-23T06:57:11.498055+07:00,sustained:parallel_self_play_and_train,2.0,257.0,20.83,41.0,38.3,14.642471313476562,29.59375743200533,258.46111604479563,258.46111604479563
2026-09-23T06:57:12.498319+07:00,sustained:parallel_self_play_and_train,1.0,257.0,20.64,41.0,35.7,14.495010375976562,29.53647227915696,258.17015159116517,258.17015159116517
2026-09-23T06:57:13.506397+07:00,sustained:parallel_self_play_and_train,1.0,257.0,21.14,41.0,37.0,14.326534271240234,29.496005814316167,257.6383102456778,257.6383102456778
2026-09-23T06:57:14.516414+07:00,sustained:parallel_self_play_and_train,1.0,257.0,20.07,41.0,27.2,14.25759506225586,29.412223054762034,257.1327329883916,257.1327329883916
2026-09-23T06:57:15.519305+07:00,sustained:parallel_self_play_and_train,3.0,257.0,20.96,41.0,31.5,14.256919860839844,29.379258134502358,256.76684665140743,256.76684665140743
2026-09-23T06:57:16.498367+07:00,sustained:parallel_self_play_and_train,1.0,257.0,18.64,41.0,21.5,14.256755828857422,29.28028636432216,256.241546069638,256.241546069638
2026-09-23T06:57:17.497631+07:00,sustained:parallel_self_play_and_train,1.0,257.0,20.83,41.0,32.7,14.258289337158203,29.248376154905696,255.80681552117963,255.80681552117963
2026-09-23T06:57:18.497594+07:00,sustained:parallel_self_play_and_train,3.0,257.0,20.85,41.0,31.5,14.258220672607422,29.21400498833477,255.41019515352065,255.41019515352065
2026-09-23T06:57:19.519483+07:00,sustained:parallel_self_play_and_train,3.0,257.0,21.13,41.0,29.2,14.257644653320312,29.140057595081462,255.10331122711668,255.10331122711668
2026-09-23T06:57:20.497522+07:00,sustained:parallel_self_play_and_train,3.0,257.0,20.73,41.0,29.1,14.257823944091797,29.096898722742456,254.89010341815504,254.89010341815504
2026-09-23T06:57:21.497591+07:00,sustained:parallel_self_play_and_train,3.0,257.0,20.63,41.0,27.2,14.257801055908203,29.0445910088943,254.27908024134592,254.27908024134592
2026-09-23T06:57:22.497704+07:00,sustained:parallel_self_play_and_train,2.0,257.0,21.4,41.0,28.5,14.258007049560547,29.007366268720347,254.26023905153662,254.26023905153662
2026-09-23T06:57:23.497637+07:00,sustained:parallel_self_play_and_train,3.0,257.0,20.46,41.0,26.2,14.257797241210938,28.923504975989633,253.85985779034004,253.85985779034004
2026-09-23T06:57:24.497686+07:00,sustained:parallel_self_play_and_train,3.0,257.0,20.67,41.0,27.2,14.258602142333984,28.87745323012676,253.53288497943694,253.53288497943694
2026-09-23T06:57:25.497478+07:00,sustained:parallel_self_play_and_train,2.0,257.0,19.78,41.0,26.8,14.258724212646484,28.846472483746787,253.2880542253433,253.2880542253433
2026-09-23T06:57:26.519447+07:00,sustained:parallel_self_play_and_train,2.0,257.0,18.46,41.0,24.5,14.25784683227539,28.776437065149672,252.28765724427086,252.28765724427086
2026-09-23T06:57:27.503814+07:00,sustained:parallel_self_play_and_train,3.0,257.0,20.45,42.0,29.4,14.258880615234375,28.745324093946174,252.0977051867811,252.0977051867811
2026-09-23T06:57:28.497641+07:00,sustained:parallel_self_play_and_train,2.0,257.0,18.82,41.0,26.7,14.258796691894531,28.6968345652791,251.50725722569612,251.50725722569612
2026-09-23T06:57:29.497704+07:00,sustained:parallel_self_play_and_train,4.0,257.0,21.85,42.0,32.7,14.258880615234375,28.661303910452204,251.45197506040245,251.45197506040245
2026-09-23T06:57:30.498955+07:00,sustained:parallel_self_play_and_train,3.0,257.0,20.7,41.0,28.9,14.259201049804688,28.599201511365244,251.08311476884225,251.08311476884225
2026-09-23T06:57:31.499574+07:00,sustained:parallel_self_play_and_train,3.0,257.0,20.92,41.0,29.9,14.25936508178711,28.567895449235824,250.77515028062592,250.77515028062592
2026-09-23T06:57:32.499698+07:00,sustained:parallel_self_play_and_train,1.0,257.0,20.35,41.0,28.9,14.258445739746094,28.534204522528725,250.2638392523439,250.2638392523439
2026-09-23T06:57:33.498075+07:00,sustained:parallel_self_play_and_train,1.0,257.0,20.66,41.0,29.8,14.26150131225586,28.49788370933335,249.98976876131866,249.98976876131866
2026-09-23T06:57:34.497653+07:00,sustained:parallel_self_play_and_train,2.0,257.0,19.75,41.0,27.8,14.258983612060547,28.4568579955969,249.42319406673485,249.42319406673485
2026-09-23T06:57:35.499648+07:00,sustained:parallel_self_play_and_train,1.0,257.0,20.06,41.0,26.9,14.259075164794922,28.393906836102943,249.00297360289377,249.00297360289377
2026-09-23T06:57:36.497651+07:00,sustained:parallel_self_play_and_train,1.0,257.0,18.58,41.0,26.5,14.257400512695312,28.337600286695913,248.3283813741655,248.3283813741655
2026-09-23T06:57:37.498454+07:00,sustained:parallel_self_play_and_train,1.0,257.0,20.19,41.0,30.0,14.24993896484375,28.295474671742394,247.9290731106011,247.9290731106011
2026-09-23T06:57:38.687835+07:00,sustained:parallel_self_play_and_train,3.0,257.0,20.54,42.0,31.3,14.277122497558594,28.273072785273413,247.55469314347562,247.55469314347562
2026-09-23T06:57:39.496230+07:00,sustained:parallel_self_play_and_train,3.0,257.0,20.7,41.0,29.8,14.26767349243164,28.233567399886773,247.3838782116585,247.3838782116585
2026-09-23T06:57:40.506326+07:00,sustained:parallel_self_play_and_train,3.0,257.0,19.45,41.0,25.6,14.260021209716797,28.193029955727756,246.76231399050278,246.76231399050278
2026-09-23T06:57:41.501187+07:00,sustained:parallel_self_play_and_train,2.0,257.0,19.15,41.0,26.8,14.259593963623047,28.157797513323363,246.41438297964314,246.41438297964314
2026-09-23T06:57:42.499227+07:00,sustained:parallel_self_play_and_train,2.0,257.0,20.66,41.0,31.0,14.236255645751953,28.125755204778542,245.96084536718536,245.96084536718536
2026-09-23T07:00:48.770336+07:00,parallel_autotune:sequential,0.0,0.0,12.01,38.0,0.0,10.371959686279297,0.0,0.0,0.0
2026-09-23T07:00:49.794088+07:00,parallel_autotune:sequential,0.0,163.0,16.63,39.0,19.7,11.04608154296875,0.0,0.0,0.0
2026-09-23T07:00:50.753342+07:00,parallel_autotune:sequential,1.0,167.0,25.14,39.0,5.4,11.03338623046875,0.0,0.0,0.0
2026-09-23T07:00:51.788654+07:00,parallel_autotune:sequential,1.0,169.0,25.44,40.0,5.8,11.030670166015625,0.0,0.0,0.0
2026-09-23T07:00:52.786586+07:00,parallel_autotune:sequential,1.0,171.0,25.63,40.0,5.8,11.033843994140625,0.0,0.0,0.0
2026-09-23T07:00:53.777587+07:00,parallel_autotune:sequential,1.0,175.0,25.74,40.0,5.7,11.0352783203125,0.0,0.0,0.0
2026-09-23T07:00:54.780355+07:00,parallel_autotune:workers_1,1.0,177.0,25.33,40.0,20.1,11.167278289794922,0.0,0.0,0.0
2026-09-23T07:00:55.763214+07:00,parallel_autotune:workers_1,0.0,180.0,20.75,39.0,5.5,11.403095245361328,0.0,0.0,0.0
2026-09-23T07:00:56.779909+07:00,parallel_autotune:workers_1,3.0,177.0,14.86,39.0,5.9,11.403297424316406,0.0,0.0,0.0
2026-09-23T07:00:57.775969+07:00,parallel_autotune:workers_1,3.0,177.0,15.43,39.0,6.4,11.402706146240234,0.0,0.0,0.0
2026-09-23T07:00:58.776887+07:00,parallel_autotune:workers_1,4.0,177.0,15.66,39.0,6.6,11.403472900390625,0.0,0.0,0.0
2026-09-23T07:00:59.762189+07:00,parallel_autotune:workers_1,3.0,177.0,15.46,39.0,6.7,11.403671264648438,0.0,0.0,0.0
2026-09-23T07:01:00.777836+07:00,parallel_autotune:workers_1,3.0,177.0,15.81,39.0,6.3,11.404216766357422,0.0,0.0,0.0
2026-09-23T07:01:01.778129+07:00,parallel_autotune:workers_1,3.0,177.0,15.6,39.0,6.4,11.402603149414062,0.0,0.0,0.0
2026-09-23T07:01:02.761151+07:00,parallel_autotune:workers_1,4.0,177.0,15.23,39.0,6.8,11.404579162597656,0.0,0.0,0.0
2026-09-23T07:01:03.775945+07:00,parallel_autotune:workers_1,2.0,177.0,13.75,39.0,5.7,11.407989501953125,0.0,0.0,0.0
2026-09-23T07:01:04.776038+07:00,parallel_autotune:workers_1,4.0,177.0,14.03,39.0,6.9,11.407325744628906,0.0,0.0,0.0
2026-09-23T07:01:05.774265+07:00,parallel_autotune:workers_1,4.0,177.0,13.94,39.0,6.0,11.40719985961914,0.0,0.0,0.0
2026-09-23T07:01:06.771402+07:00,parallel_autotune:workers_1,4.0,177.0,14.19,39.0,6.8,11.407783508300781,0.0,0.0,0.0
2026-09-23T07:01:07.756427+07:00,parallel_autotune:workers_1,4.0,197.0,14.1,39.0,6.7,11.477066040039062,0.0,0.0,0.0
2026-09-23T07:01:08.768532+07:00,parallel_autotune:workers_2,6.0,229.0,12.94,38.0,19.4,12.045783996582031,0.0,0.0,0.0
2026-09-23T07:01:09.770277+07:00,parallel_autotune:workers_2,0.0,229.0,12.98,39.0,11.6,12.221797943115234,0.0,0.0,0.0
2026-09-23T07:01:10.776369+07:00,parallel_autotune:workers_2,3.0,229.0,17.21,39.0,11.5,12.206680297851562,0.0,0.0,0.0
2026-09-23T07:01:11.766725+07:00,parallel_autotune:workers_2,2.0,229.0,16.51,39.0,9.6,12.207324981689453,0.0,0.0,0.0
2026-09-23T07:01:12.768590+07:00,parallel_autotune:workers_2,2.0,229.0,17.12,39.0,11.4,12.2144775390625,0.0,0.0,0.0
2026-09-23T07:01:13.769869+07:00,parallel_autotune:workers_2,2.0,229.0,17.19,39.0,11.1,12.214862823486328,0.0,0.0,0.0
2026-09-23T07:01:14.781010+07:00,parallel_autotune:workers_2,1.0,229.0,15.44,39.0,10.2,12.0816650390625,0.0,0.0,0.0
2026-09-23T07:01:15.770661+07:00,parallel_autotune:workers_4,2.0,229.0,11.97,38.0,33.1,12.85384750366211,0.0,0.0,0.0
2026-09-23T07:01:16.778913+07:00,parallel_autotune:workers_4,0.0,229.0,16.82,39.0,20.2,12.95327377319336,0.0,0.0,0.0
2026-09-23T07:01:17.775306+07:00,parallel_autotune:workers_4,2.0,229.0,19.31,39.0,16.6,12.95541763305664,0.0,0.0,0.0
2026-09-23T07:01:18.767222+07:00,parallel_autotune:workers_4,3.0,229.0,19.71,39.0,19.3,12.947803497314453,0.0,0.0,0.0
2026-09-23T07:01:19.789754+07:00,parallel_autotune:workers_8,1.0,229.0,13.7,38.0,40.9,13.356094360351562,0.0,0.0,0.0
2026-09-23T07:01:20.804544+07:00,parallel_autotune:workers_8,0.0,229.0,12.59,38.0,41.0,14.275318145751953,0.0,0.0,0.0
2026-09-23T07:01:21.771600+07:00,parallel_autotune:workers_8,14.0,229.0,18.06,39.0,30.2,14.410140991210938,0.0,0.0,0.0
2026-09-23T07:01:22.785821+07:00,parallel_autotune:workers_8,3.0,229.0,21.41,40.0,30.8,14.41464614868164,0.0,0.0,0.0
2026-09-23T07:01:23.793073+07:00,parallel_autotune:workers_12,0.0,229.0,12.61,38.0,62.6,14.742267608642578,0.0,0.0,0.0
2026-09-23T07:01:24.791302+07:00,parallel_autotune:workers_12,0.0,232.0,12.41,38.0,56.5,15.59011459350586,0.0,0.0,0.0
2026-09-23T07:01:25.764089+07:00,parallel_autotune:workers_12,7.0,229.0,17.14,39.0,45.0,15.889068603515625,0.0,0.0,0.0
2026-09-23T07:01:26.793666+07:00,parallel_autotune:workers_12,3.0,229.0,20.34,39.0,44.1,15.85415267944336,0.0,0.0,0.0
2026-09-23T07:01:27.796611+07:00,parallel_autotune:batch_1,0.0,229.0,12.46,39.0,77.2,14.827400207519531,0.0,0.0,0.0
2026-09-23T07:01:28.755922+07:00,parallel_autotune:batch_1,0.0,229.0,12.28,38.0,55.1,15.57470703125,0.0,0.0,0.0
2026-09-23T07:01:29.786264+07:00,parallel_autotune:batch_1,2.0,229.0,23.61,40.0,45.8,15.890483856201172,0.0,0.0,0.0
2026-09-23T07:01:30.795867+07:00,parallel_autotune:batch_1,5.0,229.0,23.85,39.0,44.7,15.75369644165039,0.0,0.0,0.0
2026-09-23T07:01:31.791005+07:00,parallel_autotune:batch_2,0.0,229.0,13.92,39.0,78.1,14.863700866699219,0.0,0.0,0.0
2026-09-23T07:01:32.757150+07:00,parallel_autotune:batch_2,0.0,229.0,13.84,39.0,64.8,15.538185119628906,0.0,0.0,0.0
2026-09-23T07:01:33.787159+07:00,parallel_autotune:batch_2,3.0,229.0,17.1,39.0,49.7,15.888214111328125,0.0,0.0,0.0
2026-09-23T07:01:34.789179+07:00,parallel_autotune:batch_2,4.0,229.0,23.16,39.0,50.9,15.879535675048828,0.0,0.0,0.0
2026-09-23T07:01:35.783404+07:00,parallel_autotune:batch_4,0.0,229.0,13.07,39.0,75.8,14.417949676513672,0.0,0.0,0.0
2026-09-23T07:01:36.747647+07:00,parallel_autotune:batch_4,0.0,229.0,12.57,39.0,60.4,15.470722198486328,0.0,0.0,0.0
2026-09-23T07:01:37.795923+07:00,parallel_autotune:batch_4,1.0,229.0,16.91,39.0,48.6,15.885120391845703,0.0,0.0,0.0
2026-09-23T07:01:38.800259+07:00,parallel_autotune:batch_4,4.0,229.0,21.93,39.0,44.0,15.876956939697266,0.0,0.0,0.0
2026-09-23T07:01:39.790863+07:00,parallel_autotune:batch_8,0.0,229.0,13.44,39.0,72.2,14.667987823486328,0.0,0.0,0.0
2026-09-23T07:01:40.763121+07:00,parallel_autotune:batch_8,0.0,229.0,12.81,39.0,54.0,15.53118896484375,0.0,0.0,0.0
2026-09-23T07:01:41.791021+07:00,parallel_autotune:batch_8,15.0,229.0,16.99,39.0,45.0,15.884777069091797,0.0,0.0,0.0
2026-09-23T07:01:42.800942+07:00,parallel_autotune:batch_8,4.0,229.0,21.22,39.0,44.3,15.877731323242188,0.0,0.0,0.0
2026-09-23T07:01:43.784090+07:00,parallel_autotune:batch_16,2.0,229.0,12.87,39.0,72.0,14.735443115234375,0.0,0.0,0.0
2026-09-23T07:01:44.764085+07:00,parallel_autotune:batch_16,0.0,229.0,12.82,39.0,56.3,15.569507598876953,0.0,0.0,0.0
2026-09-23T07:01:45.788889+07:00,parallel_autotune:batch_16,16.0,229.0,16.98,39.0,45.0,15.880939483642578,0.0,0.0,0.0
2026-09-23T07:01:46.799357+07:00,parallel_autotune:batch_16,4.0,229.0,20.96,39.0,44.1,15.875934600830078,0.0,0.0,0.0
2026-09-23T07:01:47.794227+07:00,parallel_autotune:batch_32,2.0,229.0,12.98,39.0,79.4,14.578006744384766,0.0,0.0,0.0
2026-09-23T07:01:48.754079+07:00,parallel_autotune:batch_32,0.0,229.0,12.55,39.0,55.6,15.54684829711914,0.0,0.0,0.0
2026-09-23T07:01:49.791161+07:00,parallel_autotune:batch_32,13.0,229.0,16.65,39.0,44.9,15.890216827392578,0.0,0.0,0.0
2026-09-23T07:01:50.816883+07:00,parallel_autotune:batch_32,4.0,229.0,21.3,39.0,43.2,15.879745483398438,0.0,0.0,0.0
2026-09-23T07:01:51.792534+07:00,parallel_autotune:pin_memory_False,2.0,229.0,12.72,39.0,69.7,14.664237976074219,0.0,0.0,0.0
2026-09-23T07:01:52.756110+07:00,parallel_autotune:pin_memory_False,0.0,229.0,12.42,39.0,54.2,15.547260284423828,0.0,0.0,0.0
2026-09-23T07:01:53.779404+07:00,parallel_autotune:pin_memory_False,32.0,229.0,17.2,40.0,43.8,15.881458282470703,0.0,0.0,0.0
2026-09-23T07:01:54.796570+07:00,parallel_autotune:pin_memory_False,3.0,229.0,22.57,39.0,44.5,15.875244140625,0.0,0.0,0.0
2026-09-23T07:01:55.787128+07:00,parallel_autotune:pin_memory_True,0.0,229.0,13.97,39.0,76.6,14.533206939697266,0.0,0.0,0.0
2026-09-23T07:01:56.764455+07:00,parallel_autotune:pin_memory_True,0.0,229.0,13.6,39.0,55.5,15.539146423339844,0.0,0.0,0.0
2026-09-23T07:01:57.791114+07:00,parallel_autotune:pin_memory_True,14.0,229.0,17.15,39.0,48.4,15.886730194091797,0.0,0.0,0.0
2026-09-23T07:01:58.782355+07:00,parallel_autotune:pin_memory_True,4.0,229.0,21.32,39.0,45.0,15.882331848144531,0.0,0.0,0.0
2026-09-23T07:02:49.093134+07:00,parallel_autotune:sequential,0.0,0.0,11.92,38.0,0.0,10.366718292236328,0.0,0.0,0.0
2026-09-23T07:02:50.107400+07:00,parallel_autotune:sequential,2.0,163.0,16.46,38.0,19.7,11.085372924804688,0.0,0.0,0.0
2026-09-23T07:02:51.094868+07:00,parallel_autotune:sequential,1.0,167.0,24.98,39.0,5.4,11.058708190917969,0.0,0.0,0.0
2026-09-23T07:02:52.113103+07:00,parallel_autotune:sequential,1.0,169.0,25.42,39.0,6.9,11.058113098144531,0.0,0.0,0.0
2026-09-23T07:02:53.087923+07:00,parallel_autotune:sequential,1.0,171.0,25.37,40.0,5.8,11.059368133544922,0.0,0.0,0.0
2026-09-23T07:02:54.101887+07:00,parallel_autotune:sequential,1.0,175.0,25.52,40.0,6.9,11.060787200927734,0.0,0.0,0.0
2026-09-23T07:02:55.106328+07:00,parallel_autotune:workers_1,1.0,177.0,25.17,40.0,18.7,11.086101531982422,0.0,0.0,0.0
2026-09-23T07:02:56.104185+07:00,parallel_autotune:workers_1,0.0,177.0,23.93,39.0,7.8,11.42623519897461,0.0,0.0,0.0
2026-09-23T07:02:57.087066+07:00,parallel_autotune:workers_1,0.0,177.0,20.15,39.0,6.0,11.431201934814453,0.0,0.0,0.0
2026-09-23T07:02:58.091387+07:00,parallel_autotune:workers_1,3.0,177.0,15.41,39.0,7.3,11.429237365722656,0.0,0.0,0.0
2026-09-23T07:02:59.095601+07:00,parallel_autotune:workers_1,3.0,177.0,15.48,39.0,5.8,11.429927825927734,0.0,0.0,0.0
2026-09-23T07:03:00.094360+07:00,parallel_autotune:workers_1,3.0,177.0,15.37,39.0,5.9,11.426982879638672,0.0,0.0,0.0
2026-09-23T07:03:01.094923+07:00,parallel_autotune:workers_1,3.0,177.0,15.65,39.0,6.4,11.42911148071289,0.0,0.0,0.0
2026-09-23T07:03:02.109296+07:00,parallel_autotune:workers_1,3.0,177.0,15.32,39.0,6.5,11.43017578125,0.0,0.0,0.0
2026-09-23T07:03:03.088654+07:00,parallel_autotune:workers_1,3.0,177.0,15.29,39.0,6.5,11.432212829589844,0.0,0.0,0.0
2026-09-23T07:03:04.103222+07:00,parallel_autotune:workers_1,2.0,177.0,13.96,39.0,6.5,11.432876586914062,0.0,0.0,0.0
2026-09-23T07:03:05.100729+07:00,parallel_autotune:workers_1,2.0,177.0,13.93,39.0,6.9,11.432662963867188,0.0,0.0,0.0
2026-09-23T07:03:06.100232+07:00,parallel_autotune:workers_1,4.0,177.0,14.03,39.0,6.4,11.432762145996094,0.0,0.0,0.0
2026-09-23T07:03:07.089756+07:00,parallel_autotune:workers_1,4.0,177.0,14.23,38.0,6.1,11.432548522949219,0.0,0.0,0.0
2026-09-23T07:03:08.099215+07:00,parallel_autotune:workers_1,4.0,199.0,14.03,39.0,6.2,11.650741577148438,0.0,0.0,0.0
2026-09-23T07:03:09.090688+07:00,parallel_autotune:workers_2,7.0,229.0,12.7,38.0,19.4,12.11883544921875,0.0,0.0,0.0
2026-09-23T07:03:10.091696+07:00,parallel_autotune:workers_2,0.0,229.0,12.92,38.0,10.3,12.299880981445312,0.0,0.0,0.0
2026-09-23T07:03:11.091180+07:00,parallel_autotune:workers_2,4.0,229.0,17.04,39.0,11.8,12.267333984375,0.0,0.0,0.0
2026-09-23T07:03:12.091411+07:00,parallel_autotune:workers_2,2.0,229.0,16.64,39.0,10.1,12.268543243408203,0.0,0.0,0.0
2026-09-23T07:03:13.103681+07:00,parallel_autotune:workers_2,2.0,229.0,17.39,39.0,11.3,12.268863677978516,0.0,0.0,0.0
2026-09-23T07:03:14.101247+07:00,parallel_autotune:workers_2,2.0,229.0,17.06,39.0,11.4,12.269580841064453,0.0,0.0,0.0
2026-09-23T07:03:15.096940+07:00,parallel_autotune:workers_4,1.0,229.0,15.44,39.0,11.9,11.547599792480469,0.0,0.0,0.0
2026-09-23T07:03:16.094526+07:00,parallel_autotune:workers_4,2.0,229.0,12.07,38.0,29.4,12.9056396484375,0.0,0.0,0.0
2026-09-23T07:03:17.102417+07:00,parallel_autotune:workers_4,0.0,229.0,17.53,39.0,19.7,13.007251739501953,0.0,0.0,0.0
2026-09-23T07:03:18.096777+07:00,parallel_autotune:workers_4,2.0,229.0,19.42,39.0,18.1,13.00579833984375,0.0,0.0,0.0
2026-09-23T07:03:19.096506+07:00,parallel_autotune:workers_4,3.0,229.0,19.83,39.0,17.6,13.004867553710938,0.0,0.0,0.0
2026-09-23T07:03:20.124975+07:00,parallel_autotune:workers_8,1.0,229.0,13.62,38.0,40.2,13.748119354248047,0.0,0.0,0.0
2026-09-23T07:03:21.120090+07:00,parallel_autotune:workers_8,0.0,232.0,12.65,38.0,40.0,14.476577758789062,0.0,0.0,0.0
2026-09-23T07:03:22.090029+07:00,parallel_autotune:workers_8,18.0,229.0,20.97,39.0,31.9,14.486934661865234,0.0,0.0,0.0
2026-09-23T07:03:23.116340+07:00,parallel_autotune:workers_8,4.0,229.0,19.51,39.0,32.3,14.212738037109375,0.0,0.0,0.0
2026-09-23T07:03:24.119885+07:00,parallel_autotune:workers_12,0.0,229.0,12.57,38.0,67.1,15.086509704589844,0.0,0.0,0.0
2026-09-23T07:03:25.096713+07:00,parallel_autotune:workers_12,0.0,232.0,12.59,38.0,55.1,15.765983581542969,0.0,0.0,0.0
2026-09-23T07:03:26.119901+07:00,parallel_autotune:workers_12,5.0,229.0,21.64,39.0,42.8,15.93558120727539,0.0,0.0,0.0
2026-09-23T07:03:27.107601+07:00,parallel_autotune:workers_12,3.0,229.0,20.18,39.0,45.3,15.367023468017578,0.0,0.0,0.0
2026-09-23T07:03:28.117414+07:00,parallel_autotune:workers_14,0.0,229.0,12.68,38.0,83.9,15.519874572753906,0.0,0.0,0.0
2026-09-23T07:03:29.083954+07:00,parallel_autotune:workers_14,0.0,229.0,12.34,38.0,60.5,16.274127960205078,0.0,0.0,0.0
2026-09-23T07:03:30.113528+07:00,parallel_autotune:workers_14,1.0,229.0,16.11,39.0,51.9,16.66071319580078,0.0,0.0,0.0
2026-09-23T07:03:31.125408+07:00,parallel_autotune:workers_14,3.0,229.0,20.83,39.0,50.8,16.65851593017578,0.0,0.0,0.0
2026-09-23T07:03:32.108705+07:00,parallel_autotune:workers_16,0.0,229.0,13.12,39.0,84.5,15.326545715332031,0.0,0.0,0.0
2026-09-23T07:03:33.084594+07:00,parallel_autotune:workers_16,0.0,229.0,12.59,38.0,75.1,16.814311981201172,0.0,0.0,0.0
2026-09-23T07:03:34.118371+07:00,parallel_autotune:workers_16,0.0,229.0,14.95,39.0,63.2,17.39523696899414,0.0,0.0,0.0
2026-09-23T07:03:35.064567+07:00,parallel_autotune:workers_16,3.0,229.0,22.52,40.0,43.8,17.40163803100586,0.0,0.0,0.0
2026-09-23T07:03:36.129086+07:00,parallel_autotune:workers_20,1.0,229.0,14.53,39.0,75.9,12.025581359863281,0.0,0.0,0.0
2026-09-23T07:03:37.100006+07:00,parallel_autotune:workers_20,0.0,229.0,12.57,38.0,98.6,17.565948486328125,0.0,0.0,0.0
2026-09-23T07:03:38.107424+07:00,parallel_autotune:workers_20,0.0,229.0,12.55,38.0,73.6,18.26568603515625,0.0,0.0,0.0
2026-09-23T07:03:39.135262+07:00,parallel_autotune:workers_20,0.0,229.0,17.82,39.0,69.8,18.862960815429688,0.0,0.0,0.0
2026-09-23T07:03:40.152700+07:00,parallel_autotune:workers_20,1.0,229.0,20.45,40.0,70.6,18.865032196044922,0.0,0.0,0.0
2026-09-23T07:03:41.250737+07:00,parallel_autotune:batch_1,0.0,229.0,12.8,38.0,97.3,15.580707550048828,0.0,0.0,0.0
2026-09-23T07:03:42.097707+07:00,parallel_autotune:batch_1,0.0,229.0,12.27,38.0,99.1,17.79759979248047,0.0,0.0,0.0
2026-09-23T07:03:43.135232+07:00,parallel_autotune:batch_1,0.0,232.0,12.13,38.0,73.0,18.438846588134766,0.0,0.0,0.0
2026-09-23T07:03:44.106671+07:00,parallel_autotune:batch_1,2.0,229.0,20.45,40.0,68.2,18.85721206665039,0.0,0.0,0.0
2026-09-23T07:03:45.186730+07:00,parallel_autotune:batch_1,5.0,229.0,22.7,39.0,70.3,18.749065399169922,0.0,0.0,0.0
2026-09-23T07:03:46.300784+07:00,parallel_autotune:batch_2,0.0,229.0,13.24,39.0,98.3,16.132808685302734,0.0,0.0,0.0
2026-09-23T07:03:47.096966+07:00,parallel_autotune:batch_2,0.0,229.0,12.72,38.0,98.5,17.872032165527344,0.0,0.0,0.0
2026-09-23T07:03:48.130302+07:00,parallel_autotune:batch_2,0.0,229.0,11.96,38.0,75.4,18.409038543701172,0.0,0.0,0.0
2026-09-23T07:03:49.114362+07:00,parallel_autotune:batch_2,1.0,229.0,19.22,40.0,68.7,18.856815338134766,0.0,0.0,0.0
2026-09-23T07:03:50.163427+07:00,parallel_autotune:batch_2,4.0,229.0,22.17,39.0,72.9,18.553466796875,0.0,0.0,0.0
2026-09-23T07:03:51.225314+07:00,parallel_autotune:batch_4,0.0,229.0,13.9,39.0,95.8,16.141456604003906,0.0,0.0,0.0
2026-09-23T07:03:52.083021+07:00,parallel_autotune:batch_4,0.0,229.0,13.7,38.0,98.1,17.97057342529297,0.0,0.0,0.0
2026-09-23T07:03:53.142219+07:00,parallel_autotune:batch_4,0.0,229.0,12.8,38.0,75.2,18.610286712646484,0.0,0.0,0.0
2026-09-23T07:03:54.089120+07:00,parallel_autotune:batch_4,7.0,229.0,22.09,39.0,62.8,18.857887268066406,0.0,0.0,0.0
2026-09-23T07:03:55.206206+07:00,parallel_autotune:batch_4,4.0,229.0,17.03,39.0,76.7,13.121871948242188,0.0,0.0,0.0
2026-09-23T07:03:56.142772+07:00,parallel_autotune:batch_8,0.0,229.0,12.97,39.0,97.3,16.614166259765625,0.0,0.0,0.0
2026-09-23T07:03:57.077804+07:00,parallel_autotune:batch_8,0.0,229.0,12.8,38.0,94.9,18.036617279052734,0.0,0.0,0.0
2026-09-23T07:03:58.174492+07:00,parallel_autotune:batch_8,0.0,229.0,13.97,39.0,73.5,18.767799377441406,0.0,0.0,0.0
2026-09-23T07:03:59.078467+07:00,parallel_autotune:batch_8,20.0,229.0,22.59,39.0,59.4,18.768577575683594,0.0,0.0,0.0
2026-09-23T07:04:00.104036+07:00,parallel_autotune:batch_8,3.0,229.0,15.61,39.0,78.4,11.558853149414062,0.0,0.0,0.0
2026-09-23T07:04:01.115722+07:00,parallel_autotune:batch_16,2.0,229.0,12.38,38.0,94.5,16.88367462158203,0.0,0.0,0.0
2026-09-23T07:04:02.063179+07:00,parallel_autotune:batch_16,0.0,229.0,12.23,38.0,87.2,18.038150787353516,0.0,0.0,0.0
2026-09-23T07:04:03.121178+07:00,parallel_autotune:batch_16,0.0,229.0,16.4,39.0,78.7,18.76477813720703,0.0,0.0,0.0
2026-09-23T07:04:04.068684+07:00,parallel_autotune:batch_16,5.0,229.0,22.63,40.0,53.1,18.767654418945312,0.0,0.0,0.0
2026-09-23T07:04:05.267709+07:00,parallel_autotune:batch_32,2.0,229.0,12.95,38.0,89.9,11.77920150756836,0.0,0.0,0.0
2026-09-23T07:04:06.108941+07:00,parallel_autotune:batch_32,2.0,229.0,12.21,38.0,99.5,17.304309844970703,0.0,0.0,0.0
2026-09-23T07:04:07.136767+07:00,parallel_autotune:batch_32,0.0,229.0,11.99,38.0,75.4,18.095287322998047,0.0,0.0,0.0
2026-09-23T07:04:08.099077+07:00,parallel_autotune:batch_32,0.0,229.0,17.54,39.0,78.9,18.775264739990234,0.0,0.0,0.0
2026-09-23T07:04:09.218456+07:00,parallel_autotune:batch_32,0.0,229.0,20.75,39.0,64.2,18.781173706054688,0.0,0.0,0.0
2026-09-23T07:04:10.150054+07:00,parallel_autotune:pin_memory_False,0.0,229.0,13.88,39.0,95.9,12.92171859741211,0.0,0.0,0.0
2026-09-23T07:04:11.091573+07:00,parallel_autotune:pin_memory_False,0.0,229.0,12.77,38.0,98.7,17.55718231201172,0.0,0.0,0.0
2026-09-23T07:04:12.117858+07:00,parallel_autotune:pin_memory_False,0.0,229.0,12.1,38.0,73.0,18.23971939086914,0.0,0.0,0.0
2026-09-23T07:04:13.114781+07:00,parallel_autotune:pin_memory_False,2.0,229.0,18.25,40.0,69.1,18.782283782958984,0.0,0.0,0.0
2026-09-23T07:04:14.172175+07:00,parallel_autotune:pin_memory_False,2.0,229.0,20.18,39.0,70.8,18.78398895263672,0.0,0.0,0.0
2026-09-23T07:04:15.319859+07:00,parallel_autotune:pin_memory_True,0.0,229.0,12.66,38.0,96.8,15.979637145996094,0.0,0.0,0.0
2026-09-23T07:04:16.096796+07:00,parallel_autotune:pin_memory_True,0.0,229.0,12.52,38.0,98.2,17.733322143554688,0.0,0.0,0.0
2026-09-23T07:04:17.111213+07:00,parallel_autotune:pin_memory_True,0.0,229.0,12.34,38.0,76.0,18.388137817382812,0.0,0.0,0.0
2026-09-23T07:04:18.116284+07:00,parallel_autotune:pin_memory_True,9.0,229.0,20.23,39.0,67.7,18.77996063232422,0.0,0.0,0.0
2026-09-23T07:04:19.168610+07:00,parallel_autotune:pin_memory_True,3.0,229.0,17.77,39.0,74.5,17.960128784179688,0.0,0.0,0.0
2026-09-23T07:05:39.952931+07:00,sustained:idle,2.0,153.0,12.16,37.0,0.0,10.762611389160156,0.0,0.0,0.0
2026-09-23T07:05:40.945589+07:00,sustained:idle,0.0,153.0,22.86,38.0,94.4,16.330097198486328,0.0,0.0,0.0
2026-09-23T07:05:41.923206+07:00,sustained:idle,0.0,153.0,23.11,39.0,79.1,17.184215545654297,0.0,0.0,0.0
2026-09-23T07:05:42.939532+07:00,sustained:idle,0.0,183.0,24.63,39.0,83.2,18.217636108398438,0.0,0.0,0.0
2026-09-23T07:05:43.959845+07:00,sustained:parallel_self_play_and_train,0.0,237.0,27.52,39.0,41.6,18.74187469482422,10.246617905237608,80.94828145137711,80.94828145137711
2026-09-23T07:05:44.946397+07:00,sustained:parallel_self_play_and_train,3.0,237.0,28.55,39.0,53.7,18.7454833984375,16.551656789829032,133.44773286799656,133.44773286799656
2026-09-23T07:05:45.941583+07:00,sustained:parallel_self_play_and_train,2.0,237.0,28.45,39.0,52.0,18.750255584716797,20.720571694393357,167.6639592937996,167.6639592937996
2026-09-23T07:05:46.965118+07:00,sustained:parallel_self_play_and_train,2.0,237.0,24.24,39.0,38.7,18.757957458496094,22.853392941884646,191.68283330005747,191.68283330005747
2026-09-23T07:05:47.922986+07:00,sustained:parallel_self_play_and_train,3.0,237.0,23.09,39.0,47.7,18.754566192626953,23.83958628467064,201.31206195944097,201.31206195944097
2026-09-23T07:05:48.939774+07:00,sustained:parallel_self_play_and_train,2.0,237.0,21.7,39.0,44.4,18.742290496826172,25.209914940408265,216.11772535277268,216.11772535277268
2026-09-23T07:05:49.940277+07:00,sustained:parallel_self_play_and_train,1.0,237.0,23.29,39.0,50.8,18.747589111328125,26.666473027085072,227.280400877002,227.280400877002
2026-09-23T07:05:50.941981+07:00,sustained:parallel_self_play_and_train,1.0,237.0,22.64,38.0,47.7,18.74481201171875,27.795882162383823,237.46948660729913,237.46948660729913
2026-09-23T07:05:51.941208+07:00,sustained:parallel_self_play_and_train,1.0,237.0,22.08,39.0,43.3,18.746349334716797,28.673531644272956,243.72501897632011,243.72501897632011
2026-09-23T07:05:52.997001+07:00,sustained:parallel_self_play_and_train,2.0,237.0,21.62,39.0,40.4,18.74475860595703,29.25475250192934,247.51060340448112,247.51060340448112
2026-09-23T07:05:53.960763+07:00,sustained:parallel_self_play_and_train,3.0,237.0,22.63,39.0,44.4,18.742694854736328,30.087288596954632,252.08849660162704,252.08849660162704
2026-09-23T07:05:54.976440+07:00,sustained:parallel_self_play_and_train,3.0,237.0,21.68,39.0,43.0,18.740123748779297,30.71617807412636,254.6771808146042,254.6771808146042
2026-09-23T07:05:55.945592+07:00,sustained:parallel_self_play_and_train,4.0,237.0,22.0,39.0,56.3,18.73992156982422,31.37827025040145,259.6238080518216,259.6238080518216
2026-09-23T07:05:56.947935+07:00,sustained:parallel_self_play_and_train,3.0,237.0,22.56,39.0,49.8,18.738536834716797,31.917344952116576,262.727033911404,262.727033911404
2026-09-23T07:05:57.960112+07:00,sustained:parallel_self_play_and_train,3.0,237.0,22.75,39.0,53.3,18.744720458984375,32.32521592730716,265.73556817482853,265.73556817482853
2026-09-23T07:05:58.959064+07:00,sustained:parallel_self_play_and_train,4.0,237.0,22.97,39.0,60.0,18.740020751953125,32.74861214552523,269.4893857523705,269.4893857523705
2026-09-23T07:05:59.942014+07:00,sustained:parallel_self_play_and_train,3.0,237.0,22.37,39.0,42.5,18.741168975830078,32.97851202602868,271.9228218873456,271.9228218873456
2026-09-23T07:06:00.956351+07:00,sustained:parallel_self_play_and_train,4.0,237.0,21.88,40.0,49.1,18.746124267578125,33.26103919757281,274.35605760969344,274.35605760969344
2026-09-23T07:06:01.941055+07:00,sustained:parallel_self_play_and_train,3.0,237.0,22.65,40.0,54.2,18.745071411132812,33.37919387319124,275.65650940277095,275.65650940277095
2026-09-23T07:06:02.982097+07:00,sustained:parallel_self_play_and_train,3.0,237.0,21.45,40.0,46.8,18.771427154541016,33.81951428813623,277.97039243748895,277.97039243748895
2026-09-23T07:06:03.938538+07:00,sustained:parallel_self_play_and_train,3.0,237.0,22.44,40.0,51.4,18.7994384765625,33.77336723871519,278.6724964284487,278.6724964284487
2026-09-23T07:06:04.940697+07:00,sustained:parallel_self_play_and_train,1.0,237.0,22.17,39.0,50.0,18.805931091308594,33.955725888975635,279.5283863360316,279.5283863360316
2026-09-23T07:06:05.943106+07:00,sustained:parallel_self_play_and_train,1.0,237.0,22.35,39.0,50.4,18.837631225585938,34.04309695918992,280.66212322604866,280.66212322604866
2026-09-23T07:06:06.952292+07:00,sustained:parallel_self_play_and_train,3.0,237.0,22.18,40.0,38.9,18.86251449584961,34.04877003704222,283.4930200910254,283.4930200910254
2026-09-23T07:06:07.944006+07:00,sustained:parallel_self_play_and_train,4.0,237.0,21.13,39.0,45.8,18.859363555908203,34.334401325154104,284.0456409628895,284.0456409628895
2026-09-23T07:06:08.961735+07:00,sustained:parallel_self_play_and_train,3.0,237.0,22.13,39.0,43.6,18.84829330444336,34.51150348995812,284.71990379215447,284.71990379215447
2026-09-23T07:06:09.946985+07:00,sustained:parallel_self_play_and_train,3.0,237.0,22.32,39.0,44.4,18.856151580810547,34.72105917339996,286.4153525467291,286.4153525467291
2026-09-23T07:06:10.959068+07:00,sustained:parallel_self_play_and_train,3.0,237.0,22.24,39.0,44.7,18.822826385498047,34.88971359916239,287.420168418285,287.420168418285
2026-09-23T07:06:11.944950+07:00,sustained:parallel_self_play_and_train,3.0,237.0,22.71,39.0,40.3,18.788623809814453,34.99824363502807,287.92305076173983,287.92305076173983
2026-09-23T07:06:12.965649+07:00,sustained:parallel_self_play_and_train,3.0,237.0,22.07,40.0,41.2,18.766651153564453,35.129073634773235,288.3915243309875,288.3915243309875
2026-09-23T07:06:13.954546+07:00,sustained:parallel_self_play_and_train,3.0,237.0,18.83,39.0,38.4,18.75967025756836,34.957604247084305,287.274481681336,287.274481681336
2026-09-23T07:06:14.976100+07:00,sustained:parallel_self_play_and_train,2.0,237.0,18.94,39.0,31.2,18.758464813232422,34.54419477624739,284.3562966664764,284.3562966664764
2026-09-23T07:06:15.923830+07:00,sustained:parallel_self_play_and_train,2.0,237.0,18.0,39.0,32.3,18.758281707763672,34.296898608774896,281.9935983152631,281.9935983152631
2026-09-23T07:06:16.946710+07:00,sustained:parallel_self_play_and_train,2.0,237.0,18.63,39.0,33.0,18.73666763305664,34.031686969605595,279.19705769499814,279.19705769499814
2026-09-23T07:06:17.924474+07:00,sustained:parallel_self_play_and_train,2.0,237.0,18.61,39.0,32.2,18.736026763916016,33.670015585290024,277.2699061214042,277.2699061214042
2026-09-23T07:06:18.924691+07:00,sustained:parallel_self_play_and_train,3.0,237.0,19.07,39.0,33.3,18.736778259277344,33.46006061170107,275.1305765141826,275.1305765141826
2026-09-23T07:06:19.923897+07:00,sustained:parallel_self_play_and_train,1.0,237.0,18.7,39.0,29.7,18.736045837402344,33.03184448943212,273.47826326135225,273.47826326135225
2026-09-23T07:06:21.016211+07:00,sustained:parallel_self_play_and_train,2.0,237.0,18.27,39.0,30.6,18.722034454345703,32.63242711362934,269.9481004138666,269.9481004138666
2026-09-23T07:06:21.956924+07:00,sustained:parallel_self_play_and_train,1.0,237.0,17.77,39.0,28.4,18.729209899902344,32.389998444813706,267.4794650983108,267.4794650983108
2026-09-23T07:06:22.951828+07:00,sustained:parallel_self_play_and_train,2.0,237.0,17.75,39.0,33.9,18.724102020263672,32.17621726005265,265.96674658363816,265.96674658363816
2026-09-23T07:06:23.968506+07:00,sustained:parallel_self_play_and_train,2.0,237.0,18.62,39.0,34.3,18.732166290283203,32.02143796846748,264.245480606932,264.245480606932
2026-09-23T07:06:24.923760+07:00,sustained:parallel_self_play_and_train,2.0,237.0,18.05,39.0,34.0,18.732540130615234,31.882561384452806,263.03113142173567,263.03113142173567
2026-09-23T07:06:25.923828+07:00,sustained:parallel_self_play_and_train,1.0,237.0,18.4,39.0,32.3,18.72895050048828,31.80725306491075,261.2170657955795,261.2170657955795
2026-09-23T07:06:26.923843+07:00,sustained:parallel_self_play_and_train,1.0,237.0,19.08,39.0,31.4,18.728416442871094,31.518617621071147,260.3740048820131,260.3740048820131
2026-09-23T07:06:27.966753+07:00,sustained:parallel_self_play_and_train,2.0,237.0,17.87,39.0,29.0,18.728702545166016,31.235415403666412,257.98370762401544,257.98370762401544
2026-09-23T07:06:28.946625+07:00,sustained:parallel_self_play_and_train,1.0,237.0,18.15,39.0,32.6,18.719745635986328,31.07046115437278,256.4948332664932,256.4948332664932
2026-09-23T07:06:30.051317+07:00,sustained:parallel_self_play_and_train,1.0,237.0,18.17,39.0,33.0,18.723278045654297,30.890032459291426,255.50469705613907,255.50469705613907
2026-09-23T07:06:30.968371+07:00,sustained:parallel_self_play_and_train,2.0,237.0,18.16,39.0,30.6,18.719261169433594,30.706564908477926,254.09682461765482,254.09682461765482
2026-09-23T07:06:31.955489+07:00,sustained:parallel_self_play_and_train,2.0,237.0,18.13,39.0,29.6,18.71778106689453,30.518061477289372,253.29991026150176,253.29991026150176
2026-09-23T07:06:32.941158+07:00,sustained:parallel_self_play_and_train,2.0,237.0,18.63,39.0,33.0,18.71762466430664,30.396406220737184,252.6891244637658,252.6891244637658
2026-09-23T07:06:33.931148+07:00,sustained:parallel_self_play_and_train,2.0,237.0,17.83,39.0,32.1,18.714801788330078,30.25943108157132,251.65760182840148,251.65760182840148
2026-09-23T07:06:34.942795+07:00,sustained:parallel_self_play_and_train,2.0,237.0,18.85,39.0,31.4,18.71384048461914,30.125279132759175,250.38882918209777,250.38882918209777
2026-09-23T07:06:35.940292+07:00,sustained:parallel_self_play_and_train,2.0,237.0,18.42,39.0,31.2,18.714256286621094,29.958579917115273,249.75710088732424,249.75710088732424
2026-09-23T07:06:36.923863+07:00,sustained:parallel_self_play_and_train,2.0,237.0,18.63,39.0,28.3,18.71356201171875,29.800373999662295,248.86859953289405,248.86859953289405
2026-09-23T07:06:37.985715+07:00,sustained:parallel_self_play_and_train,2.0,237.0,17.22,39.0,29.4,18.71337890625,29.643481484685825,247.0060329293705,247.0060329293705
2026-09-23T07:06:38.926156+07:00,sustained:parallel_self_play_and_train,1.0,237.0,17.99,39.0,33.0,18.712158203125,29.572177070910097,246.40081791612334,246.40081791612334
2026-09-23T07:06:39.941257+07:00,sustained:parallel_self_play_and_train,2.0,237.0,17.98,39.0,34.5,18.710590362548828,29.4779065962532,245.40357241380786,245.40357241380786
2026-09-23T07:06:41.018396+07:00,sustained:parallel_self_play_and_train,2.0,237.0,17.47,39.0,30.1,18.70718765258789,29.33046832440267,244.11847653147504,244.11847653147504
2026-09-23T07:06:41.940530+07:00,sustained:parallel_self_play_and_train,2.0,237.0,18.74,39.0,32.7,18.70871353149414,29.242155473787307,243.18101404840124,243.18101404840124
2026-09-23T07:06:42.926377+07:00,sustained:parallel_self_play_and_train,2.0,237.0,18.22,39.0,32.2,18.707321166992188,29.148919179059288,242.52861710356856,242.52861710356856
2026-09-23T07:06:43.945877+07:00,sustained:parallel_self_play_and_train,1.0,237.0,18.12,39.0,27.9,18.707443237304688,28.971403813655627,241.61206060899215,241.61206060899215
2026-09-23T07:06:44.924199+07:00,sustained:parallel_self_play_and_train,2.0,237.0,18.73,39.0,29.4,18.707080841064453,28.805074941292318,241.57546452108542,241.57546452108542
2026-09-23T07:06:45.941144+07:00,sustained:parallel_self_play_and_train,3.0,237.0,19.07,39.0,30.3,18.707015991210938,28.670824043927563,241.35343687191363,241.35343687191363
2026-09-23T07:06:46.945827+07:00,sustained:parallel_self_play_and_train,3.0,237.0,19.03,39.0,30.8,18.70551300048828,28.52916139614602,241.25159797467268,241.25159797467268
2026-09-23T07:06:47.941655+07:00,sustained:parallel_self_play_and_train,2.0,237.0,18.54,39.0,32.1,18.66958999633789,28.43601735698218,240.35839879503322,240.35839879503322
2026-09-23T07:06:48.923607+07:00,sustained:parallel_self_play_and_train,2.0,237.0,18.39,39.0,33.1,18.66893768310547,28.36688387043676,240.00723291203553,240.00723291203553
2026-09-23T07:06:49.923855+07:00,sustained:parallel_self_play_and_train,3.0,237.0,18.83,39.0,30.6,18.668411254882812,28.31575656582329,239.4126111269508,239.4126111269508
2026-09-23T07:06:50.923659+07:00,sustained:parallel_self_play_and_train,3.0,237.0,18.8,40.0,29.7,18.668773651123047,28.182964752302173,238.9573799301257,238.9573799301257
2026-09-23T07:06:51.923669+07:00,sustained:parallel_self_play_and_train,3.0,237.0,19.14,39.0,33.5,18.66842269897461,28.121286874071203,238.32790625775343,238.32790625775343
2026-09-23T07:06:52.940732+07:00,sustained:parallel_self_play_and_train,3.0,237.0,18.81,39.0,29.7,18.668643951416016,28.007510771392518,238.24408791328597,238.24408791328597
2026-09-23T07:06:53.923624+07:00,sustained:parallel_self_play_and_train,3.0,237.0,19.02,40.0,28.7,18.682292938232422,27.860123067973547,237.4392645391118,237.4392645391118
2026-09-23T07:06:54.942746+07:00,sustained:parallel_self_play_and_train,3.0,237.0,17.73,39.0,33.4,18.68057632446289,27.777239074435602,236.226722109467,236.226722109467
2026-09-23T07:06:55.940358+07:00,sustained:parallel_self_play_and_train,2.0,237.0,18.0,39.0,34.4,18.68084716796875,27.739323883203927,235.9427634294231,235.9427634294231
2026-09-23T07:06:56.929392+07:00,sustained:parallel_self_play_and_train,2.0,237.0,18.01,39.0,32.4,18.681495666503906,27.671013710702322,235.2949830956749,235.2949830956749
2026-09-23T07:06:57.943191+07:00,sustained:parallel_self_play_and_train,2.0,237.0,18.82,39.0,34.6,18.68271255493164,27.577569704818412,235.19543209469197,235.19543209469197
2026-09-23T07:06:58.939506+07:00,sustained:parallel_self_play_and_train,2.0,237.0,19.03,39.0,33.3,18.68292999267578,27.549292990186533,234.62814529975532,234.62814529975532
2026-09-23T07:06:59.923805+07:00,sustained:parallel_self_play_and_train,2.0,237.0,19.15,39.0,30.1,18.68426513671875,27.49996890800906,234.4813862670057,234.4813862670057
2026-09-23T07:07:00.924154+07:00,sustained:parallel_self_play_and_train,2.0,237.0,19.16,40.0,31.0,18.684772491455078,27.418740791591325,233.83200669628928,233.83200669628928
2026-09-23T07:07:01.923700+07:00,sustained:parallel_self_play_and_train,1.0,237.0,18.22,40.0,27.9,18.679244995117188,27.304613929607054,233.7988316161714,233.7988316161714
2026-09-23T07:07:02.956559+07:00,sustained:parallel_self_play_and_train,2.0,237.0,18.1,39.0,34.2,18.67885971069336,27.22992982990732,232.79180276267226,232.79180276267226
2026-09-23T07:07:03.959841+07:00,sustained:parallel_self_play_and_train,2.0,237.0,18.33,39.0,40.9,18.678909301757812,27.23558884332818,232.3864672623274,232.3864672623274
2026-09-23T07:07:04.940166+07:00,sustained:parallel_self_play_and_train,2.0,237.0,18.55,39.0,42.1,18.677242279052734,27.24188663596127,232.0179640486284,232.0179640486284
2026-09-23T07:07:05.935643+07:00,sustained:parallel_self_play_and_train,1.0,237.0,19.01,39.0,37.0,18.691787719726562,27.187289797647733,231.94742541588,231.94742541588
2026-09-23T07:07:06.919755+07:00,sustained:parallel_self_play_and_train,1.0,237.0,18.51,40.0,34.9,18.70708465576172,27.105665232883904,231.42909644777245,231.42909644777245
2026-09-23T07:07:07.920126+07:00,sustained:parallel_self_play_and_train,3.0,237.0,18.23,39.0,37.7,18.719970703125,27.046277552693315,230.7414204431895,230.7414204431895
2026-09-23T07:07:08.915541+07:00,sustained:parallel_self_play_and_train,3.0,237.0,19.1,40.0,33.2,18.719711303710938,26.970174016585553,230.8669559831502,230.8669559831502
2026-09-23T07:07:09.920070+07:00,sustained:parallel_self_play_and_train,2.0,237.0,18.47,39.0,31.8,18.717079162597656,26.931136622463093,230.2387755082074,230.2387755082074
2026-09-23T07:07:10.937513+07:00,sustained:parallel_self_play_and_train,3.0,237.0,18.16,39.0,28.6,18.71786117553711,26.832815370740676,229.99714431209665,229.99714431209665
2026-09-23T07:07:11.920473+07:00,sustained:parallel_self_play_and_train,3.0,237.0,17.71,39.0,33.2,18.764598846435547,26.790131079183805,229.2752119653755,229.2752119653755
2026-09-23T07:07:12.920878+07:00,sustained:parallel_self_play_and_train,3.0,237.0,19.11,40.0,39.3,18.780113220214844,26.71183538131993,228.6902296609671,228.6902296609671
2026-09-23T07:07:13.959780+07:00,sustained:parallel_self_play_and_train,3.0,237.0,17.7,39.0,34.1,18.78167724609375,26.63329519041012,228.30060637219555,228.30060637219555
2026-09-23T07:07:14.938165+07:00,sustained:parallel_self_play_and_train,2.0,237.0,17.58,39.0,44.3,18.817386627197266,26.625624407741704,227.86040316561807,227.86040316561807
2026-09-23T07:07:15.921210+07:00,sustained:parallel_self_play_and_train,2.0,237.0,19.22,39.0,37.3,18.807151794433594,26.584237639701502,227.99646958395965,227.99646958395965
2026-09-23T07:07:16.948071+07:00,sustained:parallel_self_play_and_train,2.0,237.0,18.99,39.0,30.6,18.800582885742188,26.49637073827995,227.6410851631755,227.6410851631755
2026-09-23T07:07:17.921843+07:00,sustained:parallel_self_play_and_train,2.0,237.0,19.22,39.0,31.3,18.79419708251953,26.44629576601676,227.64315363244194,227.64315363244194
2026-09-23T07:07:18.920306+07:00,sustained:parallel_self_play_and_train,1.0,237.0,19.31,40.0,35.3,18.780956268310547,26.450185947201074,227.28848247398707,227.28848247398707
2026-09-23T07:07:19.920956+07:00,sustained:parallel_self_play_and_train,1.0,237.0,18.55,39.0,29.7,18.7755126953125,26.359878223361513,226.93641725425277,226.93641725425277
2026-09-23T07:07:20.937351+07:00,sustained:parallel_self_play_and_train,2.0,237.0,18.65,40.0,30.5,18.776531219482422,26.352734499634156,226.58360621484687,226.58360621484687
2026-09-23T07:07:21.950996+07:00,sustained:parallel_self_play_and_train,3.0,237.0,17.33,39.0,33.8,18.722084045410156,26.267119910264885,225.9364358848605,225.9364358848605
2026-09-23T07:07:22.948588+07:00,sustained:parallel_self_play_and_train,1.0,237.0,17.71,39.0,35.6,18.715133666992188,26.238757341162835,225.7504937167454,225.7504937167454
2026-09-23T07:07:23.943090+07:00,sustained:parallel_self_play_and_train,2.0,237.0,17.85,39.0,34.3,18.711585998535156,26.229166736983682,225.24296935384737,225.24296935384737
2026-09-23T07:07:24.948994+07:00,sustained:parallel_self_play_and_train,2.0,237.0,18.1,39.0,29.7,18.706581115722656,26.182616618543207,224.8742762351012,224.8742762351012
2026-09-23T07:07:25.945232+07:00,sustained:parallel_self_play_and_train,2.0,237.0,18.45,39.0,32.5,18.709022521972656,26.127292121779366,224.52431686389963,224.52431686389963
2026-09-23T07:07:26.940389+07:00,sustained:parallel_self_play_and_train,2.0,237.0,18.23,39.0,31.4,18.6929931640625,26.084074056141244,224.25735755965175,224.25735755965175
2026-09-23T07:07:27.921026+07:00,sustained:parallel_self_play_and_train,2.0,237.0,18.57,39.0,30.1,18.693939208984375,26.038140741092914,224.00240506123075,224.00240506123075
2026-09-23T07:07:28.920680+07:00,sustained:parallel_self_play_and_train,2.0,237.0,19.07,40.0,34.4,18.682205200195312,26.03436000986104,224.08013693593873,224.08013693593873
2026-09-23T07:07:29.937269+07:00,sustained:parallel_self_play_and_train,2.0,237.0,17.96,39.0,24.2,18.687335968017578,26.003574229733932,223.76808119734773,223.76808119734773
2026-09-23T07:07:31.076395+07:00,sustained:parallel_self_play_and_train,3.0,237.0,17.62,39.0,33.0,18.698192596435547,25.969366641512018,222.90373033964482,222.90373033964482
2026-09-23T07:07:31.956559+07:00,sustained:parallel_self_play_and_train,2.0,237.0,18.27,39.0,34.4,18.68164825439453,25.96542410460756,222.7654316284952,222.7654316284952
2026-09-23T07:07:32.920729+07:00,sustained:parallel_self_play_and_train,2.0,237.0,19.29,39.0,28.6,18.68755340576172,25.89742674396763,222.70900101635996,222.70900101635996
2026-09-23T07:07:33.948866+07:00,sustained:parallel_self_play_and_train,2.0,237.0,18.05,39.0,34.2,18.688018798828125,25.8820354486622,222.43584683039043,222.43584683039043
2026-09-23T07:07:34.920852+07:00,sustained:parallel_self_play_and_train,2.0,237.0,19.41,39.0,32.8,18.691699981689453,25.86419829500105,222.33598838388573,222.33598838388573
2026-09-23T07:07:35.920625+07:00,sustained:parallel_self_play_and_train,1.0,237.0,19.61,40.0,31.9,18.691612243652344,25.849122374847898,222.58002689214666,222.58002689214666
2026-09-23T07:07:36.937842+07:00,sustained:parallel_self_play_and_train,3.0,237.0,19.61,40.0,26.6,18.694774627685547,25.82451217709718,222.598686795852,222.598686795852
2026-09-23T07:07:37.920699+07:00,sustained:parallel_self_play_and_train,3.0,237.0,19.26,39.0,28.2,18.69921112060547,25.789718410570714,222.5772253818262,222.5772253818262
2026-09-23T07:07:38.948768+07:00,sustained:parallel_self_play_and_train,3.0,237.0,19.01,40.0,30.5,18.697734832763672,25.720969643269367,222.38552086665933,222.38552086665933
2026-09-23T07:07:39.924622+07:00,sustained:parallel_self_play_and_train,1.0,237.0,18.34,40.0,30.5,18.697681427001953,25.702100546311588,222.13123845528187,222.13123845528187
2026-09-23T07:07:40.940905+07:00,sustained:parallel_self_play_and_train,2.0,237.0,18.97,39.0,33.9,18.697593688964844,25.690344834579484,222.56954555558102,222.56954555558102
2026-09-23T07:07:41.920787+07:00,sustained:parallel_self_play_and_train,2.0,237.0,18.24,40.0,32.9,18.69574737548828,25.696049820715963,222.25435912238495,222.25435912238495
2026-09-23T07:07:42.919813+07:00,sustained:parallel_self_play_and_train,3.0,237.0,18.9,39.0,26.7,18.69516372680664,25.681811003515516,222.15584410111097,222.15584410111097
2026-09-23T07:07:43.937706+07:00,sustained:parallel_self_play_and_train,3.0,237.0,20.54,40.0,30.2,18.695453643798828,25.659494626527326,221.84094721415397,221.84094721415397
2026-09-23T07:07:44.945363+07:00,sustained:parallel_self_play_and_train,4.0,237.0,19.4,40.0,29.3,18.68657684326172,25.60343024517083,222.38979489516353,222.38979489516353
2026-09-23T07:07:45.941300+07:00,sustained:parallel_self_play_and_train,1.0,237.0,18.4,39.0,33.6,18.685306549072266,25.592823845952267,222.37143650995418,222.37143650995418
2026-09-23T07:07:46.921389+07:00,sustained:parallel_self_play_and_train,2.0,237.0,18.48,39.0,32.3,18.685386657714844,25.582236523696338,222.10750413937592,222.10750413937592
2026-09-23T07:07:47.954587+07:00,sustained:parallel_self_play_and_train,2.0,237.0,18.41,39.0,28.0,18.685726165771484,25.555089727381926,221.9216534301173,221.9216534301173
2026-09-23T07:07:48.946836+07:00,sustained:parallel_self_play_and_train,2.0,237.0,18.23,39.0,27.5,18.685901641845703,25.512262309429563,221.60666629815782,221.60666629815782
2026-09-23T07:07:49.920912+07:00,sustained:parallel_self_play_and_train,2.0,237.0,18.74,39.0,31.0,18.685588836669922,25.47888323476084,221.52730841568425,221.52730841568425
2026-09-23T07:07:50.920941+07:00,sustained:parallel_self_play_and_train,2.0,237.0,19.59,40.0,31.7,18.68555450439453,25.4579635946579,221.68365286793974,221.68365286793974
2026-09-23T07:07:51.994815+07:00,sustained:parallel_self_play_and_train,3.0,237.0,17.89,40.0,28.2,18.685211181640625,25.448142489827717,221.5200212924051,221.5200212924051
2026-09-23T07:07:52.988462+07:00,sustained:parallel_self_play_and_train,1.0,237.0,18.74,40.0,29.7,18.686328887939453,25.412998881406303,221.74721183707578,221.74721183707578
2026-09-23T07:07:53.940986+07:00,sustained:parallel_self_play_and_train,1.0,237.0,18.63,39.0,31.7,18.685081481933594,25.385583209977984,221.51907889906965,221.51907889906965
2026-09-23T07:07:54.924850+07:00,sustained:parallel_self_play_and_train,2.0,237.0,18.75,40.0,31.8,18.683395385742188,25.360984414641955,221.58974744980438,221.58974744980438
2026-09-23T07:07:55.964700+07:00,sustained:parallel_self_play_and_train,2.0,237.0,18.39,39.0,31.9,18.67813491821289,25.345738810106205,221.35524159070368,221.35524159070368
2026-09-23T07:07:56.938212+07:00,sustained:parallel_self_play_and_train,2.0,237.0,17.32,39.0,25.7,18.679622650146484,25.31104631428067,221.0985733534159,221.0985733534159
2026-09-23T07:07:57.921738+07:00,sustained:parallel_self_play_and_train,2.0,237.0,18.8,39.0,27.2,18.674602508544922,25.250369586141982,220.89719875876622,220.89719875876622
2026-09-23T07:07:58.954511+07:00,sustained:parallel_self_play_and_train,2.0,237.0,18.03,39.0,33.3,18.700157165527344,25.231000969585665,220.72079648193542,220.72079648193542
2026-09-23T07:07:59.938809+07:00,sustained:parallel_self_play_and_train,2.0,237.0,17.71,39.0,34.3,18.753795623779297,25.223724692494127,220.37079700803176,220.37079700803176
2026-09-23T07:08:00.921583+07:00,sustained:parallel_self_play_and_train,3.0,237.0,18.73,39.0,34.6,18.757293701171875,25.18310695758336,220.3948691109859,220.3948691109859
2026-09-23T07:08:01.921561+07:00,sustained:parallel_self_play_and_train,1.0,237.0,18.09,39.0,29.5,18.761512756347656,25.170680599868643,219.9677090287959,219.9677090287959
2026-09-23T07:08:02.920993+07:00,sustained:parallel_self_play_and_train,2.0,237.0,19.3,40.0,30.5,18.75741195678711,25.150031617912337,220.02062576575318,220.02062576575318
2026-09-23T07:08:03.935265+07:00,sustained:parallel_self_play_and_train,2.0,237.0,20.16,39.0,44.5,18.775543212890625,25.168536183566005,220.14125999454433,220.14125999454433
2026-09-23T07:08:04.938523+07:00,sustained:parallel_self_play_and_train,1.0,237.0,22.66,40.0,40.8,18.77127456665039,25.281862878399846,220.85710431996674,220.85710431996674
2026-09-23T07:08:05.940920+07:00,sustained:parallel_self_play_and_train,1.0,237.0,22.2,39.0,37.0,18.773090362548828,25.35423041155835,221.61653128113747,221.61653128113747
2026-09-23T07:08:06.952840+07:00,sustained:parallel_self_play_and_train,3.0,237.0,23.24,40.0,48.1,18.764034271240234,25.469511252686583,222.2929909920309,222.2929909920309
2026-09-23T07:08:07.939050+07:00,sustained:parallel_self_play_and_train,1.0,237.0,23.17,40.0,48.3,18.758682250976562,25.58657052158628,223.17852292783633,223.17852292783633
2026-09-23T07:08:08.954804+07:00,sustained:parallel_self_play_and_train,1.0,237.0,22.44,40.0,45.1,18.757591247558594,25.67499268436017,223.78242969261044,223.78242969261044
2026-09-23T07:08:09.939572+07:00,sustained:parallel_self_play_and_train,2.0,237.0,23.31,40.0,49.9,18.755828857421875,25.764589886024044,224.6792383817242,224.6792383817242
2026-09-23T07:08:10.937136+07:00,sustained:parallel_self_play_and_train,2.0,237.0,23.2,40.0,50.4,18.75067138671875,25.859419438212882,225.49413750121633,225.49413750121633
2026-09-23T07:08:11.938976+07:00,sustained:parallel_self_play_and_train,2.0,237.0,22.15,40.0,46.9,18.748821258544922,25.959520114553005,226.0520750279693,226.0520750279693
2026-09-23T07:08:12.937008+07:00,sustained:parallel_self_play_and_train,1.0,237.0,23.3,40.0,46.8,18.738502502441406,26.063856280240998,226.70315997723188,226.70315997723188
2026-09-23T07:08:13.939422+07:00,sustained:parallel_self_play_and_train,2.0,237.0,22.32,40.0,43.5,18.734970092773438,26.12848633498236,227.7858040039283,227.7858040039283
2026-09-23T07:08:14.938591+07:00,sustained:parallel_self_play_and_train,2.0,237.0,22.13,40.0,46.7,18.737064361572266,26.22752402935434,228.269898793415,228.269898793415
2026-09-23T07:08:15.940237+07:00,sustained:parallel_self_play_and_train,1.0,237.0,23.01,40.0,43.9,18.735042572021484,26.307051362003726,229.39107152268178,229.39107152268178
2026-09-23T07:08:16.941275+07:00,sustained:parallel_self_play_and_train,2.0,237.0,22.97,40.0,39.9,18.735275268554688,26.383276038979908,230.15266042216408,230.15266042216408
2026-09-23T07:08:17.967827+07:00,sustained:parallel_self_play_and_train,3.0,237.0,22.89,41.0,37.6,18.740028381347656,26.44801546449184,231.02784417583504,231.02784417583504
2026-09-23T07:08:18.964065+07:00,sustained:parallel_self_play_and_train,3.0,237.0,22.3,41.0,43.9,18.736614227294922,26.536145536864925,231.54987846065808,231.54987846065808
2026-09-23T07:08:19.919377+07:00,sustained:parallel_self_play_and_train,3.0,257.0,24.66,41.0,47.6,18.736034393310547,26.561758479023787,232.64091105590268,232.64091105590268
2026-09-23T07:08:20.918880+07:00,sustained:parallel_self_play_and_train,1.0,257.0,23.36,41.0,43.6,18.724159240722656,26.63963039624243,233.32083762465976,233.32083762465976
2026-09-23T07:08:21.919992+07:00,sustained:parallel_self_play_and_train,3.0,257.0,22.94,41.0,42.6,18.7208251953125,26.736379631044496,233.9371327948729,233.9371327948729
2026-09-23T07:08:22.957757+07:00,sustained:parallel_self_play_and_train,3.0,257.0,21.15,40.0,42.5,18.72191619873047,26.87592990564218,234.82690353628453,234.82690353628453
2026-09-23T07:08:23.940473+07:00,sustained:parallel_self_play_and_train,4.0,257.0,23.67,41.0,37.5,18.721702575683594,26.941688889752378,235.48986619155957,235.48986619155957
2026-09-23T07:08:24.936910+07:00,sustained:parallel_self_play_and_train,3.0,257.0,22.96,40.0,40.9,18.72214126586914,26.99068989890321,235.7551656890235,235.7551656890235
2026-09-23T07:08:25.936697+07:00,sustained:parallel_self_play_and_train,6.0,257.0,23.48,41.0,42.6,18.720951080322266,27.063408241336703,236.52693890207527,236.52693890207527
2026-09-23T07:08:26.974033+07:00,sustained:parallel_self_play_and_train,2.0,257.0,22.42,41.0,42.3,18.707969665527344,27.175995161420538,237.59242289583787,237.59242289583787
2026-09-23T07:08:27.918857+07:00,sustained:parallel_self_play_and_train,3.0,257.0,24.08,41.0,46.7,18.70425796508789,27.211338915278905,238.218563486389,238.218563486389
2026-09-23T07:08:28.938321+07:00,sustained:parallel_self_play_and_train,3.0,257.0,23.25,41.0,42.6,18.718975067138672,27.327967516488382,239.5396910276436,239.5396910276436
2026-09-23T07:08:29.992445+07:00,sustained:parallel_self_play_and_train,3.0,257.0,23.4,41.0,44.3,18.716350555419922,27.404618113451054,240.60196156129248,240.60196156129248
2026-09-23T07:08:30.975851+07:00,sustained:parallel_self_play_and_train,3.0,257.0,22.95,41.0,38.4,18.71579360961914,27.476063546187977,241.26322181939952,241.26322181939952
2026-09-23T07:08:31.972232+07:00,sustained:parallel_self_play_and_train,3.0,257.0,21.52,40.0,41.3,18.710525512695312,27.563104996200178,241.72959381688636,241.72959381688636
2026-09-23T07:08:32.936680+07:00,sustained:parallel_self_play_and_train,3.0,257.0,23.55,41.0,37.8,18.709293365478516,27.594384989499634,241.8450741579718,241.8450741579718
2026-09-23T07:08:33.919602+07:00,sustained:parallel_self_play_and_train,3.0,257.0,22.98,41.0,45.7,18.707324981689453,27.63779164337006,242.64253700901205,242.64253700901205
2026-09-23T07:08:34.919037+07:00,sustained:parallel_self_play_and_train,1.0,257.0,23.23,41.0,42.4,18.705947875976562,27.709657281246685,243.03201479109953,243.03201479109953
2026-09-23T07:08:35.936697+07:00,sustained:parallel_self_play_and_train,1.0,257.0,22.87,41.0,44.6,18.705955505371094,27.77466593380268,243.44380860379962,243.44380860379962
2026-09-23T07:08:36.936965+07:00,sustained:parallel_self_play_and_train,1.0,257.0,23.18,41.0,42.1,18.705528259277344,27.83885464053429,243.95776785094228,243.95776785094228
2026-09-23T07:08:37.918974+07:00,sustained:parallel_self_play_and_train,1.0,257.0,23.12,41.0,44.9,18.70490264892578,27.911963793394502,244.3928781418004,244.3928781418004
2026-09-23T07:08:38.919217+07:00,sustained:parallel_self_play_and_train,1.0,257.0,22.75,41.0,40.3,18.704845428466797,27.97657811399577,244.86779760055938,244.86779760055938
2026-09-23T07:08:39.918938+07:00,sustained:parallel_self_play_and_train,1.0,257.0,23.9,41.0,42.9,18.702720642089844,28.05467569512042,245.33925223460963,245.33925223460963
2026-09-23T07:08:40.940015+07:00,sustained:complete,0.0,257.0,16.12,40.0,81.2,11.442771911621094,0.0,0.0,0.0
2026-09-23T07:09:30.039900+07:00,sustained:idle,0.0,153.0,12.42,38.0,0.0,10.700057983398438,0.0,0.0,0.0
2026-09-23T07:09:31.054706+07:00,sustained:idle,2.0,153.0,23.43,40.0,44.5,13.25333023071289,0.0,0.0,0.0
2026-09-23T07:09:32.055357+07:00,sustained:idle,0.0,183.0,26.06,40.0,39.6,13.840011596679688,0.0,0.0,0.0
2026-09-23T07:09:33.035075+07:00,sustained:parallel_self_play_and_train,2.0,217.0,27.57,40.0,24.5,14.340606689453125,7.871959121195182,68.09244639833832,68.09244639833832
2026-09-23T07:09:34.055891+07:00,sustained:parallel_self_play_and_train,0.0,237.0,27.37,40.0,30.8,14.340877532958984,15.59327418423756,129.16428782610112,129.16428782610112
2026-09-23T07:09:35.075256+07:00,sustained:parallel_self_play_and_train,3.0,237.0,27.67,41.0,29.9,14.336048126220703,19.653149427000606,160.36969932432496,160.36969932432496
2026-09-23T07:09:36.054261+07:00,sustained:parallel_self_play_and_train,1.0,237.0,28.14,41.0,36.7,14.335254669189453,21.083187035039664,170.5981217585293,170.5981217585293
2026-09-23T07:09:37.018568+07:00,sustained:parallel_self_play_and_train,3.0,237.0,25.95,40.0,29.0,14.335708618164062,21.681555803989873,181.66046398628657,181.66046398628657
2026-09-23T07:09:38.054415+07:00,sustained:parallel_self_play_and_train,1.0,237.0,21.33,39.0,32.1,14.337020874023438,22.99605420925322,194.18890221147163,194.18890221147163
2026-09-23T07:09:39.018896+07:00,sustained:parallel_self_play_and_train,4.0,237.0,22.53,40.0,30.5,14.336334228515625,23.46319256244086,199.0851888923107,199.0851888923107
2026-09-23T07:09:40.055938+07:00,sustained:parallel_self_play_and_train,2.0,237.0,20.91,39.0,30.3,14.331523895263672,24.455337848227476,207.0551937816593,207.0551937816593
2026-09-23T07:09:41.055484+07:00,sustained:parallel_self_play_and_train,5.0,237.0,21.09,40.0,29.7,14.331596374511719,25.29374826798664,213.91284249497275,213.91284249497275
2026-09-23T07:09:42.054994+07:00,sustained:parallel_self_play_and_train,2.0,237.0,21.52,40.0,34.1,14.33182144165039,25.510319919287813,217.9431665104489,217.9431665104489
2026-09-23T07:09:43.036480+07:00,sustained:parallel_self_play_and_train,4.0,237.0,22.09,41.0,29.4,14.33199691772461,25.756152132607788,218.283389323851,218.283389323851
2026-09-23T07:09:44.054491+07:00,sustained:parallel_self_play_and_train,1.0,237.0,20.76,39.0,33.2,14.33135986328125,26.073138325228726,219.52133962157853,219.52133962157853
2026-09-23T07:09:45.053555+07:00,sustained:parallel_self_play_and_train,4.0,237.0,21.16,40.0,29.5,14.331043243408203,26.283210487797515,222.36979399544478,222.36979399544478
2026-09-23T07:09:46.037592+07:00,sustained:parallel_self_play_and_train,1.0,237.0,20.94,40.0,33.7,14.331493377685547,26.684267440045716,223.5760407655259,223.5760407655259
2026-09-23T07:09:47.056382+07:00,sustained:parallel_self_play_and_train,3.0,237.0,20.67,40.0,30.7,14.331108093261719,27.22925109164452,225.76600796420044,225.76600796420044
2026-09-23T07:09:48.036855+07:00,sustained:parallel_self_play_and_train,4.0,237.0,22.49,40.0,33.4,14.330806732177734,27.414911596376218,226.40147826674027,226.40147826674027
2026-09-23T07:09:49.054585+07:00,sustained:parallel_self_play_and_train,1.0,237.0,20.75,40.0,31.4,14.331100463867188,27.637975684109108,227.53494981475208,227.53494981475208
2026-09-23T07:09:50.071483+07:00,sustained:parallel_self_play_and_train,4.0,237.0,21.1,40.0,30.2,14.330944061279297,27.974666561577752,229.9917229455428,229.9917229455428
2026-09-23T07:09:51.053497+07:00,sustained:parallel_self_play_and_train,4.0,237.0,21.95,40.0,34.6,14.330867767333984,28.092477976990025,230.93954309360075,230.93954309360075
2026-09-23T07:09:52.039253+07:00,sustained:parallel_self_play_and_train,3.0,237.0,21.51,40.0,30.4,14.332717895507812,28.334600407906567,233.16634077603112,233.16634077603112
2026-09-23T07:09:53.038658+07:00,sustained:parallel_self_play_and_train,3.0,237.0,22.37,40.0,35.3,14.331466674804688,28.3892449013547,233.2353901426922,233.2353901426922
2026-09-23T07:09:54.053628+07:00,sustained:parallel_self_play_and_train,1.0,237.0,21.33,40.0,33.8,14.331348419189453,28.577528312765587,235.84866013417718,235.84866013417718
2026-09-23T07:09:55.018721+07:00,sustained:parallel_self_play_and_train,4.0,237.0,21.92,41.0,30.8,14.327579498291016,28.690257528744805,236.65363852996072,236.65363852996072
2026-09-23T07:09:56.058311+07:00,sustained:parallel_self_play_and_train,1.0,237.0,21.39,40.0,32.0,14.331451416015625,28.743818345689217,237.40840233628717,237.40840233628717
2026-09-23T07:09:57.054210+07:00,sustained:parallel_self_play_and_train,4.0,237.0,20.86,40.0,31.6,14.327491760253906,29.003389652171045,238.38555264111355,238.38555264111355
2026-09-23T07:09:58.039363+07:00,sustained:parallel_self_play_and_train,3.0,237.0,21.28,40.0,31.8,14.325355529785156,28.84731481188751,238.02640634158683,238.02640634158683
2026-09-23T07:09:59.054581+07:00,sustained:parallel_self_play_and_train,5.0,237.0,20.75,40.0,29.9,14.327533721923828,29.001464056047528,238.744195175677,238.744195175677
2026-09-23T07:10:00.056425+07:00,sustained:parallel_self_play_and_train,5.0,237.0,22.53,40.0,35.7,14.34039306640625,28.968198381708024,238.7181650362381,238.7181650362381
2026-09-23T07:10:01.056981+07:00,sustained:parallel_self_play_and_train,3.0,237.0,21.59,41.0,28.3,14.32479476928711,28.98471369065637,241.05620219395882,241.05620219395882
2026-09-23T07:10:02.055062+07:00,sustained:parallel_self_play_and_train,2.0,237.0,23.07,40.0,39.2,14.328544616699219,29.028532305322194,241.69408419431306,241.69408419431306
2026-09-23T07:10:03.054823+07:00,sustained:parallel_self_play_and_train,3.0,237.0,21.12,40.0,31.1,14.32851791381836,29.225827110614436,241.7828322005207,241.7828322005207
2026-09-23T07:10:04.076923+07:00,sustained:parallel_self_play_and_train,5.0,237.0,21.05,41.0,31.8,14.334709167480469,29.352311771044263,242.15657211111517,242.15657211111517
2026-09-23T07:10:05.055062+07:00,sustained:parallel_self_play_and_train,2.0,237.0,22.84,40.0,37.6,14.329460144042969,29.452024043144682,242.83482568906547,242.83482568906547
2026-09-23T07:10:06.054379+07:00,sustained:parallel_self_play_and_train,3.0,237.0,21.65,40.0,32.0,14.330101013183594,29.541674135918214,243.99750666034336,243.99750666034336
2026-09-23T07:10:07.036399+07:00,sustained:parallel_self_play_and_train,4.0,237.0,22.59,41.0,31.1,14.330078125,29.58562764396221,243.72530476697386,243.72530476697386
2026-09-23T07:10:08.053428+07:00,sustained:parallel_self_play_and_train,1.0,237.0,22.68,40.0,35.8,14.330394744873047,29.72151424130638,244.51252876731874,244.51252876731874
2026-09-23T07:10:09.040119+07:00,sustained:parallel_self_play_and_train,3.0,237.0,21.33,40.0,26.7,14.329696655273438,29.77336715687164,244.42394434042123,244.42394434042123
2026-09-23T07:10:10.053124+07:00,sustained:parallel_self_play_and_train,5.0,237.0,23.27,40.0,37.0,14.328880310058594,29.814982770674813,245.01346434511328,245.01346434511328
2026-09-23T07:10:11.038475+07:00,sustained:parallel_self_play_and_train,2.0,237.0,22.67,40.0,32.4,14.329093933105469,29.93078647920294,246.09485178105302,246.09485178105302
2026-09-23T07:10:12.054367+07:00,sustained:parallel_self_play_and_train,3.0,237.0,21.4,41.0,30.0,14.329875946044922,29.95132987339333,246.6468244177216,246.6468244177216
2026-09-23T07:10:13.037395+07:00,sustained:parallel_self_play_and_train,2.0,237.0,21.7,41.0,36.0,14.336402893066406,29.992539285554695,246.61834060973683,246.61834060973683
2026-09-23T07:10:14.055054+07:00,sustained:parallel_self_play_and_train,3.0,237.0,21.39,41.0,25.4,14.337993621826172,29.95359269460282,247.59367415970559,247.59367415970559
2026-09-23T07:10:15.054240+07:00,sustained:parallel_self_play_and_train,2.0,237.0,21.94,40.0,34.8,14.33774185180664,29.95536456193805,247.80240012618157,247.80240012618157
2026-09-23T07:10:16.038544+07:00,sustained:parallel_self_play_and_train,4.0,237.0,21.73,40.0,32.5,14.337966918945312,30.058086795318555,248.45840295231793,248.45840295231793
2026-09-23T07:10:17.053119+07:00,sustained:parallel_self_play_and_train,4.0,237.0,21.91,41.0,32.3,14.337963104248047,30.107726628675568,248.45326124363487,248.45326124363487
2026-09-23T07:10:18.036735+07:00,sustained:parallel_self_play_and_train,2.0,237.0,22.37,41.0,35.5,14.336318969726562,30.274714143729735,248.63108990538043,248.63108990538043
2026-09-23T07:10:19.054721+07:00,sustained:parallel_self_play_and_train,3.0,237.0,20.2,41.0,26.6,14.33712387084961,30.225608804715755,249.8309949378972,249.8309949378972
2026-09-23T07:10:20.037223+07:00,sustained:parallel_self_play_and_train,5.0,237.0,21.7,41.0,36.1,14.336132049560547,30.220787817374784,249.60356017963747,249.60356017963747
2026-09-23T07:10:21.090394+07:00,sustained:parallel_self_play_and_train,2.0,237.0,20.81,41.0,29.4,14.33523941040039,30.175013491115912,249.59046873365875,249.59046873365875
2026-09-23T07:10:22.053249+07:00,sustained:parallel_self_play_and_train,2.0,237.0,22.76,41.0,42.2,14.330028533935547,30.19077784758102,249.82868668873294,249.82868668873294
2026-09-23T07:10:23.037639+07:00,sustained:parallel_self_play_and_train,3.0,237.0,21.97,41.0,36.0,14.330013275146484,30.234747187966978,251.34523271696798,251.34523271696798
2026-09-23T07:10:24.036567+07:00,sustained:parallel_self_play_and_train,4.0,237.0,22.65,41.0,40.8,14.329456329345703,30.25244974627356,251.59954038984176,251.59954038984176
2026-09-23T07:10:25.055615+07:00,sustained:parallel_self_play_and_train,1.0,237.0,21.87,40.0,36.8,14.325634002685547,30.289576765618335,252.5165378671037,252.5165378671037
2026-09-23T07:10:26.089829+07:00,sustained:parallel_self_play_and_train,3.0,237.0,20.67,41.0,30.8,14.336814880371094,30.311797652797107,252.7469010167053,252.7469010167053
2026-09-23T07:10:27.053282+07:00,sustained:parallel_self_play_and_train,1.0,237.0,22.09,41.0,40.9,14.316368103027344,30.371521776731395,253.07247099076415,253.07247099076415
2026-09-23T07:10:28.038778+07:00,sustained:parallel_self_play_and_train,2.0,237.0,20.72,40.0,31.6,14.320613861083984,30.389759054551057,252.99474412913756,252.99474412913756
2026-09-23T07:10:29.073878+07:00,sustained:parallel_self_play_and_train,4.0,237.0,21.84,41.0,32.6,14.32937240600586,30.473147469603703,253.4180802624988,253.4180802624988
2026-09-23T07:10:30.053238+07:00,sustained:parallel_self_play_and_train,2.0,237.0,23.29,41.0,37.3,14.323722839355469,30.50723003583857,253.83021122676016,253.83021122676016
2026-09-23T07:10:31.018384+07:00,sustained:parallel_self_play_and_train,3.0,237.0,22.09,41.0,26.5,14.32394790649414,30.47408548031164,254.14393570401202,254.14393570401202
2026-09-23T07:10:32.055039+07:00,sustained:parallel_self_play_and_train,2.0,237.0,22.01,40.0,31.6,14.31760025024414,30.399839827772535,255.90843889060005,255.90843889060005
2026-09-23T07:10:33.036722+07:00,sustained:parallel_self_play_and_train,4.0,237.0,23.27,41.0,30.3,14.318187713623047,30.38891533924007,256.9782646081949,256.9782646081949
2026-09-23T07:10:34.054432+07:00,sustained:parallel_self_play_and_train,1.0,237.0,20.95,40.0,30.6,14.317012786865234,30.385549662552442,257.08681039233807,257.08681039233807
2026-09-23T07:10:35.036620+07:00,sustained:parallel_self_play_and_train,4.0,237.0,23.25,41.0,32.1,14.3170166015625,30.386741783327842,256.923002465974,256.923002465974
2026-09-23T07:10:36.054510+07:00,sustained:parallel_self_play_and_train,2.0,237.0,22.11,41.0,34.5,14.3172607421875,30.43345133706159,257.923500081597,257.923500081597
2026-09-23T07:10:37.055611+07:00,sustained:parallel_self_play_and_train,5.0,237.0,21.4,41.0,31.1,14.316524505615234,30.416630090916158,259.2272209611119,259.2272209611119
2026-09-23T07:10:38.036574+07:00,sustained:parallel_self_play_and_train,2.0,237.0,21.77,41.0,36.5,14.318466186523438,30.457595296145843,259.54011059638066,259.54011059638066
2026-09-23T07:10:39.053660+07:00,sustained:parallel_self_play_and_train,1.0,237.0,20.56,40.0,29.3,14.319320678710938,30.49473924362049,259.37953922359486,259.37953922359486
2026-09-23T07:10:40.020296+07:00,sustained:parallel_self_play_and_train,4.0,237.0,22.66,41.0,33.1,14.318805694580078,30.503579566285584,259.38114567991994,259.38114567991994
2026-09-23T07:10:41.039049+07:00,sustained:parallel_self_play_and_train,2.0,237.0,21.3,41.0,31.9,14.316017150878906,30.524754747265735,259.9691612642132,259.9691612642132
2026-09-23T07:10:42.054740+07:00,sustained:parallel_self_play_and_train,3.0,237.0,20.87,41.0,28.6,14.31622314453125,30.52809715037242,260.301041206937,260.301041206937
2026-09-23T07:10:43.054376+07:00,sustained:parallel_self_play_and_train,1.0,237.0,21.96,40.0,33.6,14.316238403320312,30.495128298855235,261.1179701950176,261.1179701950176
2026-09-23T07:10:44.072231+07:00,sustained:parallel_self_play_and_train,4.0,237.0,20.24,41.0,28.2,14.322193145751953,30.51236019055917,260.85367754061673,260.85367754061673
2026-09-23T07:10:45.053493+07:00,sustained:parallel_self_play_and_train,1.0,237.0,20.91,41.0,32.5,14.316120147705078,30.563189255715013,260.7790718336315,260.7790718336315
2026-09-23T07:10:46.036297+07:00,sustained:parallel_self_play_and_train,0.0,237.0,20.83,40.0,31.7,14.316291809082031,30.600590630174313,261.0678837685518,261.0678837685518
2026-09-23T07:10:47.036532+07:00,sustained:parallel_self_play_and_train,5.0,237.0,22.23,41.0,29.3,14.315887451171875,30.564134974276058,260.9576293380604,260.9576293380604
2026-09-23T07:10:48.056424+07:00,sustained:parallel_self_play_and_train,1.0,237.0,21.38,41.0,33.0,14.317611694335938,30.571844946743827,261.6975618067277,261.6975618067277
2026-09-23T07:10:49.036339+07:00,sustained:parallel_self_play_and_train,4.0,237.0,22.78,41.0,31.3,14.317913055419922,30.57897247965895,261.42473222401765,261.42473222401765
2026-09-23T07:10:50.055278+07:00,sustained:parallel_self_play_and_train,1.0,237.0,20.39,40.0,29.7,14.317882537841797,30.576261208589216,261.67765842531145,261.67765842531145
2026-09-23T07:10:51.036524+07:00,sustained:parallel_self_play_and_train,4.0,237.0,22.74,41.0,31.7,14.316631317138672,30.575383070024973,261.7675377389414,261.7675377389414
2026-09-23T07:10:52.055080+07:00,sustained:parallel_self_play_and_train,1.0,237.0,20.22,40.0,29.4,14.31570053100586,30.56308899702636,261.98679888250996,261.98679888250996
2026-09-23T07:10:53.090118+07:00,sustained:parallel_self_play_and_train,4.0,237.0,21.26,41.0,30.2,14.31618881225586,30.587095969419487,262.3264955109583,262.3264955109583
2026-09-23T07:10:54.056517+07:00,sustained:parallel_self_play_and_train,2.0,237.0,22.64,41.0,35.3,14.315361022949219,30.574906146919876,262.68143976381083,262.68143976381083
2026-09-23T07:10:55.072494+07:00,sustained:parallel_self_play_and_train,3.0,237.0,20.28,41.0,25.7,14.31497573852539,30.578609399701772,262.7643427723604,262.7643427723604
2026-09-23T07:10:56.039302+07:00,sustained:parallel_self_play_and_train,2.0,237.0,22.24,41.0,34.0,14.31503677368164,30.558101704408998,263.07959620024786,263.07959620024786
2026-09-23T07:10:57.088115+07:00,sustained:parallel_self_play_and_train,3.0,237.0,21.35,41.0,29.3,14.314586639404297,30.56250847197333,263.1707731393042,263.1707731393042
2026-09-23T07:10:58.036419+07:00,sustained:parallel_self_play_and_train,2.0,237.0,21.47,41.0,36.7,14.31583023071289,30.582099115410248,263.051697316581,263.051697316581
2026-09-23T07:10:59.055591+07:00,sustained:parallel_self_play_and_train,2.0,237.0,21.72,41.0,34.1,14.316307067871094,30.650391987637356,263.21024119383577,263.21024119383577
2026-09-23T07:11:00.073579+07:00,sustained:parallel_self_play_and_train,3.0,237.0,20.96,41.0,30.3,14.312328338623047,30.643390492017428,263.3333100324889,263.3333100324889
2026-09-23T07:11:01.053203+07:00,sustained:parallel_self_play_and_train,2.0,237.0,23.29,41.0,37.7,14.31591796875,30.65009735192921,263.51366072246765,263.51366072246765
2026-09-23T07:11:02.038286+07:00,sustained:parallel_self_play_and_train,3.0,237.0,21.19,41.0,28.4,14.311569213867188,30.670382752595025,263.98281211737105,263.98281211737105
2026-09-23T07:11:03.036357+07:00,sustained:parallel_self_play_and_train,3.0,237.0,20.95,41.0,32.1,14.319381713867188,30.655286100385613,263.7973721856775,263.7973721856775
2026-09-23T07:11:04.054322+07:00,sustained:parallel_self_play_and_train,2.0,237.0,21.3,41.0,31.7,14.318347930908203,30.71156848693269,263.6076295128389,263.6076295128389
2026-09-23T07:11:05.088561+07:00,sustained:parallel_self_play_and_train,4.0,237.0,22.15,42.0,30.1,14.318317413330078,30.723616849494075,264.2125831190567,264.2125831190567
2026-09-23T07:11:06.036837+07:00,sustained:parallel_self_play_and_train,2.0,237.0,21.9,41.0,33.3,14.320072174072266,30.755462042955088,264.3191358637232,264.3191358637232
2026-09-23T07:11:07.055106+07:00,sustained:parallel_self_play_and_train,2.0,237.0,22.03,41.0,29.4,14.31976318359375,30.782391107531257,265.0591126910242,265.0591126910242
2026-09-23T07:11:08.036146+07:00,sustained:parallel_self_play_and_train,4.0,237.0,22.77,42.0,26.4,14.319049835205078,30.768665667183445,265.21564182923225,265.21564182923225
2026-09-23T07:11:09.053829+07:00,sustained:parallel_self_play_and_train,1.0,237.0,20.8,41.0,27.1,14.319969177246094,30.747191910290407,265.4574996307507,265.4574996307507
2026-09-23T07:11:10.036645+07:00,sustained:parallel_self_play_and_train,5.0,237.0,22.59,42.0,25.1,14.319820404052734,30.766480224242684,266.0094010760747,266.0094010760747
2026-09-23T07:11:11.055061+07:00,sustained:parallel_self_play_and_train,1.0,237.0,22.46,41.0,32.2,14.319721221923828,30.765819137622096,266.54116276745697,266.54116276745697
2026-09-23T07:11:12.053884+07:00,sustained:parallel_self_play_and_train,3.0,237.0,21.37,41.0,29.6,14.318836212158203,30.804768454149507,266.47105756420666,266.47105756420666
2026-09-23T07:11:13.036381+07:00,sustained:parallel_self_play_and_train,4.0,237.0,22.92,42.0,32.8,14.319236755371094,30.821276501067988,266.46749177505615,266.46749177505615
2026-09-23T07:11:14.056276+07:00,sustained:parallel_self_play_and_train,2.0,237.0,21.56,41.0,30.4,14.319416046142578,30.816492482924613,267.670127675903,267.670127675903
2026-09-23T07:11:15.074350+07:00,sustained:parallel_self_play_and_train,4.0,237.0,21.1,42.0,30.3,14.324466705322266,30.83721620045792,267.7317567033584,267.7317567033584
2026-09-23T07:11:16.055592+07:00,sustained:parallel_self_play_and_train,2.0,237.0,22.41,41.0,33.3,14.318058013916016,30.838560685363873,267.8035745406906,267.8035745406906
2026-09-23T07:11:17.053537+07:00,sustained:parallel_self_play_and_train,3.0,237.0,21.18,41.0,30.7,14.31832504272461,30.858274456514312,268.2986699110026,268.2986699110026
2026-09-23T07:11:18.036585+07:00,sustained:parallel_self_play_and_train,3.0,237.0,22.77,42.0,33.6,14.318588256835938,30.871378754026555,268.82275896955053,268.82275896955053
2026-09-23T07:11:19.054586+07:00,sustained:parallel_self_play_and_train,1.0,237.0,20.97,41.0,30.5,14.318359375,30.875131055050048,268.7606646125309,268.7606646125309
2026-09-23T07:11:20.036354+07:00,sustained:parallel_self_play_and_train,4.0,237.0,23.14,42.0,27.9,14.3187255859375,30.878184069269658,269.4349948979201,269.4349948979201
2026-09-23T07:11:21.053834+07:00,sustained:parallel_self_play_and_train,1.0,237.0,21.76,41.0,31.7,14.319351196289062,30.871410025899674,269.73668841927895,269.73668841927895
2026-09-23T07:11:22.054764+07:00,sustained:parallel_self_play_and_train,3.0,237.0,20.85,42.0,26.2,14.31924057006836,30.89172140320079,269.847221875821,269.847221875821
2026-09-23T07:11:23.053912+07:00,sustained:parallel_self_play_and_train,3.0,237.0,21.99,41.0,30.0,14.31942367553711,30.85426764065497,269.92164484255744,269.92164484255744
2026-09-23T07:11:24.054813+07:00,sustained:parallel_self_play_and_train,4.0,237.0,21.15,41.0,28.7,14.319461822509766,30.89038379956421,269.8784014170449,269.8784014170449
2026-09-23T07:11:25.037237+07:00,sustained:parallel_self_play_and_train,4.0,237.0,21.91,41.0,33.5,14.319084167480469,30.87463893341695,270.20542056389564,270.20542056389564
2026-09-23T07:11:26.054547+07:00,sustained:parallel_self_play_and_train,2.0,237.0,22.45,41.0,34.4,14.318992614746094,30.92033567254335,270.50111534312435,270.50111534312435
2026-09-23T07:11:27.054853+07:00,sustained:parallel_self_play_and_train,4.0,237.0,21.17,42.0,30.5,14.319183349609375,30.939395471987744,270.6171488479414,270.6171488479414
2026-09-23T07:11:28.036813+07:00,sustained:parallel_self_play_and_train,3.0,237.0,21.55,42.0,35.9,14.318355560302734,30.945383638015652,270.48305654590825,270.48305654590825
2026-09-23T07:11:29.053403+07:00,sustained:parallel_self_play_and_train,1.0,237.0,20.82,41.0,35.3,14.318157196044922,30.967792369986434,270.55584034984616,270.55584034984616
2026-09-23T07:11:30.038629+07:00,sustained:parallel_self_play_and_train,3.0,237.0,21.89,42.0,36.6,14.318305969238281,30.999570888439248,270.6962528871131,270.6962528871131
2026-09-23T07:11:31.036593+07:00,sustained:parallel_self_play_and_train,3.0,237.0,21.69,42.0,36.5,14.318218231201172,31.02224894625542,270.7562166052592,270.7562166052592
2026-09-23T07:11:32.055921+07:00,sustained:parallel_self_play_and_train,1.0,237.0,21.66,41.0,37.5,14.322242736816406,31.04927098085971,270.8268554259062,270.8268554259062
2026-09-23T07:11:33.054843+07:00,sustained:parallel_self_play_and_train,4.0,237.0,21.88,41.0,30.8,14.326175689697266,31.090938666218868,270.98764473606207,270.98764473606207
2026-09-23T07:11:34.036370+07:00,sustained:parallel_self_play_and_train,4.0,237.0,23.1,42.0,34.7,14.343963623046875,31.10554501864179,271.0556633890082,271.0556633890082
2026-09-23T07:11:35.037593+07:00,sustained:parallel_self_play_and_train,1.0,237.0,21.35,42.0,32.4,14.33401870727539,31.106617608762438,271.2128265687692,271.2128265687692
2026-09-23T07:11:36.055315+07:00,sustained:parallel_self_play_and_train,3.0,237.0,20.6,41.0,26.5,14.33414077758789,31.117333120654365,271.3320314788487,271.3320314788487
2026-09-23T07:11:37.053756+07:00,sustained:parallel_self_play_and_train,5.0,237.0,21.21,42.0,31.9,14.337154388427734,31.160461594974446,271.3411870208067,271.3411870208067
2026-09-23T07:11:38.036710+07:00,sustained:parallel_self_play_and_train,1.0,237.0,22.51,42.0,39.7,14.33920669555664,31.182151838962405,271.22204330683434,271.22204330683434
2026-09-23T07:11:39.060279+07:00,sustained:parallel_self_play_and_train,3.0,237.0,20.87,42.0,26.3,14.339385986328125,31.158448465957996,271.636563417404,271.636563417404
2026-09-23T07:11:40.037971+07:00,sustained:parallel_self_play_and_train,2.0,237.0,21.94,42.0,32.4,14.336711883544922,31.181552777265818,271.5573645830001,271.5573645830001
2026-09-23T07:11:41.052553+07:00,sustained:parallel_self_play_and_train,1.0,237.0,21.85,42.0,32.9,14.337482452392578,31.22220621012642,271.5949315204894,271.5949315204894
2026-09-23T07:11:42.053765+07:00,sustained:parallel_self_play_and_train,3.0,237.0,22.0,41.0,29.4,14.332439422607422,31.245643787516585,272.3148862811548,272.3148862811548
2026-09-23T07:11:43.053560+07:00,sustained:parallel_self_play_and_train,4.0,237.0,22.6,42.0,27.9,14.334739685058594,31.235950659781327,272.4846275550731,272.4846275550731
2026-09-23T07:11:44.056846+07:00,sustained:parallel_self_play_and_train,1.0,237.0,21.41,41.0,29.9,14.333137512207031,31.23317168104715,272.82698506939585,272.82698506939585
2026-09-23T07:11:45.072248+07:00,sustained:parallel_self_play_and_train,3.0,237.0,20.96,42.0,26.5,14.331947326660156,31.251611087199187,272.6962263184682,272.6962263184682
2026-09-23T07:11:46.054552+07:00,sustained:parallel_self_play_and_train,2.0,257.0,23.23,41.0,30.5,14.328536987304688,31.207838963994362,273.33356315256947,273.33356315256947
2026-09-23T07:11:47.036455+07:00,sustained:parallel_self_play_and_train,4.0,257.0,22.19,42.0,30.8,14.325927734375,31.18360246542608,273.3469679023335,273.3469679023335
2026-09-23T07:11:48.054374+07:00,sustained:parallel_self_play_and_train,2.0,257.0,21.23,41.0,28.8,14.326286315917969,31.20666147672113,273.18166309458996,273.18166309458996
2026-09-23T07:11:49.053541+07:00,sustained:parallel_self_play_and_train,4.0,257.0,21.36,42.0,28.7,14.32525634765625,31.232389142419727,273.4417258627932,273.4417258627932
2026-09-23T07:11:50.037182+07:00,sustained:parallel_self_play_and_train,3.0,257.0,21.1,42.0,25.7,14.322772979736328,31.253683418629034,273.11131611233174,273.11131611233174
2026-09-23T07:11:51.036554+07:00,sustained:parallel_self_play_and_train,2.0,257.0,22.22,42.0,33.6,14.322628021240234,31.291855924256478,273.2916907857564,273.2916907857564
2026-09-23T07:11:52.054379+07:00,sustained:parallel_self_play_and_train,2.0,257.0,21.7,41.0,29.4,14.32187271118164,31.317469926946405,273.54822493397194,273.54822493397194
2026-09-23T07:11:53.065460+07:00,sustained:parallel_self_play_and_train,4.0,257.0,20.64,42.0,24.2,14.322921752929688,31.32118985726864,273.73880974810186,273.73880974810186
2026-09-23T07:11:54.056370+07:00,sustained:parallel_self_play_and_train,2.0,257.0,21.97,42.0,29.5,14.321842193603516,31.294334749234267,273.8671548354655,273.8671548354655
2026-09-23T07:11:55.037641+07:00,sustained:parallel_self_play_and_train,5.0,257.0,21.88,42.0,29.9,14.322174072265625,31.321714890905977,273.837336442696,273.837336442696
2026-09-23T07:11:56.053968+07:00,sustained:parallel_self_play_and_train,3.0,257.0,23.65,42.0,32.8,14.32217025756836,31.30799144583301,274.0822409029943,274.0822409029943
2026-09-23T07:11:57.053677+07:00,sustained:parallel_self_play_and_train,3.0,257.0,22.17,41.0,28.5,14.321949005126953,31.32873650006296,274.2762774631599,274.2762774631599
2026-09-23T07:11:58.036415+07:00,sustained:parallel_self_play_and_train,4.0,257.0,23.29,42.0,25.8,14.322868347167969,31.346241676303055,274.76134262414905,274.76134262414905
2026-09-23T07:11:59.054032+07:00,sustained:parallel_self_play_and_train,2.0,257.0,22.25,42.0,30.8,14.323928833007812,31.339637689723467,275.1499134763211,275.1499134763211
2026-09-23T07:12:00.055436+07:00,sustained:parallel_self_play_and_train,3.0,257.0,21.15,42.0,26.4,14.321830749511719,31.350749803475544,275.2862647637097,275.2862647637097
2026-09-23T07:12:01.055288+07:00,sustained:parallel_self_play_and_train,3.0,257.0,20.73,42.0,27.6,14.32522201538086,31.394179216887768,275.3282763810178,275.3282763810178
2026-09-23T07:12:02.053328+07:00,sustained:parallel_self_play_and_train,3.0,257.0,23.15,42.0,33.3,14.32467269897461,31.39956709245171,275.19477730313037,275.19477730313037
2026-09-23T07:12:03.054043+07:00,sustained:parallel_self_play_and_train,2.0,257.0,22.26,41.0,29.6,14.32503890991211,31.39787696870665,275.653736112139,275.653736112139
2026-09-23T07:12:04.054317+07:00,sustained:parallel_self_play_and_train,4.0,257.0,21.76,42.0,27.9,14.325401306152344,31.423887779716463,275.6082719522652,275.6082719522652
2026-09-23T07:12:05.019874+07:00,sustained:parallel_self_play_and_train,2.0,257.0,21.44,42.0,33.7,14.325027465820312,31.432722242428802,275.73482455997265,275.73482455997265
2026-09-23T07:12:06.055135+07:00,sustained:parallel_self_play_and_train,2.0,257.0,21.19,41.0,29.0,14.325183868408203,31.434277517925636,275.66578351485356,275.66578351485356
2026-09-23T07:12:07.036163+07:00,sustained:parallel_self_play_and_train,4.0,257.0,22.15,42.0,26.8,14.324813842773438,31.425825878990885,275.3911550351,275.3911550351
2026-09-23T07:12:08.053686+07:00,sustained:parallel_self_play_and_train,1.0,257.0,22.79,42.0,32.2,14.326107025146484,31.452383763800007,275.3922529189658,275.3922529189658
2026-09-23T07:12:09.055397+07:00,sustained:parallel_self_play_and_train,4.0,257.0,21.45,41.0,27.1,14.325244903564453,31.46784880986002,275.4254934931808,275.4254934931808
2026-09-23T07:12:10.077277+07:00,sustained:parallel_self_play_and_train,5.0,257.0,21.9,42.0,28.8,14.324966430664062,31.486576170546265,275.3513580787354,275.3513580787354
2026-09-23T07:12:11.036439+07:00,sustained:parallel_self_play_and_train,2.0,257.0,22.18,42.0,33.4,14.324325561523438,31.493919198271612,275.71494716305057,275.71494716305057
2026-09-23T07:12:12.054275+07:00,sustained:parallel_self_play_and_train,2.0,257.0,21.51,42.0,32.3,14.333404541015625,31.505285786348203,275.5785880252928,275.5785880252928
2026-09-23T07:12:13.055733+07:00,sustained:parallel_self_play_and_train,4.0,257.0,22.62,42.0,29.8,14.33023452758789,31.535342585476805,275.8913006583115,275.8913006583115
2026-09-23T07:12:14.037406+07:00,sustained:parallel_self_play_and_train,3.0,257.0,21.45,42.0,30.8,14.334300994873047,31.54208819914239,275.7915490854084,275.7915490854084
2026-09-23T07:12:15.070815+07:00,sustained:parallel_self_play_and_train,1.0,257.0,21.18,43.0,22.9,14.321212768554688,31.509940744893907,276.03314052926004,276.03314052926004
2026-09-23T07:12:16.036639+07:00,sustained:parallel_self_play_and_train,3.0,257.0,21.22,42.0,30.2,14.322193145751953,31.516521661624626,276.10767281757774,276.10767281757774
2026-09-23T07:12:17.054898+07:00,sustained:parallel_self_play_and_train,3.0,257.0,21.59,42.0,28.5,14.322929382324219,31.51557755172561,276.4203745910382,276.4203745910382
2026-09-23T07:12:18.054764+07:00,sustained:parallel_self_play_and_train,4.0,257.0,20.96,42.0,29.4,14.323177337646484,31.561187916187652,276.4224116757575,276.4224116757575
2026-09-23T07:12:19.036698+07:00,sustained:parallel_self_play_and_train,4.0,257.0,21.94,42.0,30.2,14.322441101074219,31.544725647752525,276.5084945736172,276.5084945736172
2026-09-23T07:12:20.053261+07:00,sustained:parallel_self_play_and_train,3.0,257.0,21.43,42.0,25.6,14.323036193847656,31.54931923667714,277.40445266890987,277.40445266890987
2026-09-23T07:12:21.071740+07:00,sustained:parallel_self_play_and_train,4.0,257.0,23.43,42.0,29.0,14.324695587158203,31.569467112831752,278.47193092324346,278.47193092324346
2026-09-23T07:12:22.056026+07:00,sustained:parallel_self_play_and_train,2.0,257.0,23.03,42.0,30.4,14.323841094970703,31.555666444675786,279.01729865214804,279.01729865214804
2026-09-23T07:12:23.105496+07:00,sustained:parallel_self_play_and_train,4.0,257.0,23.4,43.0,27.5,14.322940826416016,31.553213870195446,280.5057597152778,280.5057597152778
2026-09-23T07:12:24.036962+07:00,sustained:parallel_self_play_and_train,2.0,257.0,22.75,42.0,31.8,14.32314682006836,31.560602383326636,281.1600452101502,281.1600452101502
2026-09-23T07:12:25.053223+07:00,sustained:parallel_self_play_and_train,3.0,257.0,22.56,42.0,28.7,14.323345184326172,31.585287211359663,282.12756725422093,282.12756725422093
2026-09-23T07:12:26.054238+07:00,sustained:parallel_self_play_and_train,3.0,257.0,21.52,42.0,29.9,14.323638916015625,31.627229639696676,282.14788081989116,282.14788081989116
2026-09-23T07:12:27.054834+07:00,sustained:parallel_self_play_and_train,4.0,257.0,20.57,42.0,27.2,14.32296371459961,31.663058539582295,282.06696452931106,282.06696452931106
2026-09-23T07:12:28.036277+07:00,sustained:parallel_self_play_and_train,5.0,257.0,22.85,42.0,24.7,14.323112487792969,31.65809176175179,282.2358312347064,282.2358312347064
2026-09-23T07:12:29.036623+07:00,sustained:parallel_self_play_and_train,1.0,257.0,21.3,42.0,29.4,14.326068878173828,31.671004665437486,282.4538822441614,282.4538822441614
2026-09-23T07:12:30.070431+07:00,sustained:parallel_self_play_and_train,2.0,257.0,20.31,42.0,24.9,14.324554443359375,31.670902773077053,282.3155385789553,282.3155385789553
2026-09-23T07:12:59.429466+07:00,optimized:idle,0.0,135.0,12.5,41.0,0.0,10.68912124633789,0.0,0.0,0.0
2026-09-23T07:13:00.441631+07:00,optimized:idle,0.0,135.0,23.62,41.0,85.9,15.36812973022461,0.0,0.0,0.0
2026-09-23T07:13:01.440808+07:00,optimized:idle,0.0,135.0,23.48,41.0,67.3,16.007484436035156,0.0,0.0,0.0
2026-09-23T07:13:02.438456+07:00,optimized:mcts_pool_16,0.0,135.0,24.22,42.0,75.8,16.395538330078125,0.0,0.0,0.0
2026-09-23T07:13:03.437904+07:00,optimized:mcts_pool_16,0.0,135.0,24.1,42.0,69.5,16.390361785888672,0.0,0.0,0.0
2026-09-23T07:13:04.418823+07:00,optimized:mcts_pool_16,0.0,135.0,23.59,42.0,69.8,16.386123657226562,0.0,0.0,0.0
2026-09-23T07:13:05.420668+07:00,optimized:mcts_pool_16,0.0,135.0,23.66,42.0,69.9,16.385311126708984,0.0,0.0,0.0
2026-09-23T07:13:06.440807+07:00,optimized:mcts_pool_16,0.0,135.0,20.83,41.0,71.6,16.38555908203125,0.0,0.0,0.0
2026-09-23T07:13:07.421252+07:00,optimized:network_batch_512,0.0,207.0,12.32,40.0,76.5,10.776065826416016,0.0,0.0,0.0
2026-09-23T07:13:08.407744+07:00,optimized:network_batch_512,92.0,209.0,99.92,57.0,11.8,10.873008728027344,0.0,0.0,0.0
2026-09-23T07:13:09.402965+07:00,optimized:network_batch_512,91.0,209.0,134.59,59.0,11.3,10.873779296875,0.0,0.0,0.0
2026-09-23T07:13:10.439498+07:00,optimized:network_batch_512,92.0,209.0,136.02,59.0,10.3,10.870655059814453,0.0,0.0,0.0
2026-09-23T07:13:11.422407+07:00,optimized:network_batch_512,92.0,209.0,134.61,60.0,8.0,10.867000579833984,0.0,0.0,0.0
2026-09-23T07:13:12.423259+07:00,optimized:network_batch_512,91.0,209.0,135.78,60.0,9.5,10.86642837524414,0.0,0.0,0.0
2026-09-23T07:13:13.426133+07:00,optimized:network_batch_512,89.0,209.0,126.54,59.0,10.5,10.88018798828125,0.0,0.0,0.0
2026-09-23T07:13:14.442966+07:00,optimized:network_batch_512,89.0,209.0,125.15,59.0,10.9,10.880691528320312,0.0,0.0,0.0
2026-09-23T07:13:15.420436+07:00,optimized:network_batch_512,90.0,209.0,125.36,60.0,8.8,10.880050659179688,0.0,0.0,0.0
2026-09-23T07:13:16.422506+07:00,optimized:network_batch_512,90.0,209.0,125.53,60.0,9.6,10.880180358886719,0.0,0.0,0.0
2026-09-23T07:13:17.419560+07:00,optimized:network_batch_512,90.0,209.0,125.93,60.0,8.9,10.88006591796875,0.0,0.0,0.0
2026-09-23T07:13:18.402878+07:00,optimized:self_play_detached,0.0,211.0,60.49,47.0,20.3,11.17245864868164,45.46161726115552,287.92357598731826,0.0
2026-09-23T07:13:19.419205+07:00,optimized:self_play_detached,8.0,211.0,35.93,46.0,10.2,11.174278259277344,60.83678811907561,528.8744780484973,0.0
2026-09-23T07:13:20.403900+07:00,optimized:self_play_detached,9.0,211.0,33.28,45.0,9.9,11.174407958984375,61.9031681723968,539.9582917227312,0.0
2026-09-23T07:13:21.419546+07:00,optimized:self_play_detached,9.0,211.0,33.02,45.0,10.6,11.172805786132812,62.51868403374545,542.5507579760188,0.0
2026-09-23T07:13:22.420680+07:00,optimized:self_play_detached,9.0,211.0,33.08,45.0,8.6,11.173370361328125,65.29386588654005,540.9726433559907,0.0
2026-09-23T07:13:23.419096+07:00,optimized:self_play_detached,9.0,221.0,31.64,44.0,20.5,11.533988952636719,65.84722653274305,540.5458687187908,0.0
2026-09-23T07:13:24.419100+07:00,optimized:training_vectorized,9.0,223.0,30.68,44.0,9.5,11.626720428466797,43.58921291054228,0.0,437.5686372942898
2026-09-23T07:13:25.404534+07:00,optimized:training_vectorized,9.0,223.0,33.24,44.0,9.7,11.6214599609375,51.19632088601837,0.0,481.7939483380657
2026-09-23T07:13:26.439933+07:00,optimized:training_vectorized,9.0,223.0,32.82,44.0,10.1,11.618770599365234,52.83358316351713,0.0,491.6631092040241
2026-09-23T07:13:27.421387+07:00,optimized:training_vectorized,9.0,223.0,32.85,44.0,10.3,11.619510650634766,55.1921123239791,0.0,498.15639313108727
2026-09-23T07:24:53.454054+07:00,full_training:iteration_0,0.0,155.0,13.17,35.0,0.0,11.079444885253906,0.0,0.0,0.0
2026-09-23T07:24:54.458210+07:00,full_training:iteration_0,2.0,163.0,25.69,37.0,9.1,11.494182586669922,0.0,0.0,0.0
2026-09-23T07:24:55.456990+07:00,full_training:iteration_0,2.0,217.0,26.02,37.0,9.0,11.951480865478516,10.70718665832517,100.11219525534034,100.11219525534034
2026-09-23T07:24:56.470258+07:00,full_training:iteration_0,2.0,217.0,26.15,37.0,9.9,11.953235626220703,10.70718665832517,100.11219525534034,100.11219525534034
2026-09-23T07:25:21.268319+07:00,full_training:idle,2.0,193.0,13.03,36.0,0.0,11.020282745361328,0.0,0.0,0.0
2026-09-23T07:25:40.869011+07:00,full_training:iteration_0,0.0,195.0,13.41,36.0,0.0,11.081207275390625,0.0,0.0,0.0
2026-09-23T07:25:41.874288+07:00,full_training:iteration_0,2.0,203.0,26.13,37.0,13.3,11.505935668945312,0.0,0.0,0.0
2026-09-23T07:25:42.875876+07:00,full_training:iteration_0,2.0,237.0,26.49,37.0,13.3,11.96478271484375,11.377303565054055,103.72308416807613,103.72308416807613
2026-09-23T07:25:43.870565+07:00,full_training:iteration_0,2.0,237.0,26.2,37.0,13.4,11.966514587402344,11.377303565054055,103.72308416807613,103.72308416807613
2026-09-23T07:25:44.859771+07:00,full_training:iteration_0,2.0,237.0,26.23,37.0,11.5,11.965110778808594,12.017329229139975,103.64946460133228,103.64946460133228
2026-09-23T07:25:45.853111+07:00,full_training:iteration_0,2.0,237.0,26.29,38.0,13.2,11.965553283691406,12.364424395643564,107.57049224209901,107.57049224209901
2026-09-23T07:25:46.872557+07:00,full_training:iteration_0,2.0,237.0,26.23,37.0,14.3,11.964649200439453,12.364424395643564,107.57049224209901,107.57049224209901
2026-09-23T07:25:47.873131+07:00,full_training:iteration_0,2.0,237.0,24.8,37.0,12.4,11.964248657226562,12.494973376349762,107.9773949272892,107.9773949272892
2026-09-23T07:25:48.874845+07:00,full_training:iteration_0,6.0,237.0,18.44,37.0,11.5,11.963386535644531,12.535060339947941,109.32363339340313,109.32363339340313
2026-09-23T07:25:49.869744+07:00,full_training:iteration_0,5.0,237.0,17.73,37.0,10.4,11.963775634765625,12.535060339947941,109.32363339340313,109.32363339340313
2026-09-23T07:25:50.860079+07:00,full_training:iteration_0,6.0,237.0,17.86,37.0,13.4,11.962142944335938,12.658539003826467,108.54697195781196,108.54697195781196
2026-09-23T07:25:51.875945+07:00,full_training:iteration_0,7.0,237.0,17.6,37.0,10.9,11.962547302246094,12.923765421784971,108.99042172371993,108.99042172371993
2026-09-23T07:25:52.874620+07:00,full_training:iteration_0,6.0,237.0,17.54,37.0,11.7,11.960346221923828,12.923765421784971,108.99042172371993,108.99042172371993
2026-09-23T07:25:53.870957+07:00,full_training:iteration_0,2.0,237.0,17.18,37.0,12.3,11.980949401855469,12.971681806853503,108.24868467819249,108.24868467819249
2026-09-23T07:25:54.869376+07:00,full_training:iteration_0,6.0,237.0,17.53,37.0,13.1,11.9810791015625,13.094469730482999,109.16026129866282,109.16026129866282
2026-09-23T07:25:55.876070+07:00,full_training:iteration_0,6.0,237.0,17.69,37.0,12.7,11.977622985839844,13.094469730482999,109.16026129866282,109.16026129866282
2026-09-23T07:25:56.875034+07:00,full_training:iteration_0,6.0,237.0,17.73,37.0,13.4,11.973255157470703,12.958910173817266,108.63886362383475,108.63886362383475
2026-09-23T07:25:57.876206+07:00,full_training:iteration_0,6.0,237.0,17.68,37.0,10.7,11.97161865234375,12.995710830637687,109.0140204677723,109.0140204677723
2026-09-23T07:25:58.872641+07:00,full_training:iteration_0,6.0,237.0,17.29,37.0,10.9,11.971687316894531,12.995710830637687,109.0140204677723,109.0140204677723
2026-09-23T07:25:59.869297+07:00,full_training:iteration_0,6.0,237.0,17.77,37.0,9.9,11.971504211425781,13.046839037488802,108.52174327968363,108.52174327968363
2026-09-23T07:26:00.874940+07:00,full_training:iteration_0,7.0,237.0,17.93,37.0,12.4,11.968490600585938,13.105629200212823,109.08252037643807,109.08252037643807
2026-09-23T07:26:01.875519+07:00,full_training:iteration_0,5.0,237.0,17.63,37.0,10.8,11.964874267578125,13.161072280784529,108.70223136910472,108.70223136910472
2026-09-23T07:26:02.872245+07:00,full_training:iteration_0,6.0,237.0,17.85,37.0,10.2,11.964916229248047,13.161072280784529,108.70223136910472,108.70223136910472
2026-09-23T07:26:03.869356+07:00,full_training:iteration_0,8.0,237.0,17.74,37.0,10.7,11.964366912841797,13.1100737641208,109.46911593040868,109.46911593040868
2026-09-23T07:26:04.869011+07:00,full_training:iteration_0,5.0,237.0,17.38,37.0,12.3,11.9637451171875,13.1100737641208,109.46911593040868,109.46911593040868
2026-09-23T07:26:05.874867+07:00,full_training:iteration_0,6.0,237.0,17.75,37.0,11.6,11.964054107666016,13.141298564013512,109.32830333116797,109.32830333116797
2026-09-23T07:26:06.857462+07:00,full_training:iteration_0,7.0,237.0,17.74,37.0,17.0,12.03836441040039,13.147977346850055,109.50881132310637,109.50881132310637
2026-09-23T07:26:07.868987+07:00,full_training:iteration_0,5.0,237.0,17.24,37.0,32.2,12.14968490600586,13.147977346850055,109.50881132310637,109.50881132310637
2026-09-23T07:26:08.871926+07:00,full_training:iteration_0,2.0,237.0,17.03,37.0,17.0,12.17791748046875,13.061424132349229,108.50778097949122,108.50778097949122
2026-09-23T07:26:09.869234+07:00,full_training:iteration_0,2.0,237.0,16.75,37.0,19.7,12.17165756225586,13.010933552163216,109.35379866460988,109.35379866460988
2026-09-23T07:26:10.853562+07:00,full_training:iteration_0,5.0,237.0,17.09,37.0,23.2,12.168525695800781,13.010933552163216,109.35379866460988,109.35379866460988
2026-09-23T07:26:11.857516+07:00,full_training:iteration_0,7.0,237.0,17.53,37.0,19.4,12.073230743408203,13.03097286630903,108.95670267079755,108.95670267079755
2026-09-23T07:26:12.871289+07:00,full_training:iteration_0,6.0,237.0,17.63,37.0,21.3,12.101722717285156,13.04839241127487,109.03917484552305,109.03917484552305
2026-09-23T07:26:13.871330+07:00,full_training:iteration_0,5.0,237.0,17.74,37.0,18.4,12.100296020507812,13.04839241127487,109.03917484552305,109.03917484552305
2026-09-23T07:26:14.853666+07:00,full_training:iteration_0,7.0,237.0,17.93,37.0,22.1,12.081161499023438,13.030193765906692,108.63924052324704,108.63924052324704
2026-09-23T07:26:15.871208+07:00,full_training:iteration_0,6.0,237.0,17.59,37.0,20.4,12.072261810302734,13.030193765906692,108.63924052324704,108.63924052324704
2026-09-23T07:26:16.855532+07:00,full_training:iteration_0,5.0,237.0,17.44,37.0,18.1,12.070297241210938,13.03245183204224,108.74277808656045,108.74277808656045
2026-09-23T07:26:17.853266+07:00,full_training:iteration_0,7.0,237.0,17.43,37.0,17.9,12.068656921386719,13.041455265111944,108.41963675207488,108.41963675207488
2026-09-23T07:26:18.858840+07:00,full_training:iteration_0,6.0,237.0,17.84,37.0,18.4,12.067096710205078,13.041455265111944,108.41963675207488,108.41963675207488
2026-09-23T07:26:19.868792+07:00,full_training:iteration_0,5.0,237.0,17.75,37.0,20.4,12.07357406616211,13.002082018591588,108.49515106624759,108.49515106624759
2026-09-23T07:26:20.860503+07:00,full_training:iteration_0,5.0,237.0,17.74,37.0,19.0,12.112979888916016,12.996631277825008,108.17374711775422,108.17374711775422
2026-09-23T07:26:21.873326+07:00,full_training:iteration_0,6.0,237.0,17.58,37.0,18.5,12.111587524414062,12.996631277825008,108.17374711775422,108.17374711775422
2026-09-23T07:26:22.876525+07:00,full_training:iteration_0,5.0,237.0,17.47,37.0,18.7,12.090591430664062,13.048130594343888,108.20949682550707,108.20949682550707
2026-09-23T07:26:23.855029+07:00,full_training:iteration_0,6.0,237.0,17.3,37.0,16.9,12.116802215576172,13.044685858493265,107.85781090664182,107.85781090664182
2026-09-23T07:26:24.869025+07:00,full_training:iteration_0,2.0,237.0,16.88,37.0,18.3,12.139751434326172,13.044685858493265,107.85781090664182,107.85781090664182
2026-09-23T07:26:25.853442+07:00,full_training:iteration_0,5.0,237.0,17.52,37.0,19.1,12.151355743408203,13.096020099646191,108.08441104820896,108.08441104820896
2026-09-23T07:26:26.872716+07:00,full_training:iteration_0,7.0,237.0,18.02,37.0,17.0,12.131690979003906,13.111733052978481,107.82351727785273,107.82351727785273
2026-09-23T07:26:27.855736+07:00,full_training:iteration_0,6.0,237.0,17.88,37.0,18.8,12.139789581298828,13.111733052978481,107.82351727785273,107.82351727785273
2026-09-23T07:26:28.869157+07:00,full_training:iteration_0,5.0,237.0,17.68,37.0,15.9,12.147308349609375,13.08672512862174,108.02496742535035,108.02496742535035
2026-09-23T07:26:29.874272+07:00,full_training:iteration_0,6.0,237.0,17.53,37.0,21.3,12.159236907958984,13.089474246551232,107.75717181204969,107.75717181204969
2026-09-23T07:26:30.856474+07:00,full_training:iteration_0,6.0,237.0,17.92,37.0,17.8,12.14345932006836,13.089474246551232,107.75717181204969,107.75717181204969
2026-09-23T07:26:31.877765+07:00,full_training:iteration_0,5.0,237.0,17.98,37.0,17.1,12.135120391845703,13.09273820834065,107.90286674845315,107.90286674845315
2026-09-23T07:26:32.875810+07:00,full_training:iteration_0,6.0,237.0,18.04,37.0,18.5,12.120170593261719,13.157442521900375,107.65346374515987,107.65346374515987
2026-09-23T07:26:33.872191+07:00,full_training:iteration_0,6.0,237.0,17.94,37.0,17.3,12.124156951904297,13.185045920757064,107.70757106888709,107.70757106888709
2026-09-23T07:26:34.870175+07:00,full_training:iteration_0,5.0,237.0,17.76,37.0,18.6,12.1124267578125,13.185045920757064,107.70757106888709,107.70757106888709
2026-09-23T07:26:35.871939+07:00,full_training:iteration_0,6.0,237.0,17.75,37.0,15.8,12.125885009765625,13.189092237557096,107.5952261484921,107.5952261484921
2026-09-23T07:26:36.870869+07:00,full_training:iteration_0,6.0,237.0,17.72,37.0,14.4,12.123023986816406,13.17963693579158,107.83646528746392,107.83646528746392
2026-09-23T07:26:37.868947+07:00,full_training:iteration_0,5.0,237.0,17.65,37.0,18.6,12.13192367553711,13.17963693579158,107.83646528746392,107.83646528746392
2026-09-23T07:26:38.874286+07:00,full_training:iteration_0,2.0,237.0,17.53,37.0,18.1,12.137653350830078,13.181424685598065,107.6263325579082,107.6263325579082
2026-09-23T07:26:39.872576+07:00,full_training:iteration_0,2.0,237.0,17.16,37.0,16.3,12.129711151123047,13.181424685598065,107.6263325579082,107.6263325579082
2026-09-23T07:26:40.872984+07:00,full_training:iteration_0,5.0,237.0,17.53,37.0,15.3,12.127510070800781,13.149409232337238,107.96947848942271,107.96947848942271
2026-09-23T07:26:41.869354+07:00,full_training:iteration_0,6.0,237.0,17.61,38.0,17.3,12.130752563476562,13.125873239750412,107.86655115952034,107.86655115952034
2026-09-23T07:26:42.873586+07:00,full_training:iteration_0,6.0,237.0,17.56,37.0,16.0,12.120384216308594,13.125873239750412,107.86655115952034,107.86655115952034
2026-09-23T07:26:43.871803+07:00,full_training:iteration_0,5.0,237.0,17.71,37.0,16.5,12.146907806396484,13.146390136949442,107.98383712489635,107.98383712489635
2026-09-23T07:26:44.871475+07:00,full_training:iteration_0,6.0,237.0,17.9,38.0,15.9,12.119640350341797,13.138355695651605,107.82409640226805,107.82409640226805
2026-09-23T07:26:45.872279+07:00,full_training:iteration_0,6.0,237.0,18.08,37.0,16.1,12.129024505615234,13.138355695651605,107.82409640226805,107.82409640226805
2026-09-23T07:26:46.876319+07:00,full_training:iteration_0,5.0,237.0,17.97,37.0,15.5,12.119529724121094,13.143390217917503,107.9364412229203,107.9364412229203
2026-09-23T07:26:47.877051+07:00,full_training:iteration_0,6.0,237.0,17.92,38.0,15.0,12.123291015625,13.15990060534356,107.88257648424036,107.88257648424036
2026-09-23T07:26:48.854774+07:00,full_training:iteration_0,6.0,237.0,17.75,37.0,20.3,12.121955871582031,13.15990060534356,107.88257648424036,107.88257648424036
2026-09-23T07:26:49.871104+07:00,full_training:iteration_0,5.0,237.0,17.87,37.0,23.7,12.068450927734375,13.11111924063327,107.99935774491851,107.99935774491851
2026-09-23T07:26:50.870597+07:00,full_training:iteration_0,5.0,237.0,17.94,38.0,13.7,12.060546875,13.121473045437833,107.81477019001419,107.81477019001419
2026-09-23T07:26:51.854859+07:00,full_training:iteration_0,6.0,237.0,18.24,38.0,15.9,12.07815170288086,13.121473045437833,107.81477019001419,107.81477019001419
2026-09-23T07:26:52.860947+07:00,full_training:iteration_0,6.0,237.0,18.04,38.0,18.5,12.069400787353516,13.076295649783534,108.01287069897725,108.01287069897725
2026-09-23T07:26:53.875455+07:00,full_training:iteration_0,5.0,237.0,17.49,38.0,19.9,12.084091186523438,13.076295649783534,108.01287069897725,108.01287069897725
2026-09-23T07:26:54.857429+07:00,full_training:iteration_0,2.0,237.0,17.05,37.0,19.7,12.111701965332031,13.070427026435526,107.80488211404023,107.80488211404023
2026-09-23T07:26:55.865986+07:00,full_training:iteration_0,2.0,237.0,16.9,37.0,21.2,12.137691497802734,13.060203488140274,107.87471998782532,107.87471998782532
2026-09-23T07:26:56.877947+07:00,full_training:iteration_0,5.0,237.0,17.76,37.0,16.7,12.119060516357422,13.060203488140274,107.87471998782532,107.87471998782532
2026-09-23T07:26:57.873882+07:00,full_training:iteration_0,6.0,237.0,18.33,38.0,11.7,12.11764907836914,13.078374792972637,107.74568771748996,107.74568771748996
2026-09-23T07:26:58.870181+07:00,full_training:iteration_0,6.0,237.0,18.23,38.0,13.3,12.119003295898438,13.07580254042818,107.8630352957585,107.8630352957585
2026-09-23T07:26:59.872055+07:00,full_training:iteration_0,6.0,237.0,17.62,38.0,13.8,12.119243621826172,13.07580254042818,107.8630352957585,107.8630352957585
2026-09-23T07:27:00.852815+07:00,full_training:iteration_0,6.0,237.0,17.73,38.0,12.5,12.111625671386719,13.079386516028375,107.72328061117815,107.72328061117815
2026-09-23T07:27:01.856521+07:00,full_training:iteration_0,6.0,237.0,17.81,38.0,12.4,12.109420776367188,13.100686218350766,107.87819615074659,107.87819615074659
2026-09-23T07:27:02.871210+07:00,full_training:iteration_0,6.0,237.0,17.82,38.0,12.4,12.109905242919922,13.100686218350766,107.87819615074659,107.87819615074659
2026-09-23T07:27:03.873684+07:00,full_training:iteration_0,5.0,237.0,18.28,38.0,12.2,12.105724334716797,13.081003363505895,107.7781241414575,107.7781241414575
2026-09-23T07:27:04.872041+07:00,full_training:iteration_0,6.0,237.0,18.18,38.0,14.9,12.101985931396484,13.099550632555003,107.86445770859106,107.86445770859106
2026-09-23T07:27:05.876203+07:00,full_training:iteration_0,5.0,237.0,17.73,38.0,10.7,12.102180480957031,13.099550632555003,107.86445770859106,107.86445770859106
2026-09-23T07:27:06.868957+07:00,full_training:iteration_0,5.0,237.0,17.8,38.0,9.5,12.09903335571289,13.111888324321095,107.78876470752239,107.78876470752239
2026-09-23T07:27:07.872253+07:00,full_training:iteration_0,7.0,237.0,17.73,38.0,10.1,12.096603393554688,13.127702791668474,107.90304184440045,107.90304184440045
2026-09-23T07:27:08.868492+07:00,full_training:iteration_0,6.0,237.0,17.62,38.0,10.8,12.095287322998047,13.127702791668474,107.90304184440045,107.90304184440045
2026-09-23T07:27:09.857726+07:00,full_training:iteration_0,2.0,237.0,17.45,38.0,10.9,12.117435455322266,13.138313075226145,107.82175597068924,107.82175597068924
2026-09-23T07:27:10.869022+07:00,full_training:iteration_0,2.0,237.0,17.68,38.0,9.4,12.11478042602539,13.125443168624976,108.15580342146467,108.15580342146467
2026-09-23T07:27:11.855352+07:00,full_training:iteration_0,5.0,237.0,17.75,38.0,10.6,12.111064910888672,13.125443168624976,108.15580342146467,108.15580342146467
2026-09-23T07:27:12.869474+07:00,full_training:iteration_0,6.0,237.0,17.78,38.0,10.5,12.106914520263672,13.150133102418568,108.07500519899003,108.07500519899003
2026-09-23T07:27:13.868524+07:00,full_training:iteration_0,7.0,237.0,17.59,38.0,9.0,12.108039855957031,13.162105799753082,108.2113126822557,108.2113126822557
2026-09-23T07:27:14.875260+07:00,full_training:iteration_0,5.0,237.0,17.58,38.0,10.9,12.103569030761719,13.162105799753082,108.2113126822557,108.2113126822557
2026-09-23T07:27:15.872703+07:00,full_training:iteration_0,6.0,237.0,18.14,38.0,10.1,12.101722717285156,13.157813812503917,108.13050272947555,108.13050272947555
2026-09-23T07:27:16.875233+07:00,full_training:iteration_0,8.0,237.0,18.36,38.0,9.8,12.099491119384766,13.153055450840812,108.39129464989047,108.39129464989047
2026-09-23T07:27:17.870364+07:00,full_training:iteration_0,6.0,237.0,17.98,38.0,10.3,12.099502563476562,13.187282553952498,108.27558206040695,108.27558206040695
2026-09-23T07:27:18.870951+07:00,full_training:iteration_0,6.0,237.0,18.02,38.0,10.8,12.097972869873047,13.187282553952498,108.27558206040695,108.27558206040695
2026-09-23T07:27:19.868726+07:00,full_training:iteration_0,5.0,237.0,17.93,38.0,11.8,12.096786499023438,13.189833042035044,108.43223939631197,108.43223939631197
2026-09-23T07:27:20.873679+07:00,full_training:iteration_0,5.0,237.0,17.73,38.0,10.0,12.094680786132812,13.189833042035044,108.43223939631197,108.43223939631197
2026-09-23T07:27:21.873444+07:00,full_training:iteration_0,6.0,237.0,17.96,38.0,11.0,12.091598510742188,13.168261290020673,108.35736183575101,108.35736183575101
2026-09-23T07:27:22.875745+07:00,full_training:iteration_0,6.0,237.0,18.25,38.0,12.4,12.090782165527344,13.155419277786923,108.41781409150047,108.41781409150047
2026-09-23T07:27:23.876600+07:00,full_training:iteration_0,6.0,237.0,17.98,38.0,12.5,12.091793060302734,13.155419277786923,108.41781409150047,108.41781409150047
2026-09-23T07:27:24.874940+07:00,full_training:iteration_0,2.0,237.0,17.42,38.0,11.2,12.103404998779297,13.149870201580312,108.43007257645937,108.43007257645937
2026-09-23T07:27:25.869085+07:00,full_training:iteration_0,2.0,237.0,17.23,38.0,11.0,12.105003356933594,13.149719283917394,108.63334994340488,108.63334994340488
2026-09-23T07:27:26.869283+07:00,full_training:iteration_0,6.0,237.0,17.43,38.0,11.2,12.10089111328125,13.149719283917394,108.63334994340488,108.63334994340488
2026-09-23T07:27:27.871504+07:00,full_training:iteration_0,8.0,237.0,18.21,38.0,12.1,12.097396850585938,13.119902775984002,108.63097277642865,108.63097277642865
2026-09-23T07:27:28.871962+07:00,full_training:iteration_0,6.0,237.0,18.12,38.0,14.8,12.103042602539062,13.119902775984002,108.63097277642865,108.63097277642865
2026-09-23T07:27:29.876638+07:00,full_training:iteration_0,5.0,237.0,18.21,38.0,9.9,12.094558715820312,13.087165917644842,108.74897048826523,108.74897048826523
2026-09-23T07:27:30.858596+07:00,full_training:iteration_0,6.0,237.0,18.06,38.0,11.6,12.092777252197266,13.09689461116232,108.65112975395334,108.65112975395334
2026-09-23T07:27:31.870611+07:00,full_training:iteration_0,6.0,237.0,17.86,38.0,10.6,12.099346160888672,13.09689461116232,108.65112975395334,108.65112975395334
2026-09-23T07:27:32.869599+07:00,full_training:iteration_0,5.0,237.0,17.71,38.0,11.4,12.094684600830078,13.100418020282333,108.73346956834337,108.73346956834337
2026-09-23T07:27:33.871345+07:00,full_training:iteration_0,5.0,237.0,17.77,38.0,11.4,12.089340209960938,13.09636396712665,108.69120489822544,108.69120489822544
2026-09-23T07:27:34.853209+07:00,full_training:iteration_0,6.0,237.0,18.01,38.0,10.8,12.087867736816406,13.09636396712665,108.69120489822544,108.69120489822544
2026-09-23T07:27:35.872922+07:00,full_training:iteration_0,5.0,237.0,18.03,38.0,10.5,12.088619232177734,13.104324897102599,108.79142455159527,108.79142455159527
2026-09-23T07:27:36.871396+07:00,full_training:iteration_0,6.0,237.0,17.86,38.0,10.1,12.088905334472656,13.10274838983631,108.71081564721241,108.71081564721241
2026-09-23T07:27:37.870465+07:00,full_training:iteration_0,6.0,237.0,17.98,38.0,11.5,12.087646484375,13.10274838983631,108.71081564721241,108.71081564721241
2026-09-23T07:27:38.872692+07:00,full_training:iteration_0,5.0,237.0,17.57,38.0,10.7,12.08709716796875,13.117803341140686,108.81965088122213,108.81965088122213
2026-09-23T07:27:39.871552+07:00,full_training:iteration_0,9.0,237.0,17.35,38.0,10.8,12.105575561523438,13.138930829590446,108.74107627839794,108.74107627839794
2026-09-23T07:27:40.870196+07:00,full_training:iteration_0,2.0,237.0,17.21,38.0,12.3,12.106903076171875,13.138930829590446,108.74107627839794,108.74107627839794
2026-09-23T07:27:41.868983+07:00,full_training:iteration_0,5.0,237.0,17.96,38.0,12.3,12.110992431640625,13.137278332972343,108.91776869762441,108.91776869762441
2026-09-23T07:27:42.868730+07:00,full_training:iteration_0,6.0,237.0,18.1,38.0,11.0,12.10772705078125,13.135815185208504,108.88309245592951,108.88309245592951
2026-09-23T07:27:43.876423+07:00,full_training:iteration_0,6.0,237.0,18.03,38.0,10.9,12.107078552246094,13.135815185208504,108.88309245592951,108.88309245592951
2026-09-23T07:27:44.871694+07:00,full_training:iteration_0,5.0,237.0,17.55,38.0,11.2,12.104984283447266,13.148185714646429,108.9952913368973,108.9952913368973
2026-09-23T07:27:45.873885+07:00,full_training:iteration_0,7.0,237.0,17.73,38.0,11.9,12.103107452392578,13.164415772677565,108.9120326335985,108.9120326335985
2026-09-23T07:27:46.873328+07:00,full_training:iteration_0,7.0,237.0,18.33,38.0,11.9,12.100727081298828,13.170607829156332,109.06812765815461,109.06812765815461
2026-09-23T07:27:47.872736+07:00,full_training:iteration_0,5.0,237.0,18.06,38.0,11.8,12.100955963134766,13.170607829156332,109.06812765815461,109.06812765815461
2026-09-23T07:27:48.869774+07:00,full_training:iteration_0,5.0,237.0,18.07,38.0,11.5,12.09930419921875,13.172817628594498,108.97443141701808,108.97443141701808
2026-09-23T07:27:49.870444+07:00,full_training:iteration_0,6.0,237.0,18.09,38.0,13.1,12.09722900390625,13.17945996707108,109.03352081953345,109.03352081953345
2026-09-23T07:27:50.873485+07:00,full_training:iteration_0,5.0,237.0,17.8,38.0,11.2,12.090763092041016,13.17945996707108,109.03352081953345,109.03352081953345
2026-09-23T07:27:51.869289+07:00,full_training:iteration_0,7.0,237.0,17.86,38.0,12.6,12.091957092285156,13.171265856179128,109.0371270025738,109.0371270025738
2026-09-23T07:27:52.871528+07:00,full_training:iteration_0,6.0,237.0,17.94,38.0,12.3,12.0904541015625,13.171265856179128,109.0371270025738,109.0371270025738
2026-09-23T07:27:53.862584+07:00,full_training:iteration_0,5.0,237.0,18.08,38.0,11.0,12.085140228271484,13.158857926726446,109.11502415645074,109.11502415645074
2026-09-23T07:27:54.872163+07:00,full_training:iteration_0,2.0,237.0,17.65,38.0,11.8,12.091388702392578,13.180983609537535,108.99208891353148,108.99208891353148
2026-09-23T07:27:55.870183+07:00,full_training:iteration_0,2.0,237.0,17.23,38.0,11.9,12.090286254882812,13.187098143430111,109.06889469947993,109.06889469947993
2026-09-23T07:27:56.870291+07:00,full_training:iteration_0,6.0,237.0,17.7,38.0,12.6,12.085342407226562,13.187098143430111,109.06889469947993,109.06889469947993
2026-09-23T07:27:57.853547+07:00,full_training:iteration_0,6.0,237.0,17.52,38.0,12.3,12.082889556884766,13.19391982728755,109.0004213557598,109.0004213557598
2026-09-23T07:27:58.868764+07:00,full_training:iteration_0,6.0,237.0,17.83,38.0,15.3,12.077224731445312,13.197619328285198,109.07193780344089,109.07193780344089
2026-09-23T07:27:59.857401+07:00,full_training:iteration_0,6.0,237.0,17.6,38.0,13.5,12.08321762084961,13.197619328285198,109.07193780344089,109.07193780344089
2026-09-23T07:28:00.868461+07:00,full_training:iteration_0,6.0,237.0,18.02,38.0,9.7,12.083183288574219,13.210873715283038,108.97565403011134,108.97565403011134
2026-09-23T07:28:01.874016+07:00,full_training:iteration_0,6.0,237.0,17.87,38.0,13.0,12.079055786132812,13.209212591799792,109.06638270534481,109.06638270534481
2026-09-23T07:28:02.868927+07:00,full_training:iteration_0,6.0,237.0,17.6,38.0,12.5,12.078216552734375,13.209212591799792,109.06638270534481,109.06638270534481
2026-09-23T07:28:03.855672+07:00,full_training:iteration_0,6.0,237.0,17.79,38.0,11.0,12.075214385986328,13.191525569405568,109.01559177591571,109.01559177591571
2026-09-23T07:28:04.870704+07:00,full_training:iteration_0,6.0,237.0,17.94,38.0,11.9,12.06765365600586,13.191525569405568,109.01559177591571,109.01559177591571
2026-09-23T07:28:05.872628+07:00,full_training:iteration_0,5.0,237.0,18.14,38.0,11.2,12.084381103515625,13.180785534603546,109.16951647938649,109.16951647938649
2026-09-23T07:28:06.869039+07:00,full_training:iteration_0,6.0,237.0,18.47,38.0,13.1,12.079917907714844,13.1644220401417,109.23783676574725,109.23783676574725
2026-09-23T07:28:07.876878+07:00,full_training:iteration_0,6.0,237.0,18.17,38.0,12.6,12.078121185302734,13.1644220401417,109.23783676574725,109.23783676574725
2026-09-23T07:28:08.869165+07:00,full_training:iteration_0,5.0,237.0,17.83,38.0,13.5,12.087791442871094,13.168962143368061,109.29573479897341,109.29573479897341
2026-09-23T07:28:09.870267+07:00,full_training:iteration_0,9.0,237.0,16.87,38.0,13.1,12.094833374023438,13.185590957886426,109.18328592677855,109.18328592677855
2026-09-23T07:28:10.876366+07:00,full_training:iteration_0,2.0,237.0,16.47,38.0,12.7,12.097923278808594,13.185590957886426,109.18328592677855,109.18328592677855
2026-09-23T07:28:11.872178+07:00,full_training:iteration_0,5.0,237.0,17.42,38.0,12.2,12.0845947265625,13.167100935046609,109.26738266048827,109.26738266048827
2026-09-23T07:28:12.875872+07:00,full_training:iteration_0,7.0,237.0,18.03,38.0,11.1,12.092803955078125,13.18827923413473,109.1976590900832,109.1976590900832
2026-09-23T07:28:13.874390+07:00,full_training:iteration_0,6.0,237.0,18.16,38.0,12.9,12.097862243652344,13.201888740911668,109.23601630526184,109.23601630526184
2026-09-23T07:28:14.870426+07:00,full_training:iteration_0,5.0,237.0,17.84,38.0,10.7,12.089282989501953,13.201888740911668,109.23601630526184,109.23601630526184
2026-09-23T07:28:15.872578+07:00,full_training:iteration_0,6.0,237.0,17.79,38.0,10.6,12.09072494506836,13.205626502246657,109.13688441039425,109.13688441039425
2026-09-23T07:28:16.875939+07:00,full_training:iteration_0,6.0,237.0,17.81,38.0,10.2,12.088809967041016,13.204258221626525,109.21179097687195,109.21179097687195
2026-09-23T07:28:17.868138+07:00,full_training:iteration_0,5.0,237.0,17.73,38.0,12.3,12.08892822265625,13.204258221626525,109.21179097687195,109.21179097687195
2026-09-23T07:28:18.875058+07:00,full_training:iteration_0,6.0,237.0,17.99,38.0,11.3,12.08401870727539,13.219714180135899,109.13123484271621,109.13123484271621
2026-09-23T07:28:19.873210+07:00,full_training:iteration_0,6.0,237.0,18.18,39.0,10.7,12.082393646240234,13.222472744152348,109.2275108276286,109.2275108276286
2026-09-23T07:28:20.870546+07:00,full_training:iteration_0,5.0,237.0,17.85,38.0,10.9,12.081657409667969,13.222472744152348,109.2275108276286,109.2275108276286
2026-09-23T07:28:21.874725+07:00,full_training:iteration_0,6.0,237.0,17.94,38.0,10.9,12.076576232910156,13.218934964751055,109.14801161867365,109.14801161867365
2026-09-23T07:28:22.874024+07:00,full_training:iteration_0,6.0,237.0,17.86,39.0,10.3,12.075489044189453,13.225823846965381,109.24045146259571,109.24045146259571
2026-09-23T07:28:23.865161+07:00,full_training:iteration_0,5.0,237.0,17.58,38.0,11.5,12.079219818115234,13.225823846965381,109.24045146259571,109.24045146259571
2026-09-23T07:28:24.874736+07:00,full_training:iteration_0,2.0,237.0,17.42,38.0,10.5,12.096138000488281,13.22639695206366,109.18390683928551,109.18390683928551
2026-09-23T07:28:25.859274+07:00,full_training:iteration_0,2.0,237.0,17.44,39.0,11.5,12.090957641601562,13.228713043228888,109.28585460036838,109.28585460036838
2026-09-23T07:28:26.872383+07:00,full_training:iteration_0,5.0,237.0,17.64,38.0,10.4,12.086307525634766,13.228713043228888,109.28585460036838,109.28585460036838
2026-09-23T07:28:27.864138+07:00,full_training:iteration_0,6.0,237.0,17.9,38.0,11.4,12.083110809326172,13.24078201671953,109.21280738433484,109.21280738433484
2026-09-23T07:28:28.873519+07:00,full_training:iteration_0,6.0,237.0,17.9,39.0,11.2,12.083366394042969,13.238537058739793,109.27650833220834,109.27650833220834
2026-09-23T07:28:29.876625+07:00,full_training:iteration_0,6.0,237.0,17.75,38.0,11.1,12.080070495605469,13.238537058739793,109.27650833220834,109.27650833220834
2026-09-23T07:28:30.870590+07:00,full_training:iteration_0,6.0,237.0,17.71,38.0,11.2,12.077983856201172,13.220631041068728,109.30214698427436,109.30214698427436
2026-09-23T07:28:31.870674+07:00,full_training:iteration_0,6.0,237.0,17.92,39.0,11.9,12.075809478759766,13.234454412677616,109.35687222301657,109.35687222301657
2026-09-23T07:28:32.877190+07:00,full_training:iteration_0,5.0,237.0,17.71,38.0,10.9,12.069446563720703,13.234454412677616,109.35687222301657,109.35687222301657
2026-09-23T07:28:33.869189+07:00,full_training:iteration_0,6.0,237.0,17.93,38.0,10.8,12.033039093017578,13.227186899293995,109.31813862373409,109.31813862373409
2026-09-23T07:28:34.872899+07:00,full_training:iteration_0,6.0,237.0,17.88,39.0,11.8,12.032478332519531,13.236066204049562,109.38420865551728,109.38420865551728
2026-09-23T07:28:35.875354+07:00,full_training:iteration_0,6.0,237.0,17.31,38.0,11.0,12.035209655761719,13.236066204049562,109.38420865551728,109.38420865551728
2026-09-23T07:28:36.869776+07:00,full_training:iteration_0,6.0,237.0,17.88,39.0,11.3,12.033477783203125,13.23993700005827,109.33046282082014,109.33046282082014
2026-09-23T07:28:37.870214+07:00,full_training:iteration_0,7.0,237.0,18.18,39.0,10.9,12.039405822753906,13.24987402474413,109.39496831353873,109.39496831353873
2026-09-23T07:28:38.870573+07:00,full_training:iteration_0,6.0,237.0,18.08,39.0,10.5,12.052848815917969,13.259053881558458,109.3485222823694,109.3485222823694
2026-09-23T07:28:39.868900+07:00,full_training:iteration_0,2.0,237.0,17.38,39.0,10.7,12.05465316772461,13.259053881558458,109.3485222823694,109.3485222823694
2026-09-23T07:28:40.870345+07:00,full_training:iteration_0,5.0,237.0,17.31,39.0,11.5,12.055244445800781,13.265298337010325,109.44419280857362,109.44419280857362
2026-09-23T07:28:41.877003+07:00,full_training:iteration_0,5.0,237.0,17.63,39.0,10.7,12.051765441894531,13.265624952922387,109.41965893545736,109.41965893545736
2026-09-23T07:28:42.873232+07:00,full_training:iteration_0,6.0,237.0,17.87,39.0,15.8,12.056747436523438,13.265624952922387,109.41965893545736,109.41965893545736
2026-09-23T07:28:43.871289+07:00,full_training:iteration_0,7.0,237.0,17.95,38.0,11.8,12.052665710449219,13.260129855749483,109.45536457351585,109.45536457351585
2026-09-23T07:28:44.874442+07:00,full_training:iteration_0,5.0,237.0,18.11,38.0,11.3,12.059600830078125,13.265914507974129,109.39565225910441,109.39565225910441
2026-09-23T07:28:45.874068+07:00,full_training:iteration_0,6.0,237.0,18.3,39.0,10.4,12.049556732177734,13.265914507974129,109.39565225910441,109.39565225910441
2026-09-23T07:28:46.869950+07:00,full_training:iteration_0,5.0,237.0,18.22,39.0,11.4,12.046592712402344,13.268940939234009,109.46876274868058,109.46876274868058
2026-09-23T07:28:47.871050+07:00,full_training:iteration_0,6.0,237.0,17.59,39.0,11.6,12.046672821044922,13.273248777341575,109.43582930429598,109.43582930429598
2026-09-23T07:28:48.872620+07:00,full_training:iteration_0,6.0,237.0,17.87,39.0,12.3,12.04758071899414,13.273248777341575,109.43582930429598,109.43582930429598
2026-09-23T07:28:49.872611+07:00,full_training:iteration_0,6.0,237.0,18.49,39.0,10.8,12.044239044189453,13.266605324019036,109.66886298756995,109.66886298756995
2026-09-23T07:28:50.870512+07:00,full_training:iteration_0,6.0,237.0,18.1,39.0,12.7,12.042884826660156,13.26899691553058,109.69728543761298,109.69728543761298
2026-09-23T07:28:51.869869+07:00,full_training:iteration_0,6.0,237.0,18.25,39.0,10.0,12.043201446533203,13.26899691553058,109.69728543761298,109.69728543761298
2026-09-23T07:28:52.875487+07:00,full_training:iteration_0,7.0,237.0,17.84,39.0,12.0,12.041561126708984,13.261578298253488,109.78325166437907,109.78325166437907
2026-09-23T07:28:53.853217+07:00,full_training:iteration_0,5.0,237.0,17.3,39.0,11.6,12.056262969970703,13.270287341467716,109.72486048725884,109.72486048725884
2026-09-23T07:28:54.870616+07:00,full_training:iteration_0,2.0,237.0,16.97,39.0,10.3,12.060173034667969,13.270287341467716,109.72486048725884,109.72486048725884
2026-09-23T07:28:55.872864+07:00,full_training:iteration_0,5.0,237.0,17.38,39.0,12.5,12.06753921508789,13.28490265618453,109.81848157543685,109.81848157543685
2026-09-23T07:28:56.853045+07:00,full_training:iteration_0,6.0,237.0,17.87,39.0,13.0,12.061248779296875,13.283018573868677,109.78616109159641,109.78616109159641
2026-09-23T07:28:57.869716+07:00,full_training:iteration_0,6.0,237.0,18.12,39.0,10.4,12.06362533569336,13.283018573868677,109.78616109159641,109.78616109159641
2026-09-23T07:28:58.869724+07:00,full_training:iteration_0,6.0,237.0,18.1,39.0,11.9,12.067249298095703,13.284367202445193,109.83075320156942,109.83075320156942
2026-09-23T07:28:59.877136+07:00,full_training:iteration_0,7.0,237.0,17.94,39.0,11.1,12.06369400024414,13.299515206971998,109.79047553695838,109.79047553695838
2026-09-23T07:29:00.870407+07:00,full_training:iteration_0,6.0,237.0,17.96,39.0,12.7,12.062847137451172,13.299515206971998,109.79047553695838,109.79047553695838
2026-09-23T07:29:01.856069+07:00,full_training:iteration_0,5.0,237.0,17.69,39.0,11.3,12.059925079345703,13.29031445593513,109.91582288927091,109.91582288927091
2026-09-23T07:29:02.871635+07:00,full_training:iteration_0,7.0,237.0,17.96,39.0,11.8,12.059223175048828,13.294658708449496,109.91065822680287,109.91065822680287
2026-09-23T07:29:03.872747+07:00,full_training:iteration_0,6.0,237.0,18.23,39.0,12.2,12.05746841430664,13.302083786820859,109.96065612098265,109.96065612098265
2026-09-23T07:29:04.868749+07:00,full_training:iteration_0,6.0,237.0,17.91,39.0,13.0,12.056083679199219,13.302083786820859,109.96065612098265,109.96065612098265
2026-09-23T07:29:05.870796+07:00,full_training:iteration_0,7.0,237.0,18.02,39.0,13.6,12.054603576660156,13.3034898972318,109.91285511832491,109.91285511832491
2026-09-23T07:29:06.868508+07:00,full_training:iteration_0,6.0,237.0,17.79,39.0,12.4,12.055278778076172,13.3034898972318,109.91285511832491,109.91285511832491
2026-09-23T07:29:07.863488+07:00,full_training:iteration_0,5.0,237.0,17.71,39.0,13.1,12.053642272949219,13.296115745307475,110.07557693462284,110.07557693462284
2026-09-23T07:29:08.868867+07:00,full_training:iteration_0,7.0,237.0,17.41,39.0,12.3,12.068187713623047,13.303653604347332,110.02596661281113,110.02596661281113
2026-09-23T07:29:09.874776+07:00,full_training:iteration_0,3.0,237.0,17.44,39.0,13.6,12.063911437988281,13.303653604347332,110.02596661281113,110.02596661281113
2026-09-23T07:29:10.871715+07:00,full_training:iteration_0,5.0,237.0,17.93,39.0,10.8,12.063858032226562,13.294647154725375,110.23713986487357,110.23713986487357
2026-09-23T07:29:11.875700+07:00,full_training:iteration_0,7.0,237.0,17.84,39.0,11.3,12.060077667236328,13.296301971263695,110.19076168861349,110.19076168861349
2026-09-23T07:29:12.887441+07:00,full_training:iteration_0,6.0,237.0,17.53,39.0,16.8,12.057319641113281,13.296301971263695,110.19076168861349,110.19076168861349
2026-09-23T07:29:13.869041+07:00,full_training:iteration_0,5.0,237.0,17.65,39.0,12.2,12.058937072753906,13.301425359493482,110.19719317057293,110.19719317057293
2026-09-23T07:29:14.868909+07:00,full_training:iteration_0,7.0,237.0,17.89,39.0,14.1,12.057674407958984,13.300330809944782,110.22187341699725,110.22187341699725
2026-09-23T07:29:15.854486+07:00,full_training:iteration_0,6.0,237.0,17.93,39.0,13.5,12.05111312866211,13.315200656354458,110.25445288311711,110.25445288311711
2026-09-23T07:29:16.871963+07:00,full_training:iteration_0,5.0,237.0,17.69,39.0,10.6,12.048938751220703,13.315200656354458,110.25445288311711,110.25445288311711
2026-09-23T07:29:17.874150+07:00,full_training:iteration_0,6.0,237.0,17.94,39.0,12.7,12.0496826171875,13.322328341888989,110.2012050582146,110.2012050582146
2026-09-23T07:29:18.872236+07:00,full_training:iteration_0,6.0,237.0,17.93,39.0,12.1,12.05517578125,13.320698213102702,110.23104313829103,110.23104313829103
2026-09-23T07:29:19.875768+07:00,full_training:iteration_0,5.0,237.0,17.2,39.0,10.7,12.050369262695312,13.320698213102702,110.23104313829103,110.23104313829103
2026-09-23T07:29:20.870066+07:00,full_training:iteration_0,6.0,237.0,17.95,39.0,10.4,12.049964904785156,13.32735878045478,110.15332181210344,110.15332181210344
2026-09-23T07:29:21.870375+07:00,full_training:iteration_0,8.0,237.0,18.16,39.0,11.1,12.048324584960938,13.328357389393174,110.2630854767483,110.2630854767483
2026-09-23T07:29:22.857290+07:00,full_training:iteration_0,5.0,237.0,17.95,39.0,11.6,12.048309326171875,13.328357389393174,110.2630854767483,110.2630854767483
2026-09-23T07:29:23.870017+07:00,full_training:iteration_0,2.0,237.0,17.53,39.0,9.2,12.065925598144531,13.33554993881612,110.20498469437642,110.20498469437642
2026-09-23T07:29:24.853793+07:00,full_training:iteration_0,2.0,237.0,17.64,39.0,12.1,12.062965393066406,13.322952847272719,110.40845725453454,110.40845725453454
2026-09-23T07:29:25.869624+07:00,full_training:iteration_0,5.0,237.0,17.74,39.0,11.7,12.06203842163086,13.322952847272719,110.40845725453454,110.40845725453454
2026-09-23T07:29:26.873071+07:00,full_training:iteration_0,7.0,237.0,17.94,39.0,11.4,12.05810546875,13.324179207305361,110.3671567826172,110.3671567826172
2026-09-23T07:29:27.871375+07:00,full_training:iteration_0,7.0,237.0,18.07,39.0,11.9,12.054386138916016,13.332692597247595,110.45220828111978,110.45220828111978
2026-09-23T07:29:28.870109+07:00,full_training:iteration_0,5.0,237.0,17.88,39.0,12.0,12.046310424804688,13.332692597247595,110.45220828111978,110.45220828111978
2026-09-23T07:29:29.870216+07:00,full_training:iteration_0,6.0,237.0,18.06,39.0,11.8,12.044486999511719,13.323963864270265,110.40720965711225,110.40720965711225
2026-09-23T07:29:30.874432+07:00,full_training:iteration_0,7.0,237.0,17.79,39.0,11.1,12.042343139648438,13.333314494656205,110.42565043090433,110.42565043090433
2026-09-23T07:29:31.868957+07:00,full_training:iteration_0,6.0,237.0,17.54,39.0,11.7,12.038909912109375,13.333314494656205,110.42565043090433,110.42565043090433
2026-09-23T07:29:32.871840+07:00,full_training:iteration_0,6.0,237.0,17.69,39.0,13.4,12.039169311523438,13.329291516197541,110.36824263764335,110.36824263764335
2026-09-23T07:29:33.873383+07:00,full_training:iteration_0,6.0,237.0,17.91,39.0,11.4,12.036773681640625,13.317745254651687,110.43125260998916,110.43125260998916
2026-09-23T07:29:34.868824+07:00,full_training:iteration_0,6.0,237.0,17.74,39.0,13.2,12.036346435546875,13.317745254651687,110.43125260998916,110.43125260998916
2026-09-23T07:29:35.869092+07:00,full_training:iteration_0,6.0,237.0,18.02,39.0,10.9,12.031719207763672,13.316942060015606,110.38312132214834,110.38312132214834
2026-09-23T07:29:36.870739+07:00,full_training:iteration_0,6.0,237.0,18.1,39.0,12.6,12.031490325927734,13.317486841785682,110.40531622955847,110.40531622955847
2026-09-23T07:29:37.874300+07:00,full_training:iteration_0,6.0,237.0,17.82,39.0,12.7,12.031517028808594,13.317486841785682,110.40531622955847,110.40531622955847
2026-09-23T07:29:38.870872+07:00,full_training:iteration_0,2.0,237.0,17.28,39.0,13.9,12.051315307617188,13.314125028517468,110.4073817989811,110.4073817989811
2026-09-23T07:29:39.869202+07:00,full_training:iteration_0,2.0,237.0,17.03,39.0,12.9,12.04836654663086,13.314125028517468,110.4073817989811,110.4073817989811
2026-09-23T07:29:40.871776+07:00,full_training:iteration_0,6.0,237.0,17.76,39.0,12.1,12.048019409179688,13.310305529235974,110.54167405677902,110.54167405677902
2026-09-23T07:29:41.872792+07:00,full_training:iteration_0,6.0,237.0,18.11,39.0,10.8,12.044906616210938,13.317590658747001,110.51956099765104,110.51956099765104
2026-09-23T07:29:42.876567+07:00,full_training:iteration_0,6.0,237.0,18.19,39.0,11.1,12.041889190673828,13.317331239017777,110.59104027689854,110.59104027689854
2026-09-23T07:29:43.871512+07:00,full_training:iteration_0,5.0,237.0,17.65,39.0,11.5,12.042118072509766,13.317331239017777,110.59104027689854,110.59104027689854
2026-09-23T07:29:44.870412+07:00,full_training:iteration_0,6.0,237.0,17.74,39.0,12.2,12.039844512939453,13.327872291847422,110.54413588405765,110.54413588405765
2026-09-23T07:29:45.873685+07:00,full_training:iteration_0,9.0,237.0,18.09,39.0,12.8,12.037399291992188,13.331586319177028,110.66428607309585,110.66428607309585
2026-09-23T07:29:46.869803+07:00,full_training:iteration_0,5.0,237.0,17.74,39.0,12.5,12.035106658935547,13.344719283642727,110.6124487851097,110.6124487851097
2026-09-23T07:29:47.868614+07:00,full_training:iteration_0,6.0,237.0,18.17,39.0,10.9,12.0394287109375,13.344719283642727,110.6124487851097,110.6124487851097
2026-09-23T07:29:48.871279+07:00,full_training:iteration_0,5.0,237.0,18.05,39.0,12.1,12.035064697265625,13.345860567877576,110.6507697142712,110.6507697142712
2026-09-23T07:29:49.874142+07:00,full_training:iteration_0,6.0,237.0,17.83,39.0,11.6,12.039852142333984,13.35349601012265,110.61940712671243,110.61940712671243
2026-09-23T07:29:50.870203+07:00,full_training:iteration_0,6.0,237.0,17.68,39.0,11.4,12.03497314453125,13.35349601012265,110.61940712671243,110.61940712671243
2026-09-23T07:29:51.877298+07:00,full_training:iteration_0,5.0,237.0,17.67,39.0,12.0,12.037006378173828,13.353896648480896,110.6556027605482,110.6556027605482
2026-09-23T07:29:52.876479+07:00,full_training:iteration_0,6.0,237.0,17.49,39.0,11.2,12.058807373046875,13.355683519770995,110.60862839697403,110.60862839697403
2026-09-23T07:29:53.876407+07:00,full_training:iteration_0,2.0,237.0,16.99,39.0,11.0,12.055030822753906,13.355683519770995,110.60862839697403,110.60862839697403
2026-09-23T07:29:54.872023+07:00,full_training:iteration_0,5.0,237.0,18.01,39.0,12.0,12.053642272949219,13.359273871348055,110.65931856766639,110.65931856766639
2026-09-23T07:29:55.872181+07:00,full_training:iteration_0,6.0,237.0,17.86,39.0,12.2,12.054752349853516,13.3527902481404,110.66124918146356,110.66124918146356
2026-09-23T07:29:56.871249+07:00,full_training:iteration_0,6.0,237.0,17.59,39.0,11.9,12.052417755126953,13.3527902481404,110.66124918146356,110.66124918146356
2026-09-23T07:29:57.873842+07:00,full_training:iteration_0,6.0,237.0,17.77,39.0,11.3,12.049503326416016,13.353104624425173,110.6956936249674,110.6956936249674
2026-09-23T07:29:58.858660+07:00,full_training:iteration_0,6.0,237.0,17.69,39.0,13.0,12.050128936767578,13.350880636177509,110.70488840159143,110.70488840159143
2026-09-23T07:29:59.871821+07:00,full_training:iteration_0,6.0,237.0,17.88,39.0,10.9,12.050167083740234,13.350880636177509,110.70488840159143,110.70488840159143
2026-09-23T07:30:00.873289+07:00,full_training:iteration_0,5.0,237.0,18.08,39.0,10.9,12.048091888427734,13.345741588692558,110.73533756492017,110.73533756492017
2026-09-23T07:30:01.872059+07:00,full_training:iteration_0,6.0,237.0,17.9,39.0,12.2,12.044853210449219,13.343452234198937,110.71653676257056,110.71653676257056
2026-09-23T07:30:02.868907+07:00,full_training:iteration_0,6.0,237.0,18.11,39.0,13.7,12.045330047607422,13.343452234198937,110.71653676257056,110.71653676257056
2026-09-23T07:30:03.869744+07:00,full_training:iteration_0,8.0,237.0,17.7,39.0,12.4,12.043296813964844,13.335639916851639,110.80259233738904,110.80259233738904
2026-09-23T07:30:04.873074+07:00,full_training:iteration_0,6.0,237.0,17.64,39.0,11.0,12.041435241699219,13.348232235210821,110.76033152475496,110.76033152475496
2026-09-23T07:30:05.875955+07:00,full_training:iteration_0,6.0,237.0,17.8,39.0,13.0,12.040363311767578,13.348232235210821,110.76033152475496,110.76033152475496
2026-09-23T07:30:06.868550+07:00,full_training:iteration_0,5.0,237.0,17.97,39.0,11.5,12.041267395019531,13.348972522206104,110.80020069758501,110.80020069758501
2026-09-23T07:30:07.872088+07:00,full_training:iteration_0,6.0,237.0,17.66,39.0,12.7,12.060840606689453,13.34906616202068,110.74904418363101,110.74904418363101
2026-09-23T07:30:08.868408+07:00,full_training:iteration_0,2.0,237.0,16.89,39.0,11.4,12.059314727783203,13.34906616202068,110.74904418363101,110.74904418363101
2026-09-23T07:30:09.865642+07:00,full_training:iteration_0,6.0,237.0,17.19,39.0,12.3,12.055038452148438,13.352738028973633,110.79821682715745,110.79821682715745
2026-09-23T07:30:10.871115+07:00,full_training:iteration_0,5.0,237.0,17.47,39.0,14.3,12.054622650146484,13.35049479288849,110.790768189226,110.790768189226
2026-09-23T07:30:11.869952+07:00,full_training:iteration_0,6.0,237.0,17.76,39.0,12.9,12.052749633789062,13.35049479288849,110.790768189226,110.790768189226
2026-09-23T07:30:12.870116+07:00,full_training:iteration_0,5.0,237.0,17.73,39.0,12.0,12.05032730102539,13.351519981034228,110.83585562397894,110.83585562397894
2026-09-23T07:30:13.868660+07:00,full_training:iteration_0,7.0,237.0,17.9,39.0,11.6,12.04989242553711,13.361897948535523,110.77666970431257,110.77666970431257
2026-09-23T07:30:14.870886+07:00,full_training:iteration_0,6.0,237.0,17.6,39.0,12.3,12.047554016113281,13.361897948535523,110.77666970431257,110.77666970431257
2026-09-23T07:30:15.870711+07:00,full_training:iteration_0,5.0,237.0,17.53,39.0,12.4,12.045913696289062,13.360320762414261,110.80761168546121,110.80761168546121
2026-09-23T07:30:16.873443+07:00,full_training:iteration_0,7.0,237.0,17.58,39.0,10.6,12.043128967285156,13.360288975756793,110.78265423284788,110.78265423284788
2026-09-23T07:30:17.870767+07:00,full_training:iteration_0,6.0,237.0,17.6,39.0,11.0,12.042774200439453,13.360288975756793,110.78265423284788,110.78265423284788
2026-09-23T07:30:18.872794+07:00,full_training:iteration_0,5.0,237.0,17.64,39.0,11.5,12.041656494140625,13.361946863586512,110.8148411411398,110.8148411411398
2026-09-23T07:30:19.870036+07:00,full_training:iteration_0,6.0,237.0,18.16,39.0,12.9,12.041000366210938,13.371569207460329,110.7742045859526,110.7742045859526
2026-09-23T07:30:20.869583+07:00,full_training:iteration_0,7.0,237.0,17.96,39.0,12.9,12.03976821899414,13.386292191950814,110.80166933908916,110.80166933908916
2026-09-23T07:30:21.853108+07:00,full_training:iteration_0,6.0,237.0,17.18,39.0,13.1,12.058944702148438,13.393502661856086,110.76779161951347,110.76779161951347
2026-09-23T07:30:22.870577+07:00,full_training:iteration_0,2.0,237.0,16.61,39.0,12.5,12.056709289550781,13.393502661856086,110.76779161951347,110.76779161951347
2026-09-23T07:30:23.856588+07:00,full_training:iteration_0,6.0,237.0,17.29,39.0,12.0,12.054386138916016,13.40115776215759,110.82266327396813,110.82266327396813
2026-09-23T07:30:24.853181+07:00,full_training:iteration_0,6.0,237.0,17.84,39.0,11.4,12.052982330322266,13.396348944759824,110.80245802982206,110.80245802982206
2026-09-23T07:30:25.868934+07:00,full_training:iteration_0,6.0,237.0,18.11,39.0,11.3,12.052433013916016,13.396348944759824,110.80245802982206,110.80245802982206
2026-09-23T07:30:26.871320+07:00,full_training:iteration_0,5.0,237.0,17.8,39.0,10.5,12.050018310546875,13.401339153331202,110.84226782623108,110.84226782623108
2026-09-23T07:30:27.873157+07:00,full_training:iteration_0,7.0,237.0,17.82,39.0,11.5,12.046199798583984,13.407084349816813,110.81577193263536,110.81577193263536
2026-09-23T07:30:28.874956+07:00,full_training:iteration_0,6.0,237.0,17.62,39.0,9.3,12.046955108642578,13.412887433996959,110.84547743531333,110.84547743531333
2026-09-23T07:30:29.874362+07:00,full_training:iteration_0,6.0,237.0,17.83,39.0,8.8,12.052364349365234,13.412887433996959,110.84547743531333,110.84547743531333
2026-09-23T07:30:30.859020+07:00,full_training:iteration_0,8.0,237.0,17.72,39.0,8.0,12.042339324951172,13.406591674475433,110.88140527504287,110.88140527504287
2026-09-23T07:30:31.873518+07:00,full_training:iteration_0,6.0,237.0,18.12,39.0,8.6,12.044055938720703,13.406591674475433,110.88140527504287,110.88140527504287
2026-09-23T07:30:32.871047+07:00,full_training:iteration_0,6.0,237.0,17.91,39.0,9.4,12.040863037109375,13.408497778132224,110.9502143560068,110.9502143560068
2026-09-23T07:30:33.876748+07:00,full_training:iteration_0,7.0,237.0,18.11,39.0,9.1,12.038589477539062,13.408618150877825,110.93938512509118,110.93938512509118
2026-09-23T07:30:34.875279+07:00,full_training:iteration_0,6.0,237.0,18.04,39.0,9.0,12.038414001464844,13.408618150877825,110.93938512509118,110.93938512509118
2026-09-23T07:30:35.871584+07:00,full_training:iteration_0,5.0,237.0,17.59,39.0,9.0,12.038894653320312,13.40276401976708,111.05435975976853,111.05435975976853
2026-09-23T07:30:36.870933+07:00,full_training:iteration_0,7.0,237.0,17.23,39.0,8.7,12.059967041015625,13.409729999989128,111.00574493991002,111.00574493991002
2026-09-23T07:30:37.876026+07:00,full_training:iteration_0,2.0,237.0,17.21,39.0,10.3,12.057579040527344,13.416620688602475,111.05757961043183,111.05757961043183
2026-09-23T07:30:38.869422+07:00,full_training:iteration_0,5.0,237.0,17.76,39.0,9.2,12.054573059082031,13.416620688602475,111.05757961043183,111.05757961043183
2026-09-23T07:30:39.856279+07:00,full_training:iteration_0,6.0,237.0,18.09,39.0,8.8,12.05124282836914,13.41523868289046,111.02106191182169,111.02106191182169
2026-09-23T07:30:40.873891+07:00,full_training:iteration_0,6.0,237.0,18.03,39.0,10.2,12.051433563232422,13.416282551370163,111.05113089195706,111.05113089195706
2026-09-23T07:30:41.872737+07:00,full_training:iteration_0,6.0,237.0,17.7,39.0,9.4,12.04952621459961,13.416282551370163,111.05113089195706,111.05113089195706
2026-09-23T07:30:42.871045+07:00,full_training:iteration_0,6.0,237.0,17.83,39.0,9.4,12.047576904296875,13.423929768320102,111.050117044201,111.050117044201
2026-09-23T07:30:43.871910+07:00,full_training:iteration_0,6.0,237.0,18.02,39.0,8.6,12.047294616699219,13.420919563768376,111.08920664283106,111.08920664283106
2026-09-23T07:30:44.858688+07:00,full_training:iteration_0,6.0,237.0,17.79,39.0,10.0,12.044532775878906,13.420919563768376,111.08920664283106,111.08920664283106
2026-09-23T07:30:45.874115+07:00,full_training:iteration_0,6.0,237.0,18.17,39.0,8.7,12.04269790649414,13.418742316707169,111.0596345284946,111.0596345284946
2026-09-23T07:30:46.871415+07:00,full_training:iteration_0,6.0,237.0,18.12,39.0,9.9,12.041717529296875,13.41933336777966,111.10819062336985,111.10819062336985
2026-09-23T07:30:47.870951+07:00,full_training:iteration_0,5.0,237.0,17.63,39.0,9.7,12.041332244873047,13.41933336777966,111.10819062336985,111.10819062336985
2026-09-23T07:30:48.854198+07:00,full_training:iteration_0,6.0,237.0,18.04,39.0,10.2,12.040771484375,13.417941734672057,111.08507532262155,111.08507532262155
2026-09-23T07:30:49.874230+07:00,full_training:iteration_0,7.0,237.0,18.07,39.0,9.8,12.036487579345703,13.422729805643321,111.11322888394025,111.11322888394025
2026-09-23T07:30:50.868963+07:00,full_training:iteration_0,6.0,237.0,17.88,39.0,9.9,12.036300659179688,13.422729805643321,111.11322888394025,111.11322888394025
2026-09-23T07:30:51.870799+07:00,full_training:iteration_0,2.0,237.0,17.66,39.0,8.9,12.056285858154297,13.421309827522995,111.08370767246532,111.08370767246532
2026-09-23T07:30:52.869310+07:00,full_training:iteration_0,2.0,237.0,17.33,39.0,10.2,12.055473327636719,13.415657645413944,111.16557264095611,111.16557264095611
2026-09-23T07:30:53.871322+07:00,full_training:iteration_0,5.0,237.0,17.41,39.0,9.9,12.049354553222656,13.415657645413944,111.16557264095611,111.16557264095611
2026-09-23T07:30:54.869102+07:00,full_training:iteration_0,6.0,237.0,17.53,39.0,9.4,12.049850463867188,13.416029218517794,111.11889483394053,111.11889483394053
2026-09-23T07:30:55.876214+07:00,full_training:iteration_0,6.0,237.0,17.88,39.0,9.6,12.047706604003906,13.419437146220858,111.15767102786278,111.15767102786278
2026-09-23T07:30:56.874542+07:00,full_training:iteration_0,5.0,237.0,17.75,39.0,9.9,12.04803466796875,13.419437146220858,111.15767102786278,111.15767102786278
2026-09-23T07:30:57.876580+07:00,full_training:iteration_0,6.0,237.0,18.22,39.0,10.1,12.047554016113281,13.419024805303161,111.12394770428972,111.12394770428972
2026-09-23T07:30:58.872417+07:00,full_training:iteration_0,6.0,237.0,18.02,39.0,8.7,12.051326751708984,13.41733837778992,111.15484768186286,111.15484768186286
2026-09-23T07:30:59.873134+07:00,full_training:iteration_0,5.0,237.0,17.25,39.0,13.9,12.05087661743164,13.41733837778992,111.15484768186286,111.15484768186286
2026-09-23T07:31:00.870095+07:00,full_training:iteration_0,6.0,237.0,17.54,39.0,9.6,12.050926208496094,13.418979043491602,111.08864526212736,111.08864526212736
2026-09-23T07:31:01.869337+07:00,full_training:iteration_0,7.0,237.0,17.79,39.0,9.0,12.048255920410156,13.425962513482215,111.11994780743807,111.11994780743807
2026-09-23T07:31:02.865904+07:00,full_training:iteration_0,6.0,237.0,17.76,39.0,10.8,12.047916412353516,13.425962513482215,111.11994780743807,111.11994780743807
2026-09-23T07:31:03.876286+07:00,full_training:iteration_0,6.0,237.0,18.07,39.0,11.0,12.046302795410156,13.424292385147261,111.08601948709358,111.08601948709358
2026-09-23T07:31:04.872115+07:00,full_training:iteration_0,8.0,237.0,18.0,39.0,11.5,12.04745101928711,13.419471297823705,111.10893301725494,111.10893301725494
2026-09-23T07:31:05.873600+07:00,full_training:iteration_0,5.0,237.0,17.45,39.0,11.4,12.045768737792969,13.419471297823705,111.10893301725494,111.10893301725494
2026-09-23T07:31:06.868802+07:00,full_training:iteration_0,2.0,237.0,16.96,39.0,9.8,12.069168090820312,13.423172159619437,111.10115538841379,111.10115538841379
2026-09-23T07:31:07.853433+07:00,full_training:iteration_0,5.0,237.0,17.21,39.0,9.9,12.060890197753906,13.420660351657588,111.16679113006506,111.16679113006506
2026-09-23T07:31:08.873003+07:00,full_training:iteration_0,6.0,237.0,17.59,39.0,11.9,12.060161590576172,13.420660351657588,111.16679113006506,111.16679113006506
2026-09-23T07:31:09.874717+07:00,full_training:iteration_0,6.0,237.0,18.06,39.0,10.1,12.055683135986328,13.416061907840573,111.16295079449253,111.16295079449253
2026-09-23T07:31:10.869807+07:00,full_training:iteration_0,7.0,237.0,18.19,39.0,9.8,12.055152893066406,13.419126862092414,111.19220903934692,111.19220903934692
2026-09-23T07:31:11.872852+07:00,full_training:iteration_0,6.0,237.0,17.71,39.0,8.9,12.052055358886719,13.42443338011869,111.16509587849178,111.16509587849178
2026-09-23T07:31:12.875413+07:00,full_training:iteration_0,6.0,237.0,17.88,39.0,9.6,12.056194305419922,13.42443338011869,111.16509587849178,111.16509587849178
2026-09-23T07:31:13.870750+07:00,full_training:iteration_0,5.0,237.0,17.62,39.0,11.5,12.056289672851562,13.426339332310526,111.20887687404672,111.20887687404672
2026-09-23T07:31:14.876271+07:00,full_training:iteration_0,6.0,237.0,17.8,39.0,10.6,12.054046630859375,13.432127985810084,111.17463276042945,111.17463276042945
2026-09-23T07:31:15.872833+07:00,full_training:iteration_0,6.0,237.0,17.99,39.0,13.1,12.0511474609375,13.432127985810084,111.17463276042945,111.17463276042945
2026-09-23T07:31:16.875964+07:00,full_training:iteration_0,5.0,237.0,18.4,39.0,11.0,12.050235748291016,13.431199081061626,111.25411291682897,111.25411291682897
2026-09-23T07:31:17.873495+07:00,full_training:iteration_0,6.0,237.0,17.8,39.0,11.2,12.050430297851562,13.433110408238562,111.2473643545441,111.2473643545441
2026-09-23T07:31:18.877301+07:00,full_training:iteration_0,6.0,237.0,17.74,39.0,9.8,12.048919677734375,13.433110408238562,111.2473643545441,111.2473643545441
2026-09-23T07:31:19.872416+07:00,full_training:iteration_0,5.0,237.0,17.41,39.0,10.2,12.047172546386719,13.436977820764808,111.28927503822521,111.28927503822521
2026-09-23T07:31:20.877633+07:00,full_training:iteration_0,2.0,237.0,17.25,39.0,9.4,12.065216064453125,13.444465495558934,111.2471065559695,111.2471065559695
2026-09-23T07:31:21.870145+07:00,full_training:iteration_0,2.0,237.0,17.08,39.0,9.5,12.065330505371094,13.443152099468543,111.29300465378199,111.29300465378199
2026-09-23T07:31:22.874670+07:00,full_training:iteration_0,5.0,237.0,17.99,39.0,9.4,12.063209533691406,13.443152099468543,111.29300465378199,111.29300465378199
2026-09-23T07:31:23.870587+07:00,full_training:iteration_0,6.0,237.0,18.13,39.0,9.1,12.060985565185547,13.442434737169819,111.33464804944745,111.33464804944745
2026-09-23T07:31:24.875530+07:00,full_training:iteration_0,6.0,237.0,17.69,39.0,9.3,12.056446075439453,13.442434737169819,111.33464804944745,111.33464804944745
2026-09-23T07:31:25.872973+07:00,full_training:iteration_0,5.0,237.0,17.36,39.0,11.3,12.057044982910156,13.439504999846944,111.3863867176156,111.3863867176156
2026-09-23T07:31:26.873038+07:00,full_training:iteration_0,8.0,237.0,17.71,39.0,11.2,12.054832458496094,13.438738238937344,111.40082264520818,111.40082264520818
2026-09-23T07:31:27.869136+07:00,full_training:iteration_0,6.0,237.0,17.82,39.0,11.1,12.053058624267578,13.44079823855539,111.44137586346064,111.44137586346064
2026-09-23T07:31:28.875803+07:00,full_training:iteration_0,5.0,237.0,17.88,39.0,11.5,12.050392150878906,13.44079823855539,111.44137586346064,111.44137586346064
2026-09-23T07:31:29.877106+07:00,full_training:iteration_0,6.0,237.0,17.95,39.0,12.7,12.050548553466797,13.449414071207483,111.40503007245742,111.40503007245742
2026-09-23T07:31:30.875604+07:00,full_training:iteration_0,6.0,237.0,17.81,39.0,11.5,12.051006317138672,13.446985598859392,111.4227439621944,111.4227439621944
2026-09-23T07:31:31.870273+07:00,full_training:iteration_0,6.0,237.0,17.69,40.0,9.7,12.049392700195312,13.446985598859392,111.4227439621944,111.4227439621944
2026-09-23T07:31:32.871103+07:00,full_training:iteration_0,6.0,237.0,17.74,39.0,9.4,12.039859771728516,13.448460107925044,111.46682702478293,111.46682702478293
2026-09-23T07:31:33.870926+07:00,full_training:iteration_0,7.0,237.0,17.76,39.0,9.8,12.03933334350586,13.453671694404179,111.49097137212098,111.49097137212098
2026-09-23T07:31:34.871655+07:00,full_training:iteration_0,6.0,237.0,17.65,39.0,10.0,12.053466796875,13.465796685797086,111.45471594375675,111.45471594375675
2026-09-23T07:31:35.873346+07:00,full_training:iteration_0,2.0,237.0,17.25,39.0,8.9,12.057945251464844,13.465796685797086,111.45471594375675,111.45471594375675
2026-09-23T07:31:36.870615+07:00,full_training:iteration_0,5.0,237.0,17.69,39.0,9.4,12.056522369384766,13.464838590120653,111.50953568503031,111.50953568503031
2026-09-23T07:31:37.869084+07:00,full_training:iteration_0,6.0,237.0,18.14,40.0,9.6,12.053855895996094,13.461785632508295,111.56315774907856,111.56315774907856
2026-09-23T07:31:38.872079+07:00,full_training:iteration_0,6.0,237.0,17.72,39.0,9.0,12.050228118896484,13.461785632508295,111.56315774907856,111.56315774907856
2026-09-23T07:31:39.863251+07:00,full_training:iteration_0,6.0,237.0,17.76,39.0,9.7,12.053905487060547,13.470306471754034,111.59289694768744,111.59289694768744
2026-09-23T07:31:40.857903+07:00,full_training:iteration_0,7.0,237.0,17.99,39.0,10.0,12.049491882324219,13.473442926395867,111.57556875850611,111.57556875850611
2026-09-23T07:31:41.871598+07:00,full_training:iteration_0,7.0,237.0,18.43,39.0,10.3,12.046520233154297,13.474774799463807,111.64263414461871,111.64263414461871
2026-09-23T07:31:42.876544+07:00,full_training:iteration_0,5.0,237.0,17.91,39.0,10.2,12.043773651123047,13.474774799463807,111.64263414461871,111.64263414461871
2026-09-23T07:31:43.872732+07:00,full_training:iteration_0,6.0,237.0,17.83,39.0,9.1,12.042877197265625,13.478186829707957,111.61965901960379,111.61965901960379
2026-09-23T07:31:44.873819+07:00,full_training:iteration_0,6.0,237.0,17.78,39.0,10.4,12.042896270751953,13.483247896825548,111.65712311968346,111.65712311968346
2026-09-23T07:31:45.870804+07:00,full_training:iteration_0,5.0,237.0,17.47,39.0,9.0,12.04062271118164,13.483247896825548,111.65712311968346,111.65712311968346
2026-09-23T07:31:46.871152+07:00,full_training:iteration_0,6.0,237.0,17.97,40.0,11.3,12.040092468261719,13.48464067659769,111.60986969684778,111.60986969684778
2026-09-23T07:31:47.873363+07:00,full_training:iteration_0,7.0,237.0,18.2,40.0,10.0,12.04128646850586,13.476943338457641,111.65025126802146,111.65025126802146
2026-09-23T07:31:48.877863+07:00,full_training:iteration_0,5.0,237.0,17.65,39.0,8.5,12.039897918701172,13.476943338457641,111.65025126802146,111.65025126802146
2026-09-23T07:31:49.875540+07:00,full_training:iteration_0,2.0,237.0,17.11,39.0,9.7,12.056137084960938,13.482073249469261,111.6234772616558,111.6234772616558
2026-09-23T07:31:50.872803+07:00,full_training:iteration_0,4.0,237.0,17.12,39.0,9.1,12.053707122802734,13.483326187131631,111.72627876615825,111.72627876615825
2026-09-23T07:31:51.869946+07:00,full_training:iteration_0,6.0,237.0,17.25,39.0,9.5,12.05489730834961,13.483326187131631,111.72627876615825,111.72627876615825
2026-09-23T07:31:52.855469+07:00,full_training:iteration_0,6.0,237.0,18.03,40.0,9.1,12.051158905029297,13.477816416717017,111.73484193247761,111.73484193247761
2026-09-23T07:31:53.870284+07:00,full_training:iteration_0,6.0,237.0,18.22,39.0,8.5,12.047229766845703,13.475784720877646,111.77710682212563,111.77710682212563
2026-09-23T07:31:54.872581+07:00,full_training:iteration_0,5.0,237.0,17.67,39.0,8.8,12.04507827758789,13.475784720877646,111.77710682212563,111.77710682212563
2026-09-23T07:31:55.876319+07:00,full_training:iteration_0,6.0,237.0,18.01,40.0,9.3,12.045757293701172,13.481700262119766,111.7441872513415,111.7441872513415
2026-09-23T07:31:56.871467+07:00,full_training:iteration_0,7.0,237.0,17.75,39.0,9.3,12.04217529296875,13.481396362165277,111.80571383022404,111.80571383022404
2026-09-23T07:31:57.872436+07:00,full_training:iteration_0,6.0,237.0,17.35,39.0,9.9,12.04220962524414,13.486240656524298,111.7751215350798,111.7751215350798
2026-09-23T07:31:58.852947+07:00,full_training:iteration_0,6.0,237.0,17.97,39.0,8.7,12.045188903808594,13.486240656524298,111.7751215350798,111.7751215350798
2026-09-23T07:31:59.872018+07:00,full_training:iteration_0,5.0,237.0,18.11,39.0,8.5,12.042781829833984,13.494100442825909,111.83826437050266,111.83826437050266
2026-09-23T07:32:00.873752+07:00,full_training:iteration_0,6.0,237.0,17.92,40.0,9.7,12.04385757446289,13.492187581763408,111.82565626148754,111.82565626148754
2026-09-23T07:32:01.869265+07:00,full_training:iteration_0,6.0,237.0,17.7,40.0,9.4,12.041946411132812,13.492187581763408,111.82565626148754,111.82565626148754
2026-09-23T07:32:02.872890+07:00,full_training:iteration_0,6.0,237.0,17.78,39.0,9.2,12.04062271118164,13.496998858670663,111.90262740990907,111.90262740990907
2026-09-23T07:32:03.869084+07:00,full_training:iteration_0,8.0,237.0,16.88,39.0,10.2,12.057815551757812,13.50008411189077,111.91829345759601,111.91829345759601
2026-09-23T07:32:04.871521+07:00,full_training:iteration_0,2.0,237.0,16.87,39.0,9.7,12.054790496826172,13.506402155719778,111.9685913575896,111.9685913575896
2026-09-23T07:32:05.871275+07:00,full_training:iteration_0,6.0,237.0,17.54,39.0,9.8,12.050907135009766,13.506402155719778,111.9685913575896,111.9685913575896
2026-09-23T07:32:06.869013+07:00,full_training:iteration_0,6.0,237.0,18.03,40.0,9.8,12.051090240478516,13.509380383810702,111.94996648973513,111.94996648973513
2026-09-23T07:32:07.868914+07:00,full_training:iteration_0,6.0,237.0,18.23,40.0,9.1,12.047107696533203,13.505353124912075,112.03024199606246,112.03024199606246
2026-09-23T07:32:08.875944+07:00,full_training:iteration_0,5.0,237.0,17.4,39.0,10.0,12.05044937133789,13.505353124912075,112.03024199606246,112.03024199606246
2026-09-23T07:32:09.870193+07:00,full_training:iteration_0,6.0,237.0,17.45,40.0,10.1,12.043643951416016,13.514618698166414,111.9947237004302,111.9947237004302
2026-09-23T07:32:10.858112+07:00,full_training:iteration_0,5.0,237.0,17.48,39.0,10.3,12.04367446899414,13.521961443400091,112.03582884226948,112.03582884226948
2026-09-23T07:32:11.869211+07:00,full_training:iteration_0,6.0,237.0,17.89,40.0,10.0,12.040351867675781,13.520991654318234,112.06157218462398,112.06157218462398
2026-09-23T07:32:12.874732+07:00,full_training:iteration_0,6.0,237.0,18.14,40.0,9.5,12.037921905517578,13.520991654318234,112.06157218462398,112.06157218462398
2026-09-23T07:32:13.874975+07:00,full_training:iteration_0,5.0,237.0,17.79,39.0,10.7,12.038162231445312,13.528327154999484,112.1939131809564,112.1939131809564
2026-09-23T07:32:14.870268+07:00,full_training:iteration_0,6.0,237.0,17.85,40.0,10.0,12.038116455078125,13.538838617039229,112.22080635780203,112.22080635780203
2026-09-23T07:32:15.868719+07:00,full_training:iteration_0,7.0,237.0,18.15,40.0,10.2,12.037715911865234,13.536604873070589,112.4544643488879,112.4544643488879
2026-09-23T07:32:16.869413+07:00,full_training:iteration_0,5.0,237.0,17.75,40.0,9.7,12.036537170410156,13.536604873070589,112.4544643488879,112.4544643488879
2026-09-23T07:32:17.868733+07:00,full_training:iteration_0,2.0,237.0,16.97,39.0,8.7,12.055049896240234,13.539429645488823,112.53773337187414,112.53773337187414
2026-09-23T07:32:18.868901+07:00,full_training:iteration_0,6.0,237.0,17.71,40.0,11.1,12.051563262939453,13.546531031431186,112.70613843751991,112.70613843751991
2026-09-23T07:32:19.873180+07:00,full_training:iteration_0,6.0,237.0,17.82,39.0,9.3,12.04751968383789,13.546531031431186,112.70613843751991,112.70613843751991
2026-09-23T07:32:20.871413+07:00,full_training:iteration_0,7.0,237.0,18.19,39.0,10.8,12.042469024658203,13.54493505426046,112.79146285992626,112.79146285992626
2026-09-23T07:32:21.877448+07:00,full_training:iteration_0,6.0,237.0,17.84,40.0,12.4,12.041908264160156,13.547344505919215,112.87220676167966,112.87220676167966
2026-09-23T07:32:22.874571+07:00,full_training:iteration_0,5.0,237.0,17.06,39.0,12.8,12.037437438964844,13.544945134542624,112.92727250127435,112.92727250127435
2026-09-23T07:32:23.869845+07:00,full_training:iteration_0,7.0,237.0,18.57,40.0,13.5,12.03512191772461,13.544945134542624,112.92727250127435,112.92727250127435
2026-09-23T07:32:24.868823+07:00,full_training:iteration_0,8.0,237.0,18.19,40.0,11.2,12.033687591552734,13.539613457115742,113.15670403086949,113.15670403086949
2026-09-23T07:32:25.869438+07:00,full_training:iteration_0,6.0,237.0,18.03,40.0,12.1,12.032695770263672,13.5448257864135,113.17045472738715,113.17045472738715
2026-09-23T07:32:26.871366+07:00,full_training:iteration_0,6.0,237.0,18.33,40.0,10.5,12.030105590820312,13.5448257864135,113.17045472738715,113.17045472738715
2026-09-23T07:32:27.871083+07:00,full_training:iteration_0,7.0,237.0,17.91,40.0,11.8,12.028156280517578,13.548509406510416,113.26945156533148,113.26945156533148
2026-09-23T07:32:28.875871+07:00,full_training:iteration_0,6.0,237.0,17.95,40.0,10.2,12.026847839355469,13.551984136019593,113.37112196379124,113.37112196379124
2026-09-23T07:32:29.874442+07:00,full_training:iteration_0,6.0,237.0,18.1,40.0,10.3,12.026725769042969,13.551984136019593,113.37112196379124,113.37112196379124
2026-09-23T07:32:30.875993+07:00,full_training:iteration_0,5.0,237.0,18.57,40.0,11.4,12.024993896484375,13.549179197866346,113.52900956921881,113.52900956921881
2026-09-23T07:32:31.870338+07:00,full_training:iteration_0,10.0,237.0,18.07,40.0,11.0,12.044235229492188,13.552061544820456,113.6437160972801,113.6437160972801
2026-09-23T07:32:32.855040+07:00,full_training:iteration_0,2.0,237.0,17.3,40.0,11.5,12.045806884765625,13.552061544820456,113.6437160972801,113.6437160972801
2026-09-23T07:32:33.872143+07:00,full_training:iteration_0,5.0,237.0,17.43,40.0,11.1,12.040657043457031,13.553892138202631,113.72728428275502,113.72728428275502
2026-09-23T07:32:34.859062+07:00,full_training:iteration_0,6.0,237.0,17.61,40.0,11.5,12.036998748779297,13.564944139876864,113.714638108755,113.714638108755
2026-09-23T07:32:35.868142+07:00,full_training:iteration_0,8.0,237.0,18.13,40.0,10.8,12.032814025878906,13.56774865811848,113.78450981535511,113.78450981535511
2026-09-23T07:32:36.872612+07:00,full_training:iteration_0,5.0,237.0,17.75,40.0,11.4,12.033374786376953,13.576224365178502,113.83472915774496,113.83472915774496
2026-09-23T07:32:37.872551+07:00,full_training:iteration_0,6.0,237.0,18.32,40.0,10.6,12.032295227050781,13.576224365178502,113.83472915774496,113.83472915774496
2026-09-23T07:32:38.872599+07:00,full_training:iteration_0,5.0,237.0,18.38,40.0,9.0,12.030128479003906,13.574968836037979,113.96305416527883,113.96305416527883
2026-09-23T07:32:39.870725+07:00,full_training:iteration_0,7.0,237.0,18.33,40.0,9.9,12.019718170166016,13.579768649093255,113.96797097897232,113.96797097897232
2026-09-23T07:32:40.871818+07:00,full_training:iteration_0,7.0,237.0,18.7,40.0,9.7,12.019100189208984,13.579768649093255,113.96797097897232,113.96797097897232
2026-09-23T07:32:41.869469+07:00,full_training:iteration_0,5.0,237.0,17.82,40.0,9.0,12.018421173095703,13.575817249155659,114.22370976445514,114.22370976445514
2026-09-23T07:32:42.873010+07:00,full_training:iteration_0,7.0,237.0,18.32,40.0,10.4,12.016643524169922,13.579691404781268,114.30752391680899,114.30752391680899
2026-09-23T07:32:43.856270+07:00,full_training:iteration_0,6.0,237.0,18.05,40.0,10.2,12.01553726196289,13.58262870635355,114.36197381027715,114.36197381027715
2026-09-23T07:32:44.873406+07:00,full_training:iteration_0,5.0,237.0,17.75,40.0,9.5,12.017101287841797,13.58262870635355,114.36197381027715,114.36197381027715
2026-09-23T07:32:45.873519+07:00,full_training:iteration_0,3.0,237.0,17.5,39.0,10.4,12.035621643066406,13.585383175375535,114.31865711334109,114.31865711334109
2026-09-23T07:32:46.872260+07:00,full_training:iteration_0,3.0,237.0,17.64,40.0,10.4,12.034679412841797,13.589324003474132,114.52391129250847,114.52391129250847
2026-09-23T07:32:47.873185+07:00,full_training:iteration_0,6.0,237.0,17.55,40.0,9.7,12.034965515136719,13.589324003474132,114.52391129250847,114.52391129250847
2026-09-23T07:32:48.871201+07:00,full_training:iteration_0,6.0,237.0,18.27,40.0,9.7,12.031364440917969,13.59133205072364,114.52326350754446,114.52326350754446
2026-09-23T07:32:49.870524+07:00,full_training:iteration_0,10.0,237.0,19.14,40.0,9.7,12.028709411621094,13.590059394566643,114.77802381499869,114.77802381499869
2026-09-23T07:32:50.871851+07:00,full_training:iteration_0,5.0,237.0,18.28,40.0,10.3,12.02585220336914,13.60218172906871,114.74411872878675,114.74411872878675
2026-09-23T07:32:51.854712+07:00,full_training:iteration_0,6.0,237.0,18.39,40.0,9.4,12.025733947753906,13.60218172906871,114.74411872878675,114.74411872878675
2026-09-23T07:32:52.869645+07:00,full_training:iteration_0,5.0,237.0,17.61,40.0,9.4,12.02349853515625,13.607204618165653,114.83327544798068,114.83327544798068
2026-09-23T07:32:53.873616+07:00,full_training:iteration_0,7.0,237.0,18.3,40.0,10.0,12.02181625366211,13.616609157670363,114.79353544611698,114.79353544611698
2026-09-23T07:32:54.857484+07:00,full_training:iteration_0,11.0,257.0,18.82,40.0,9.6,12.019500732421875,13.618971606215332,115.1261651957728,115.1261651957728
2026-09-23T07:32:55.870855+07:00,full_training:iteration_0,6.0,257.0,18.14,40.0,9.3,12.019107818603516,13.618971606215332,115.1261651957728,115.1261651957728
2026-09-23T07:32:56.869207+07:00,full_training:iteration_0,6.0,257.0,18.75,40.0,9.5,12.017379760742188,13.619978586070669,115.18936922977821,115.18936922977821
2026-09-23T07:32:57.872329+07:00,full_training:iteration_0,5.0,257.0,17.95,40.0,10.8,12.01702880859375,13.625022555340157,115.2066288441839,115.2066288441839
2026-09-23T07:32:58.871714+07:00,full_training:iteration_0,8.0,257.0,17.64,40.0,8.8,12.035499572753906,13.633524690338767,115.19873912513248,115.19873912513248
2026-09-23T07:32:59.869841+07:00,full_training:iteration_0,2.0,257.0,17.25,40.0,9.8,12.0377197265625,13.637016540969336,115.30980946594056,115.30980946594056
2026-09-23T07:33:00.872078+07:00,full_training:iteration_0,6.0,257.0,17.7,40.0,12.3,12.03731918334961,13.637016540969336,115.30980946594056,115.30980946594056
2026-09-23T07:33:01.868829+07:00,full_training:iteration_0,6.0,257.0,18.37,40.0,10.7,12.030864715576172,13.639273156715092,115.439285272257,115.439285272257
2026-09-23T07:33:02.871634+07:00,full_training:iteration_0,6.0,257.0,18.4,40.0,11.5,12.032096862792969,13.639216414749823,115.57998028822568,115.57998028822568
2026-09-23T07:33:03.870784+07:00,full_training:iteration_0,5.0,257.0,18.41,40.0,11.6,12.029232025146484,13.639216414749823,115.57998028822568,115.57998028822568
2026-09-23T07:33:04.860341+07:00,full_training:iteration_0,6.0,257.0,17.99,40.0,10.2,12.026832580566406,13.642919614097597,115.69554856955133,115.69554856955133
2026-09-23T07:33:05.872831+07:00,full_training:iteration_0,5.0,257.0,17.77,40.0,10.9,12.024429321289062,13.651012670301576,115.71806789649577,115.71806789649577
2026-09-23T07:33:06.877365+07:00,full_training:iteration_0,7.0,257.0,17.71,40.0,11.3,12.024242401123047,13.655823842574728,115.69963690934392,115.69963690934392
2026-09-23T07:33:07.867906+07:00,full_training:iteration_0,6.0,257.0,18.24,40.0,12.5,12.022483825683594,13.655823842574728,115.69963690934392,115.69963690934392
2026-09-23T07:33:08.874528+07:00,full_training:iteration_0,5.0,257.0,18.57,40.0,10.0,12.021415710449219,13.656679114262193,115.90161106923267,115.90161106923267
2026-09-23T07:33:09.874469+07:00,full_training:iteration_0,6.0,257.0,18.17,40.0,9.1,12.021297454833984,13.66010085167626,115.92901823440447,115.92901823440447
2026-09-23T07:33:10.873448+07:00,full_training:iteration_0,6.0,257.0,18.45,40.0,8.6,12.02017593383789,13.662200847811086,116.05354299461015,116.05354299461015
2026-09-23T07:33:11.869969+07:00,full_training:iteration_0,6.0,257.0,17.61,40.0,9.8,12.01955795288086,13.662200847811086,116.05354299461015,116.05354299461015
2026-09-23T07:33:12.874849+07:00,full_training:iteration_0,2.0,257.0,17.29,40.0,9.9,12.04062271118164,13.665996962137251,116.10146096558958,116.10146096558958
2026-09-23T07:33:13.872802+07:00,full_training:iteration_0,5.0,257.0,17.69,40.0,9.2,12.04195785522461,13.67690735498504,116.1481672516109,116.1481672516109
2026-09-23T07:33:14.868924+07:00,full_training:iteration_0,7.0,257.0,18.33,40.0,9.3,12.039310455322266,13.682160854609993,116.1865419110463,116.1865419110463
2026-09-23T07:33:15.874007+07:00,full_training:iteration_0,6.0,257.0,18.66,40.0,9.6,12.036529541015625,13.69304632376703,116.3580829381449,116.3580829381449
2026-09-23T07:33:16.874765+07:00,full_training:iteration_0,6.0,257.0,18.5,40.0,8.3,12.032783508300781,13.69304632376703,116.3580829381449,116.3580829381449
2026-09-23T07:33:17.870139+07:00,full_training:iteration_0,6.0,257.0,18.49,40.0,10.2,12.032489776611328,13.692934922655686,116.46626097032699,116.46626097032699
2026-09-23T07:33:18.871257+07:00,full_training:iteration_0,8.0,257.0,18.25,40.0,9.1,12.031631469726562,13.694857675678957,116.6519281666603,116.6519281666603
2026-09-23T07:33:19.857807+07:00,full_training:iteration_0,7.0,257.0,17.78,40.0,10.8,12.02304458618164,13.706864410408393,116.6059438331657,116.6059438331657
2026-09-23T07:33:20.874907+07:00,full_training:iteration_0,7.0,257.0,18.57,40.0,14.1,12.029617309570312,13.706864410408393,116.6059438331657,116.6059438331657
2026-09-23T07:33:21.872537+07:00,full_training:iteration_0,6.0,257.0,18.84,40.0,11.6,12.029232025146484,13.705384840734336,116.84813356407146,116.84813356407146
2026-09-23T07:33:22.873859+07:00,full_training:iteration_0,6.0,257.0,18.32,40.0,8.2,12.028205871582031,13.709591564917362,116.99713707192684,116.99713707192684
2026-09-23T07:33:23.873823+07:00,full_training:iteration_0,7.0,257.0,18.19,40.0,8.1,12.026504516601562,13.719841591236195,117.08960106602187,117.08960106602187
2026-09-23T07:33:24.870970+07:00,full_training:iteration_0,5.0,257.0,17.46,40.0,9.1,12.045387268066406,13.725610556733963,117.05801178244582,117.05801178244582
2026-09-23T07:33:25.869600+07:00,full_training:iteration_0,2.0,257.0,17.04,40.0,10.8,12.047283172607422,13.725610556733963,117.05801178244582,117.05801178244582
2026-09-23T07:33:26.859172+07:00,full_training:iteration_0,6.0,257.0,18.1,40.0,8.8,12.041851043701172,13.73311530933503,117.14005100537315,117.14005100537315
2026-09-23T07:33:27.876528+07:00,full_training:iteration_0,6.0,257.0,18.23,40.0,12.3,12.036521911621094,13.736929823477327,117.25237507247286,117.25237507247286
2026-09-23T07:33:28.871552+07:00,full_training:iteration_0,8.0,257.0,18.86,40.0,11.4,12.032142639160156,13.73788596405801,117.40363319160225,117.40363319160225
2026-09-23T07:33:29.872148+07:00,full_training:iteration_0,7.0,257.0,18.21,40.0,10.3,12.030986785888672,13.745189770616616,117.45773740094513,117.45773740094513
2026-09-23T07:33:30.871662+07:00,full_training:iteration_0,6.0,257.0,18.33,40.0,8.6,12.028236389160156,13.745189770616616,117.45773740094513,117.45773740094513
2026-09-23T07:33:31.873590+07:00,full_training:iteration_0,5.0,257.0,17.67,40.0,9.9,12.026084899902344,13.752895558701129,117.54282459508961,117.54282459508961
2026-09-23T07:33:32.870315+07:00,full_training:iteration_0,6.0,257.0,17.91,40.0,9.6,12.024345397949219,13.758415630085597,117.5521563658249,117.5521563658249
2026-09-23T07:33:33.854608+07:00,full_training:iteration_0,6.0,257.0,18.69,40.0,9.4,12.025882720947266,13.763178281350854,117.69411445914798,117.69411445914798
2026-09-23T07:33:34.876886+07:00,full_training:iteration_0,5.0,257.0,17.78,40.0,8.4,12.0238037109375,13.763178281350854,117.69411445914798,117.69411445914798
2026-09-23T07:33:35.874050+07:00,full_training:iteration_0,6.0,257.0,18.65,40.0,7.8,12.020469665527344,13.764253489037575,117.67807270315129,117.67807270315129
2026-09-23T07:33:36.868885+07:00,full_training:iteration_0,8.0,257.0,17.99,40.0,8.5,12.020683288574219,13.765729315155042,117.80577256317562,117.80577256317562
2026-09-23T07:33:37.875171+07:00,full_training:iteration_0,7.0,257.0,17.94,40.0,9.2,12.035419464111328,13.76956730386217,117.8257701595333,117.8257701595333
2026-09-23T07:33:38.872809+07:00,full_training:iteration_0,3.0,257.0,17.25,40.0,10.5,12.043067932128906,13.76956730386217,117.8257701595333,117.8257701595333
2026-09-23T07:33:39.856466+07:00,full_training:iteration_0,5.0,257.0,17.91,40.0,10.5,12.041717529296875,13.771323022769899,118.01940620102789,118.01940620102789
2026-09-23T07:33:40.874567+07:00,full_training:iteration_0,7.0,257.0,18.15,40.0,9.8,12.042160034179688,13.77997375246146,117.98064876919187,117.98064876919187
2026-09-23T07:33:41.853632+07:00,full_training:iteration_0,10.0,257.0,19.65,40.0,11.1,12.038780212402344,13.777377259080826,118.31995040696499,118.31995040696499
2026-09-23T07:33:42.873419+07:00,full_training:iteration_0,6.0,257.0,18.61,40.0,11.1,12.034980773925781,13.777377259080826,118.31995040696499,118.31995040696499
2026-09-23T07:33:43.866329+07:00,full_training:iteration_0,9.0,257.0,18.48,40.0,11.6,12.032302856445312,13.777923604589386,118.3705143214648,118.3705143214648
2026-09-23T07:33:44.873153+07:00,full_training:iteration_0,7.0,257.0,18.56,40.0,8.1,12.03207778930664,13.778611166040585,118.64618119438501,118.64618119438501
2026-09-23T07:33:45.869329+07:00,full_training:iteration_0,7.0,257.0,18.71,40.0,9.3,12.030170440673828,13.778611166040585,118.64618119438501,118.64618119438501
2026-09-23T07:33:46.875438+07:00,full_training:iteration_0,7.0,257.0,18.73,40.0,9.4,12.02804183959961,13.78062124327864,118.82504722031807,118.82504722031807
2026-09-23T07:33:47.872813+07:00,full_training:iteration_0,6.0,257.0,18.52,40.0,8.7,12.028213500976562,13.788472082086061,118.96955570647371,118.96955570647371
2026-09-23T07:33:48.869053+07:00,full_training:iteration_0,5.0,257.0,17.91,40.0,8.4,12.026527404785156,13.792545909727343,119.06068402606942,119.06068402606942
2026-09-23T07:33:49.868993+07:00,full_training:iteration_0,7.0,257.0,18.33,40.0,8.9,12.025779724121094,13.792545909727343,119.06068402606942,119.06068402606942
2026-09-23T07:33:50.875038+07:00,full_training:iteration_0,5.0,257.0,17.96,40.0,8.8,12.024181365966797,13.790279660223183,119.24930769900074,119.24930769900074
2026-09-23T07:33:51.869892+07:00,full_training:iteration_0,2.0,257.0,17.66,40.0,8.9,12.042640686035156,13.798271432709237,119.28808569333499,119.28808569333499
2026-09-23T07:33:52.873952+07:00,full_training:iteration_0,3.0,257.0,18.31,40.0,8.3,12.04061508178711,13.803482709728168,119.48108428202096,119.48108428202096
2026-09-23T07:33:53.869237+07:00,full_training:iteration_0,6.0,257.0,17.85,40.0,8.2,12.037559509277344,13.803482709728168,119.48108428202096,119.48108428202096
2026-09-23T07:33:54.876354+07:00,full_training:iteration_0,6.0,257.0,18.14,40.0,9.9,12.034225463867188,13.819593417898288,119.62610733843093,119.62610733843093
2026-09-23T07:33:55.871001+07:00,full_training:iteration_0,6.0,257.0,17.77,40.0,8.1,12.03438949584961,13.819593417898288,119.62610733843093,119.62610733843093
2026-09-23T07:33:56.874081+07:00,full_training:iteration_0,6.0,257.0,18.32,40.0,9.5,12.029655456542969,13.828854413751152,119.6658208608539,119.6658208608539
2026-09-23T07:33:57.869115+07:00,full_training:iteration_0,8.0,257.0,17.65,40.0,8.6,12.035064697265625,13.830756576458647,119.83248121890252,119.83248121890252
2026-09-23T07:33:58.873511+07:00,full_training:iteration_0,7.0,257.0,17.56,40.0,9.1,12.026348114013672,13.839679002487918,119.80322128410893,119.80322128410893
2026-09-23T07:33:59.869972+07:00,full_training:iteration_0,6.0,257.0,18.47,40.0,10.0,12.024726867675781,13.848125078104111,119.94790989841417,119.94790989841417
2026-09-23T07:34:00.874459+07:00,full_training:iteration_0,7.0,257.0,18.24,40.0,9.6,12.0242919921875,13.855036060788615,120.0013338816752,120.0013338816752
2026-09-23T07:34:01.868979+07:00,full_training:iteration_0,8.0,257.0,18.58,40.0,9.1,12.021480560302734,13.855036060788615,120.0013338816752,120.0013338816752
2026-09-23T07:34:02.872977+07:00,full_training:iteration_0,5.0,257.0,17.39,40.0,8.5,12.002582550048828,13.863850032553517,120.23016764620766,120.23016764620766
2026-09-23T07:34:03.871775+07:00,full_training:iteration_0,4.0,257.0,17.95,40.0,8.6,12.011119842529297,13.872606819457749,120.21406529449823,120.21406529449823
2026-09-23T07:34:04.874493+07:00,full_training:iteration_0,7.0,257.0,17.19,40.0,9.6,12.004337310791016,13.877573318126599,120.44231224788905,120.44231224788905
2026-09-23T07:34:05.870472+07:00,full_training:iteration_0,7.0,257.0,18.74,40.0,8.7,11.995872497558594,13.879384413060023,120.54560803297473,120.54560803297473
2026-09-23T07:34:06.853519+07:00,full_training:iteration_0,6.0,257.0,19.01,40.0,9.7,11.994705200195312,13.879384413060023,120.54560803297473,120.54560803297473
2026-09-23T07:34:07.868925+07:00,full_training:iteration_0,5.0,257.0,18.74,40.0,11.3,12.006092071533203,13.883996847634698,120.76914028471593,120.76914028471593
2026-09-23T07:34:08.872575+07:00,full_training:iteration_0,6.0,257.0,17.86,40.0,13.7,12.016220092773438,13.890938581680997,120.76091379978325,120.76091379978325
2026-09-23T07:34:09.868844+07:00,full_training:iteration_0,9.0,257.0,18.54,40.0,11.0,12.019393920898438,13.893397869955871,120.8921296346301,120.8921296346301
2026-09-23T07:34:10.869954+07:00,full_training:iteration_0,5.0,257.0,17.55,40.0,15.1,12.038223266601562,13.90041133041199,120.86329559594739,120.86329559594739
2026-09-23T07:34:11.874069+07:00,full_training:iteration_0,6.0,257.0,18.17,40.0,9.2,12.040721893310547,13.90041133041199,120.86329559594739,120.86329559594739
2026-09-23T07:34:12.853431+07:00,full_training:iteration_0,7.0,257.0,18.97,40.0,9.4,12.03887939453125,13.902731810395387,120.98881565416356,120.98881565416356
2026-09-23T07:34:13.875751+07:00,full_training:iteration_0,8.0,257.0,18.19,40.0,9.9,12.03659439086914,13.903662115139976,121.10167376376948,121.10167376376948
2026-09-23T07:34:14.869084+07:00,full_training:iteration_0,7.0,257.0,18.32,40.0,9.1,12.03713607788086,13.913373932098683,121.1839367119297,121.1839367119297
2026-09-23T07:34:15.875455+07:00,full_training:iteration_0,5.0,257.0,17.83,40.0,8.5,12.053592681884766,13.921450105298687,121.24422920873049,121.24422920873049
2026-09-23T07:34:16.869930+07:00,full_training:iteration_0,2.0,257.0,16.87,40.0,8.8,12.049724578857422,13.932833903081198,121.25039055379472,121.25039055379472
2026-09-23T07:34:17.872923+07:00,full_training:iteration_0,6.0,257.0,17.77,40.0,9.2,12.048908233642578,13.932833903081198,121.25039055379472,121.25039055379472
2026-09-23T07:34:18.873517+07:00,full_training:iteration_0,8.0,257.0,19.98,40.0,8.8,12.044734954833984,13.93872510415131,121.35161889017476,121.35161889017476
2026-09-23T07:34:19.874083+07:00,full_training:iteration_0,2.0,257.0,18.78,40.0,8.4,12.041519165039062,13.943726171889596,121.70606612400826,121.70606612400826
2026-09-23T07:34:20.869342+07:00,full_training:iteration_0,10.0,257.0,18.94,40.0,8.7,12.036991119384766,13.94681791881458,121.82392190349164,121.82392190349164
2026-09-23T07:34:21.873508+07:00,full_training:iteration_0,7.0,257.0,17.84,40.0,9.3,12.036426544189453,13.95418157707073,121.86779346089963,121.86779346089963
2026-09-23T07:34:22.870810+07:00,full_training:iteration_0,6.0,257.0,17.67,40.0,8.8,12.034568786621094,13.963992073089806,121.87589147070513,121.87589147070513
2026-09-23T07:34:23.872028+07:00,full_training:iteration_0,8.0,257.0,19.0,40.0,9.0,12.035839080810547,13.963992073089806,121.87589147070513,121.87589147070513
2026-09-23T07:34:24.870591+07:00,full_training:iteration_0,7.0,257.0,18.43,40.0,8.2,12.033008575439453,13.968889664686339,122.16117541910302,122.16117541910302
2026-09-23T07:34:25.870395+07:00,full_training:iteration_0,6.0,257.0,18.18,40.0,9.2,12.035469055175781,13.980089912287486,122.19662285832588,122.19662285832588
2026-09-23T07:34:26.870263+07:00,full_training:iteration_0,6.0,257.0,19.01,40.0,9.1,12.030555725097656,13.985563962916714,122.35094392111,122.35094392111
2026-09-23T07:34:27.860812+07:00,full_training:iteration_0,7.0,257.0,19.31,40.0,8.5,12.050727844238281,13.985213990011239,122.65599637374586,122.65599637374586
2026-09-23T07:34:28.877538+07:00,full_training:iteration_0,4.0,257.0,18.19,40.0,9.6,12.051685333251953,13.995837791003,122.80121611124788,122.80121611124788
2026-09-23T07:34:29.874621+07:00,full_training:iteration_0,5.0,257.0,17.46,40.0,13.3,12.054191589355469,13.995837791003,122.80121611124788,122.80121611124788
2026-09-23T07:34:30.871949+07:00,full_training:iteration_0,6.0,257.0,18.93,40.0,10.6,12.048110961914062,14.00219474126788,122.7638659909817,122.7638659909817
2026-09-23T07:34:31.870301+07:00,full_training:iteration_0,3.0,257.0,19.42,40.0,11.4,12.045909881591797,14.000064794777648,123.19681682546562,123.19681682546562
2026-09-23T07:34:32.874849+07:00,full_training:iteration_0,7.0,257.0,18.89,40.0,10.9,12.039722442626953,14.01060288748698,123.2277477760536,123.2277477760536
2026-09-23T07:34:33.858736+07:00,full_training:iteration_0,6.0,257.0,18.98,40.0,18.1,11.89645004272461,14.01060288748698,123.2277477760536,123.2277477760536
2026-09-23T07:34:34.855546+07:00,full_training:iteration_0,5.0,257.0,18.4,40.0,17.9,11.741127014160156,14.010142157477171,123.64417458712185,123.64417458712185
2026-09-23T07:34:35.872114+07:00,full_training:iteration_0,7.0,257.0,17.88,40.0,10.9,11.73855972290039,14.014250378197428,123.66271440771898,123.66271440771898
2026-09-23T07:34:36.863508+07:00,full_training:iteration_0,5.0,257.0,17.85,40.0,12.8,11.772796630859375,14.024085093937316,123.75232118370282,123.75232118370282
2026-09-23T07:34:37.853495+07:00,full_training:iteration_0,6.0,257.0,17.89,40.0,12.6,11.775775909423828,14.031954041270126,123.76517558544091,123.76517558544091
2026-09-23T07:34:38.871615+07:00,full_training:iteration_0,8.0,257.0,18.8,40.0,11.4,11.769378662109375,14.034654953244903,123.97710567471312,123.97710567471312
2026-09-23T07:34:39.870590+07:00,full_training:iteration_0,2.0,257.0,18.88,40.0,9.3,11.780696868896484,14.041122012705818,124.07548317490755,124.07548317490755
2026-09-23T07:34:40.871634+07:00,full_training:iteration_0,2.0,257.0,17.95,40.0,9.6,11.785293579101562,14.041122012705818,124.07548317490755,124.07548317490755
2026-09-23T07:34:41.873596+07:00,full_training:iteration_0,7.0,257.0,17.69,40.0,10.6,11.779426574707031,14.045010306629184,124.38128418792003,124.38128418792003
2026-09-23T07:34:42.876882+07:00,full_training:iteration_0,6.0,257.0,17.57,40.0,10.8,11.774364471435547,14.053025537037026,124.40790342899206,124.40790342899206
2026-09-23T07:34:43.869216+07:00,full_training:iteration_0,7.0,257.0,18.34,40.0,9.2,11.768806457519531,14.061102535385476,124.45727831581401,124.45727831581401
2026-09-23T07:34:44.876959+07:00,full_training:iteration_0,7.0,257.0,18.59,40.0,11.6,11.760845184326172,14.063916298347227,124.57003986914975,124.57003986914975
2026-09-23T07:34:45.867115+07:00,full_training:iteration_0,6.0,257.0,18.14,40.0,11.1,11.755867004394531,14.063916298347227,124.57003986914975,124.57003986914975
2026-09-23T07:34:46.870972+07:00,full_training:iteration_0,5.0,257.0,17.42,40.0,10.8,11.751506805419922,14.068985914133304,124.62015380174832,124.62015380174832
2026-09-23T07:34:47.872210+07:00,full_training:iteration_0,9.0,257.0,18.5,40.0,11.1,11.750072479248047,14.078233269666091,124.57412838308679,124.57412838308679
2026-09-23T07:34:48.875823+07:00,full_training:iteration_0,5.0,257.0,18.67,40.0,11.0,11.747940063476562,14.080730765214447,124.8928072989021,124.8928072989021
2026-09-23T07:34:49.875295+07:00,full_training:iteration_0,6.0,257.0,18.22,40.0,11.1,11.74618148803711,14.090790172546894,124.90504943285866,124.90504943285866
2026-09-23T07:34:50.874017+07:00,full_training:iteration_0,4.0,257.0,19.58,40.0,10.0,11.743370056152344,14.094173854850364,125.17184350911131,125.17184350911131
2026-09-23T07:34:51.874223+07:00,full_training:iteration_0,7.0,257.0,19.06,40.0,8.4,11.740074157714844,14.094173854850364,125.17184350911131,125.17184350911131
2026-09-23T07:34:52.874999+07:00,full_training:iteration_0,2.0,257.0,17.59,40.0,9.5,11.757389068603516,14.096772229369343,125.41609087911353,125.41609087911353
2026-09-23T07:34:53.875840+07:00,full_training:iteration_0,5.0,257.0,18.12,40.0,9.0,11.747665405273438,14.101909001659758,125.64764854215412,125.64764854215412
2026-09-23T07:34:54.868952+07:00,full_training:iteration_0,3.0,257.0,18.93,40.0,8.4,11.744140625,14.113355312002772,125.60706210395324,125.60706210395324
2026-09-23T07:34:55.874192+07:00,full_training:iteration_0,8.0,257.0,18.23,40.0,8.6,11.740367889404297,14.115903479159723,125.85962235661482,125.85962235661482
2026-09-23T07:34:56.875159+07:00,full_training:iteration_0,7.0,257.0,18.39,40.0,8.3,11.737586975097656,14.124482627707375,125.89072498406088,125.89072498406088
2026-09-23T07:34:57.870828+07:00,full_training:iteration_0,6.0,257.0,18.41,40.0,8.5,11.735099792480469,14.13234076773565,126.0211237625197,126.0211237625197
2026-09-23T07:34:58.859614+07:00,full_training:iteration_0,6.0,257.0,18.26,40.0,9.1,11.732345581054688,14.14114683932771,126.04725519221462,126.04725519221462
2026-09-23T07:34:59.870458+07:00,full_training:iteration_0,7.0,257.0,18.28,40.0,9.4,11.734172821044922,14.14114683932771,126.04725519221462,126.04725519221462
2026-09-23T07:35:00.873896+07:00,full_training:iteration_0,5.0,257.0,17.34,40.0,9.9,11.739543914794922,14.144064248476242,126.20103673593192,126.20103673593192
2026-09-23T07:35:01.873472+07:00,full_training:iteration_0,4.0,257.0,19.23,40.0,8.3,11.731513977050781,14.154275146453429,126.17576078417618,126.17576078417618
2026-09-23T07:35:02.875044+07:00,full_training:iteration_0,5.0,257.0,18.01,40.0,9.1,11.730857849121094,14.158821769196022,126.3612742805266,126.3612742805266
2026-09-23T07:35:03.871671+07:00,full_training:iteration_0,9.0,257.0,18.24,40.0,8.7,11.747074127197266,14.165254336361146,126.44437217673573,126.44437217673573
2026-09-23T07:35:04.868940+07:00,full_training:iteration_0,2.0,257.0,17.87,40.0,10.5,11.74972152709961,14.170332064085855,126.57180894549305,126.57180894549305
2026-09-23T07:35:05.871181+07:00,full_training:iteration_0,7.0,257.0,17.7,40.0,10.1,11.746074676513672,14.176399844846566,126.62487294251385,126.62487294251385
2026-09-23T07:35:06.870565+07:00,full_training:iteration_0,8.0,257.0,17.9,40.0,10.2,11.74423599243164,14.176399844846566,126.62487294251385,126.62487294251385
2026-09-23T07:35:07.873723+07:00,full_training:iteration_0,5.0,257.0,17.66,40.0,9.4,11.73855972290039,14.181498268010886,126.72206802216874,126.72206802216874
2026-09-23T07:35:08.873235+07:00,full_training:iteration_0,3.0,257.0,19.02,40.0,10.7,11.729366302490234,14.187659076899028,126.71265218135413,126.71265218135413
2026-09-23T07:35:09.854244+07:00,full_training:iteration_0,5.0,257.0,17.98,40.0,8.6,11.724315643310547,14.198600151772004,126.86361589928336,126.86361589928336
2026-09-23T07:35:10.872844+07:00,full_training:iteration_0,7.0,257.0,19.04,40.0,9.0,11.721321105957031,14.211041622454236,126.82129558245366,126.82129558245366
2026-09-23T07:35:11.869147+07:00,full_training:iteration_0,2.0,257.0,18.9,40.0,9.9,11.715629577636719,14.212896788866669,127.14606035239336,127.14606035239336
2026-09-23T07:35:12.869167+07:00,full_training:iteration_0,7.0,257.0,18.62,40.0,8.9,11.713676452636719,14.220679473685108,127.18271658211587,127.18271658211587
2026-09-23T07:35:13.872416+07:00,full_training:iteration_0,6.0,257.0,18.95,40.0,9.9,11.711284637451172,14.223247672243723,127.42325906663041,127.42325906663041
2026-09-23T07:35:14.872359+07:00,full_training:iteration_0,5.0,257.0,17.97,40.0,10.1,11.710681915283203,14.223247672243723,127.42325906663041,127.42325906663041
2026-09-23T07:35:15.876375+07:00,full_training:iteration_0,4.0,257.0,17.67,40.0,10.1,11.725727081298828,14.225075176777498,127.46014311445731,127.46014311445731
2026-09-23T07:35:16.877435+07:00,full_training:iteration_0,5.0,257.0,17.73,40.0,9.7,11.72146987915039,14.230632500639487,127.66019958602868,127.66019958602868
2026-09-23T07:35:17.853918+07:00,full_training:iteration_0,9.0,257.0,18.32,40.0,9.1,11.721183776855469,14.23572883849318,127.75184522951659,127.75184522951659
2026-09-23T07:35:18.870967+07:00,full_training:iteration_0,6.0,257.0,18.78,40.0,9.3,11.717033386230469,14.241493691638228,127.92516536861864,127.92516536861864
2026-09-23T07:35:19.869188+07:00,full_training:iteration_0,6.0,257.0,18.39,40.0,9.0,11.7132568359375,14.247563369452402,128.00953885793146,128.00953885793146
2026-09-23T07:35:20.873638+07:00,full_training:iteration_0,6.0,257.0,18.33,40.0,10.0,11.710742950439453,14.247563369452402,128.00953885793146,128.00953885793146
2026-09-23T07:35:21.871691+07:00,full_training:iteration_0,5.0,257.0,18.49,40.0,8.9,11.710334777832031,14.253008025950086,128.18434181988795,128.18434181988795
2026-09-23T07:35:22.874168+07:00,full_training:iteration_0,8.0,257.0,18.58,40.0,9.1,11.708240509033203,14.259936008817924,128.13717979462086,128.13717979462086
2026-09-23T07:35:23.859324+07:00,full_training:iteration_0,10.0,257.0,18.53,40.0,8.3,11.705764770507812,14.26205614854124,128.31062313397436,128.31062313397436
2026-09-23T07:35:24.875637+07:00,full_training:iteration_0,7.0,257.0,17.83,40.0,9.8,11.703784942626953,14.267666679664519,128.39534684743074,128.39534684743074
2026-09-23T07:35:25.868923+07:00,full_training:iteration_0,6.0,257.0,17.9,40.0,9.1,11.703277587890625,14.273102260135355,128.4425912337789,128.4425912337789
2026-09-23T07:35:26.874514+07:00,full_training:iteration_0,7.0,257.0,18.07,40.0,8.5,11.700359344482422,14.273102260135355,128.4425912337789,128.4425912337789
2026-09-23T07:35:27.871109+07:00,full_training:iteration_0,2.0,257.0,17.28,40.0,9.6,11.715438842773438,14.276471489266234,128.54942828120724,128.54942828120724
2026-09-23T07:35:28.875601+07:00,full_training:iteration_0,5.0,257.0,17.57,40.0,8.7,11.71872329711914,14.28073233569563,128.59273693112908,128.59273693112908
2026-09-23T07:35:29.870363+07:00,full_training:iteration_0,7.0,257.0,18.37,40.0,9.1,11.715633392333984,14.287502482245733,128.60275782864053,128.60275782864053
2026-09-23T07:35:30.869423+07:00,full_training:iteration_0,7.0,257.0,17.89,40.0,10.5,11.726104736328125,14.291934660825737,128.68316062873274,128.68316062873274
2026-09-23T07:35:31.875170+07:00,full_training:iteration_0,6.0,257.0,17.42,40.0,8.8,11.72659683227539,14.298220804080572,128.64352057407208,128.64352057407208
2026-09-23T07:35:32.872692+07:00,full_training:iteration_0,6.0,257.0,17.7,40.0,8.9,11.729705810546875,14.298220804080572,128.64352057407208,128.64352057407208
2026-09-23T07:35:33.871642+07:00,full_training:iteration_0,7.0,257.0,18.29,40.0,14.7,11.735466003417969,14.304250254878777,128.64569538049506,128.64569538049506
2026-09-23T07:35:34.874264+07:00,full_training:iteration_0,7.0,257.0,18.04,40.0,12.5,11.733291625976562,14.308207839241454,128.6982990328954,128.6982990328954
2026-09-23T07:35:35.869990+07:00,full_training:iteration_0,5.0,257.0,18.13,40.0,10.7,11.72738265991211,14.312741978763766,128.7761306115072,128.7761306115072
2026-09-23T07:35:36.873323+07:00,full_training:iteration_0,6.0,257.0,17.7,40.0,11.4,11.716102600097656,14.31838910294263,128.82702961931454,128.82702961931454
2026-09-23T07:35:37.874230+07:00,full_training:iteration_0,7.0,257.0,17.87,40.0,11.9,11.717731475830078,14.321216505126666,128.88260284887593,128.88260284887593
2026-09-23T07:35:38.870700+07:00,full_training:iteration_0,6.0,257.0,17.26,40.0,10.5,11.722450256347656,14.330191524822146,128.84175221887185,128.84175221887185
2026-09-23T07:35:39.868734+07:00,full_training:iteration_0,2.0,257.0,17.01,40.0,11.1,11.727718353271484,14.330191524822146,128.84175221887185,128.84175221887185
2026-09-23T07:35:40.875893+07:00,full_training:iteration_0,5.0,257.0,17.76,40.0,12.8,11.724971771240234,14.333429479051055,128.88280574150446,128.88280574150446
2026-09-23T07:35:41.872725+07:00,full_training:iteration_0,6.0,257.0,18.11,40.0,10.1,11.720020294189453,14.338271675724148,128.90006665144927,128.90006665144927
2026-09-23T07:35:42.877209+07:00,full_training:iteration_0,7.0,257.0,17.93,40.0,10.3,11.71584701538086,14.342155479790556,128.888943442806,128.888943442806
2026-09-23T07:35:43.869534+07:00,full_training:iteration_0,7.0,257.0,17.43,40.0,11.6,11.712898254394531,14.348219360982984,128.84800167402543,128.84800167402543
2026-09-23T07:35:44.874107+07:00,full_training:iteration_0,6.0,257.0,18.06,40.0,8.9,11.711639404296875,14.348219360982984,128.84800167402543,128.84800167402543
2026-09-23T07:35:45.875559+07:00,full_training:iteration_0,5.0,257.0,17.52,40.0,10.2,11.706146240234375,14.351352207523094,128.89328821140597,128.89328821140597
2026-09-23T07:35:46.877180+07:00,full_training:iteration_0,6.0,257.0,17.8,40.0,8.6,11.703044891357422,14.357073392956641,128.84156207481985,128.84156207481985
2026-09-23T07:35:47.870207+07:00,full_training:iteration_0,5.0,257.0,17.8,40.0,10.7,11.70513916015625,14.365619741763187,128.8402138533008,128.8402138533008
2026-09-23T07:35:48.856549+07:00,full_training:iteration_0,6.0,257.0,17.78,40.0,10.3,11.703399658203125,14.37203940366641,128.78397317696331,128.78397317696331
2026-09-23T07:35:49.869242+07:00,full_training:iteration_0,5.0,257.0,17.71,40.0,10.0,11.700359344482422,14.377114501014333,128.77014888898248,128.77014888898248
2026-09-23T07:35:50.871149+07:00,full_training:iteration_0,6.0,257.0,18.17,40.0,9.5,11.708930969238281,14.375960392260946,128.85271317495253,128.85271317495253
2026-09-23T07:35:51.869958+07:00,full_training:iteration_0,3.0,257.0,17.25,40.0,10.8,11.720096588134766,14.375960392260946,128.85271317495253,128.85271317495253
2026-09-23T07:35:52.875154+07:00,full_training:iteration_0,6.0,257.0,18.33,40.0,12.6,11.718544006347656,14.374727098779333,129.05636508434696,129.05636508434696
2026-09-23T07:35:53.853421+07:00,full_training:iteration_0,6.0,257.0,17.93,40.0,10.6,11.714805603027344,14.380070098660022,129.0432353830885,129.0432353830885
2026-09-23T07:35:54.870621+07:00,full_training:iteration_0,6.0,257.0,18.52,40.0,9.9,11.711448669433594,14.380070098660022,129.0432353830885,129.0432353830885
2026-09-23T07:35:55.876411+07:00,full_training:iteration_0,7.0,257.0,18.08,40.0,10.9,11.710750579833984,14.378639034128083,129.126994585606,129.126994585606
2026-09-23T07:35:56.869669+07:00,full_training:iteration_0,6.0,257.0,17.81,40.0,10.4,11.705551147460938,14.382055573783997,129.14211320797463,129.14211320797463
2026-09-23T07:35:57.875856+07:00,full_training:iteration_0,7.0,257.0,18.44,40.0,9.6,11.70318603515625,14.382519025100168,129.2471336076951,129.2471336076951
2026-09-23T07:35:58.868989+07:00,full_training:iteration_0,5.0,257.0,17.87,40.0,9.4,11.703140258789062,14.382519025100168,129.2471336076951,129.2471336076951
2026-09-23T07:35:59.869576+07:00,full_training:iteration_0,6.0,257.0,17.9,40.0,10.4,11.70315170288086,14.380334850818713,129.25535056045302,129.25535056045302
2026-09-23T07:36:00.875529+07:00,full_training:iteration_0,5.0,257.0,18.1,40.0,8.8,11.703121185302734,14.384387318840783,129.27606079637377,129.27606079637377
2026-09-23T07:36:01.869522+07:00,full_training:iteration_0,6.0,257.0,17.66,40.0,7.7,11.69681167602539,14.392001777365365,129.23728471038393,129.23728471038393
2026-09-23T07:36:02.853196+07:00,full_training:iteration_0,6.0,257.0,17.98,40.0,8.8,11.696846008300781,14.399892095353115,129.29114697818832,129.29114697818832
2026-09-23T07:36:03.854848+07:00,full_training:iteration_0,8.0,257.0,17.18,40.0,8.6,11.708030700683594,14.403980541173373,129.24211606910163,129.24211606910163
2026-09-23T07:36:04.872060+07:00,full_training:iteration_0,5.0,257.0,17.06,40.0,8.3,11.71072769165039,14.411937612054658,129.25526796035317,129.25526796035317
2026-09-23T07:36:05.869172+07:00,full_training:iteration_0,6.0,257.0,17.63,40.0,8.5,11.706607818603516,14.411937612054658,129.25526796035317,129.25526796035317
2026-09-23T07:36:06.872067+07:00,full_training:iteration_0,6.0,257.0,18.13,40.0,9.1,11.70577621459961,14.414848103328106,129.2154000058842,129.2154000058842
2026-09-23T07:36:07.875050+07:00,full_training:iteration_0,5.0,257.0,18.51,40.0,10.0,11.70322036743164,14.419470177804858,129.2595684283222,129.2595684283222
2026-09-23T07:36:08.872467+07:00,full_training:iteration_0,2.0,257.0,18.53,40.0,10.6,11.703620910644531,14.419064125105951,129.33011238732146,129.33011238732146
2026-09-23T07:36:09.874549+07:00,full_training:iteration_0,8.0,257.0,18.04,40.0,11.5,11.699081420898438,14.421780373933812,129.3728788203669,129.3728788203669
2026-09-23T07:36:10.869080+07:00,full_training:iteration_0,4.0,257.0,17.41,40.0,13.5,11.711463928222656,14.421780373933812,129.3728788203669,129.3728788203669
2026-09-23T07:36:11.875942+07:00,full_training:iteration_0,6.0,257.0,18.44,40.0,10.4,11.708332061767578,14.426915250970564,129.3170469228445,129.3170469228445
2026-09-23T07:36:12.871353+07:00,full_training:iteration_0,5.0,257.0,18.13,40.0,9.1,11.704952239990234,14.431975276753505,129.36197357752565,129.36197357752565
2026-09-23T07:36:13.871212+07:00,full_training:iteration_0,7.0,257.0,18.86,40.0,10.2,11.698356628417969,14.437440202113688,129.33802871020188,129.33802871020188
2026-09-23T07:36:14.875041+07:00,full_training:iteration_0,5.0,257.0,17.95,40.0,10.7,11.699947357177734,14.442055158145044,129.45619116050537,129.45619116050537
2026-09-23T07:36:15.868961+07:00,full_training:iteration_0,8.0,257.0,17.69,40.0,8.7,11.714675903320312,14.446644739623366,129.47805347887441,129.47805347887441
2026-09-23T07:36:16.872074+07:00,full_training:iteration_0,5.0,257.0,17.49,40.0,9.2,11.714298248291016,14.454428076806506,129.54428425625545,129.54428425625545
2026-09-23T07:36:17.873606+07:00,full_training:iteration_0,6.0,257.0,18.2,40.0,9.4,11.709957122802734,14.459663505619929,129.576737834669,129.576737834669
2026-09-23T07:36:18.872372+07:00,full_training:iteration_0,7.0,257.0,18.81,40.0,9.9,11.708984375,14.459663505619929,129.576737834669,129.576737834669
2026-09-23T07:36:19.874284+07:00,full_training:iteration_0,5.0,257.0,18.11,40.0,10.4,11.705665588378906,14.463301470944607,129.66521578978492,129.66521578978492
2026-09-23T07:36:20.872245+07:00,full_training:iteration_0,8.0,257.0,18.36,40.0,8.9,11.702472686767578,14.47272326073082,129.63068506809762,129.63068506809762
2026-09-23T07:36:21.873337+07:00,full_training:iteration_0,5.0,257.0,17.72,40.0,8.7,11.700477600097656,14.48161063200239,129.68827327809882,129.68827327809882
2026-09-23T07:36:22.875384+07:00,full_training:iteration_0,9.0,257.0,18.77,40.0,10.3,11.698444366455078,14.49103911612451,129.6466002810955,129.6466002810955
2026-09-23T07:36:23.869974+07:00,full_training:iteration_0,5.0,257.0,18.34,40.0,9.0,11.696903228759766,14.494384694654602,129.83337330930277,129.83337330930277
2026-09-23T07:36:24.870563+07:00,full_training:iteration_0,6.0,257.0,17.94,40.0,8.5,11.695049285888672,14.503544000322636,129.7881245157077,129.7881245157077
2026-09-23T07:36:25.858716+07:00,full_training:iteration_0,5.0,257.0,18.85,40.0,8.7,11.694103240966797,14.50878244056407,129.88763197030775,129.88763197030775
2026-09-23T07:36:26.869393+07:00,full_training:iteration_0,2.0,257.0,17.97,40.0,8.8,11.705474853515625,14.517781874002136,129.90943665423572,129.90943665423572
2026-09-23T07:36:27.869307+07:00,full_training:iteration_0,5.0,257.0,17.78,40.0,9.3,11.700576782226562,14.525719885036027,129.98668886930807,129.98668886930807
2026-09-23T07:36:28.868758+07:00,full_training:iteration_0,6.0,257.0,17.76,40.0,8.4,11.69790267944336,14.533831408269133,129.94384583573338,129.94384583573338
2026-09-23T07:36:29.857792+07:00,full_training:iteration_0,5.0,257.0,18.7,40.0,8.7,11.693241119384766,14.541852255588976,130.0542716790809,130.0542716790809
2026-09-23T07:36:30.875749+07:00,full_training:iteration_0,6.0,257.0,18.52,40.0,8.6,11.689971923828125,14.553645153840115,130.01716895821448,130.01716895821448
2026-09-23T07:36:31.876475+07:00,full_training:iteration_0,8.0,257.0,19.44,40.0,8.9,11.685916900634766,14.554778740627953,130.19939020379417,130.19939020379417
2026-09-23T07:36:32.872338+07:00,full_training:iteration_0,8.0,257.0,19.38,40.0,9.4,11.6834716796875,14.561971224920507,130.30057970534173,130.30057970534173
2026-09-23T07:36:33.870270+07:00,full_training:iteration_0,8.0,257.0,18.48,40.0,9.4,11.683143615722656,14.568971118351167,130.38007434268667,130.38007434268667
2026-09-23T07:36:34.868875+07:00,full_training:iteration_0,7.0,257.0,18.02,40.0,8.4,11.681831359863281,14.577498759978482,130.37254879491633,130.37254879491633
2026-09-23T07:36:35.864661+07:00,full_training:iteration_0,8.0,257.0,18.48,40.0,9.5,11.678646087646484,14.58631387737763,130.4348383020156,130.4348383020156
2026-09-23T07:36:36.872662+07:00,full_training:iteration_0,9.0,257.0,18.19,40.0,8.9,11.694561004638672,14.593949498886042,130.46990852004123,130.46990852004123
2026-09-23T07:36:37.872860+07:00,full_training:iteration_0,2.0,257.0,17.78,40.0,9.0,11.699512481689453,14.597958540384667,130.5212274359778,130.5212274359778
2026-09-23T07:36:38.869074+07:00,full_training:iteration_0,6.0,257.0,17.96,40.0,8.6,11.69830322265625,14.597958540384667,130.5212274359778,130.5212274359778
2026-09-23T07:36:39.870258+07:00,full_training:iteration_0,7.0,257.0,18.15,40.0,8.4,11.696147918701172,14.603033607388987,130.49567739714982,130.49567739714982
2026-09-23T07:36:40.870235+07:00,full_training:iteration_0,5.0,257.0,18.36,40.0,9.5,11.696849822998047,14.606941021134308,130.59300841514124,130.59300841514124
2026-09-23T07:36:41.874557+07:00,full_training:iteration_0,8.0,257.0,18.74,40.0,9.3,11.695663452148438,14.61221614279873,130.61479609379603,130.61479609379603
2026-09-23T07:36:42.869392+07:00,full_training:iteration_0,6.0,257.0,18.45,40.0,11.2,11.691764831542969,14.616332896519497,130.68357764087077,130.68357764087077
2026-09-23T07:36:43.875659+07:00,full_training:iteration_0,8.0,257.0,19.14,40.0,10.6,11.688896179199219,14.620734632842787,130.79390314090318,130.79390314090318
2026-09-23T07:36:44.875131+07:00,full_training:iteration_0,7.0,257.0,18.61,40.0,11.0,11.688163757324219,14.630048091090556,130.80374516595882,130.80374516595882
2026-09-23T07:36:45.876720+07:00,full_training:iteration_0,6.0,257.0,17.99,40.0,11.9,11.686790466308594,14.638771609439102,130.76202730062704,130.76202730062704
2026-09-23T07:36:46.858151+07:00,full_training:iteration_0,10.0,257.0,18.66,40.0,10.2,11.683155059814453,14.64417757023069,130.8093407500361,130.8093407500361
2026-09-23T07:36:47.887768+07:00,full_training:iteration_0,6.0,257.0,18.01,40.0,10.6,11.695816040039062,14.64886902503923,130.78151517742165,130.78151517742165
2026-09-23T07:36:48.874523+07:00,full_training:iteration_0,2.0,257.0,17.35,40.0,10.9,11.702522277832031,14.64886902503923,130.78151517742165,130.78151517742165
2026-09-23T07:36:49.856072+07:00,full_training:iteration_0,5.0,257.0,17.99,40.0,10.4,11.701244354248047,14.665853043295659,130.7839368593649,130.7839368593649
2026-09-23T07:36:50.869933+07:00,full_training:iteration_0,6.0,257.0,19.02,40.0,9.3,11.698234558105469,14.665853043295659,130.7839368593649,130.7839368593649
2026-09-23T07:36:51.865069+07:00,full_training:iteration_0,5.0,257.0,18.72,40.0,10.4,11.685699462890625,14.66798443164507,130.9288687421852,130.9288687421852
2026-09-23T07:36:52.859095+07:00,full_training:iteration_0,2.0,257.0,18.9,40.0,10.8,11.681751251220703,14.676318978824742,130.8851357837274,130.8851357837274
2026-09-23T07:36:53.860057+07:00,full_training:iteration_0,5.0,257.0,18.74,40.0,10.8,11.683818817138672,14.679033352127545,130.98145942022657,130.98145942022657
2026-09-23T07:36:54.863333+07:00,full_training:iteration_0,7.0,257.0,18.74,41.0,12.0,11.688446044921875,14.678342154817798,131.09446369862826,131.09446369862826
2026-09-23T07:36:55.853169+07:00,full_training:iteration_0,7.0,257.0,18.74,40.0,9.9,11.68453598022461,14.684502868635967,131.11015544150638,131.11015544150638
2026-09-23T07:36:56.872452+07:00,full_training:iteration_0,6.0,257.0,18.23,40.0,9.1,11.681896209716797,14.684502868635967,131.11015544150638,131.11015544150638
2026-09-23T07:36:57.872531+07:00,full_training:iteration_0,6.0,257.0,19.03,40.0,10.5,11.680553436279297,14.688018321743039,131.11268403107732,131.11268403107732
2026-09-23T07:36:58.861315+07:00,full_training:iteration_0,6.0,257.0,18.82,40.0,10.6,11.678932189941406,14.688432195076278,131.25100263452026,131.25100263452026
2026-09-23T07:36:59.853943+07:00,full_training:iteration_0,3.0,257.0,17.43,40.0,10.8,11.693931579589844,14.696874152479944,131.21075305851045,131.21075305851045
2026-09-23T07:37:00.869241+07:00,full_training:iteration_0,5.0,257.0,17.4,40.0,9.7,11.699020385742188,14.702220616183526,131.24006195548097,131.24006195548097
2026-09-23T07:37:01.871497+07:00,full_training:iteration_0,6.0,257.0,18.26,40.0,9.6,11.692035675048828,14.711486952821677,131.20477736350185,131.20477736350185
2026-09-23T07:37:02.853417+07:00,full_training:iteration_0,9.0,257.0,18.89,40.0,13.7,11.683467864990234,14.711486952821677,131.20477736350185,131.20477736350185
2026-09-23T07:37:03.853458+07:00,full_training:iteration_0,6.0,257.0,18.75,40.0,10.7,11.685832977294922,14.708936964469808,131.36718284758638,131.36718284758638
2026-09-23T07:37:04.873856+07:00,full_training:iteration_0,7.0,257.0,19.03,40.0,11.2,11.68478012084961,14.712166590595809,131.4126332656225,131.4126332656225
2026-09-23T07:37:05.874156+07:00,full_training:iteration_0,2.0,257.0,19.45,40.0,9.3,11.680545806884766,14.711820316094633,131.66350874968256,131.66350874968256
2026-09-23T07:37:06.869896+07:00,full_training:iteration_0,9.0,257.0,18.61,40.0,9.3,11.679180145263672,14.715488667824113,131.6774497829526,131.6774497829526
2026-09-23T07:37:07.870749+07:00,full_training:iteration_0,7.0,257.0,19.01,40.0,10.9,11.676105499267578,14.720083610819067,131.7795887514125,131.7795887514125
2026-09-23T07:37:08.887837+07:00,full_training:iteration_0,6.0,257.0,18.41,40.0,12.7,11.693424224853516,14.720083610819067,131.7795887514125,131.7795887514125
2026-09-23T07:37:09.886151+07:00,full_training:iteration_0,6.0,257.0,18.52,40.0,8.5,11.695487976074219,14.723054284952687,131.7858270454889,131.7858270454889
2026-09-23T07:37:10.870811+07:00,full_training:iteration_0,5.0,257.0,18.43,40.0,9.3,11.703868865966797,14.726121301054322,131.87545405592496,131.87545405592496
2026-09-23T07:37:11.874741+07:00,full_training:iteration_0,2.0,257.0,17.36,40.0,8.3,11.720027923583984,14.732250687894764,131.85364365665814,131.85364365665814
2026-09-23T07:37:12.871032+07:00,full_training:iteration_0,5.0,257.0,17.52,40.0,10.2,11.728477478027344,14.73726835764067,131.92594985360367,131.92594985360367
2026-09-23T07:37:13.873419+07:00,full_training:iteration_0,8.0,257.0,18.17,40.0,9.7,11.730113983154297,14.745236408893922,131.8820280255242,131.8820280255242
2026-09-23T07:37:14.869139+07:00,full_training:iteration_0,8.0,257.0,18.22,40.0,10.2,11.73245620727539,14.746971597163341,131.9408386679538,131.9408386679538
2026-09-23T07:37:15.855983+07:00,full_training:iteration_0,7.0,257.0,18.04,40.0,7.9,11.731124877929688,14.754231399787228,131.90684737634678,131.90684737634678
2026-09-23T07:37:16.853948+07:00,full_training:iteration_0,6.0,257.0,18.43,40.0,9.5,11.729667663574219,14.760175041557822,131.94450065790244,131.94450065790244
2026-09-23T07:37:17.870934+07:00,full_training:iteration_0,6.0,257.0,18.71,40.0,9.7,11.737701416015625,14.760175041557822,131.94450065790244,131.94450065790244
2026-09-23T07:37:18.872034+07:00,full_training:iteration_0,6.0,257.0,18.23,40.0,8.2,11.734264373779297,14.762983788607784,132.08865030086127,132.08865030086127
2026-09-23T07:37:19.881736+07:00,full_training:iteration_0,6.0,257.0,18.18,40.0,9.0,11.724960327148438,14.770966999811247,132.1358709427989,132.1358709427989
2026-09-23T07:37:20.868631+07:00,full_training:iteration_0,3.0,257.0,16.1,40.0,8.8,11.709518432617188,14.768355949196275,132.13116920183424,132.13116920183424
2026-09-23T07:37:21.887151+07:00,full_training:iteration_0,5.0,257.0,17.56,41.0,12.0,11.831764221191406,14.768355949196275,132.13116920183424,132.13116920183424
2026-09-23T07:37:22.887692+07:00,full_training:iteration_0,5.0,257.0,16.71,40.0,18.3,11.86181640625,14.752080590419885,132.032542486627,132.032542486627
2026-09-23T07:37:23.872250+07:00,full_training:iteration_0,6.0,257.0,18.07,40.0,14.0,11.866573333740234,14.752080590419885,132.032542486627,132.032542486627
2026-09-23T07:37:24.867996+07:00,full_training:iteration_0,4.0,257.0,17.9,40.0,10.2,11.883346557617188,14.749666500184135,132.05631700304284,132.05631700304284
2026-09-23T07:37:25.872209+07:00,full_training:iteration_0,5.0,257.0,17.9,40.0,9.4,11.885494232177734,14.754479620337133,132.1743666180777,132.1743666180777
2026-09-23T07:37:26.869601+07:00,full_training:iteration_0,8.0,257.0,18.53,40.0,9.5,11.878379821777344,14.760708775948098,132.19317520436738,132.19317520436738
2026-09-23T07:37:27.870647+07:00,full_training:iteration_0,5.0,257.0,18.45,40.0,9.6,11.874275207519531,14.764562390327969,132.25999005484996,132.25999005484996
2026-09-23T07:37:28.854258+07:00,full_training:iteration_0,7.0,257.0,18.67,40.0,11.8,11.85897445678711,14.77020662351355,132.31314580363318,132.31314580363318
2026-09-23T07:37:29.869007+07:00,full_training:iteration_0,7.0,257.0,18.4,40.0,9.3,11.790576934814453,14.775099285396996,132.31312482919944,132.31312482919944
2026-09-23T07:37:30.868922+07:00,full_training:iteration_0,8.0,257.0,18.28,41.0,9.0,11.78717041015625,14.775099285396996,132.31312482919944,132.31312482919944
2026-09-23T07:37:31.871581+07:00,full_training:iteration_0,6.0,257.0,18.46,40.0,9.4,11.78030014038086,14.786067418119856,132.42228025933812,132.42228025933812
2026-09-23T07:37:32.870874+07:00,full_training:iteration_0,5.0,257.0,17.89,40.0,8.7,11.765277862548828,14.786067418119856,132.42228025933812,132.42228025933812
2026-09-23T07:37:33.868851+07:00,full_training:iteration_0,8.0,257.0,18.52,40.0,8.9,11.75234603881836,14.790183386989959,132.3931500967803,132.3931500967803
2026-09-23T07:37:34.869329+07:00,full_training:iteration_0,5.0,257.0,18.7,40.0,9.9,11.750064849853516,14.795377128369001,132.5304996061114,132.5304996061114
2026-09-23T07:37:35.875388+07:00,full_training:iteration_0,2.0,257.0,18.3,40.0,8.5,11.764781951904297,14.799454181052898,132.52492366656048,132.52492366656048
2026-09-23T07:37:36.872751+07:00,full_training:iteration_0,8.0,257.0,18.14,40.0,8.8,11.765724182128906,14.801111170371302,132.7194175642296,132.7194175642296
2026-09-23T07:37:37.860360+07:00,full_training:iteration_0,6.0,257.0,17.83,41.0,8.6,11.762676239013672,14.80441071732449,132.7415781253939,132.7415781253939
2026-09-23T07:37:38.876953+07:00,full_training:iteration_0,6.0,257.0,18.18,40.0,9.5,11.758270263671875,14.810534561066643,132.77797063152127,132.77797063152127
2026-09-23T07:37:39.871905+07:00,full_training:iteration_0,6.0,257.0,18.57,40.0,9.5,11.755115509033203,14.810534561066643,132.77797063152127,132.77797063152127
2026-09-23T07:37:40.874072+07:00,full_training:iteration_0,7.0,257.0,18.84,40.0,9.6,11.754981994628906,14.812108275465574,132.8804219082989,132.8804219082989
2026-09-23T07:37:41.876134+07:00,full_training:iteration_0,6.0,257.0,18.58,40.0,8.7,11.751544952392578,14.819612645174079,132.88483506927355,132.88483506927355
2026-09-23T07:37:42.869056+07:00,full_training:iteration_0,6.0,257.0,18.4,40.0,9.7,11.747589111328125,14.82162481680884,132.9148562046907,132.9148562046907
2026-09-23T07:37:43.875268+07:00,full_training:iteration_0,5.0,257.0,18.19,40.0,9.6,11.74985122680664,14.825895443045493,132.94300378421752,132.94300378421752
2026-09-23T07:37:44.876759+07:00,full_training:iteration_0,6.0,257.0,17.71,40.0,8.7,11.749534606933594,14.836271511532019,132.90320989345244,132.90320989345244
2026-09-23T07:37:45.857632+07:00,full_training:iteration_0,6.0,257.0,18.44,40.0,8.3,11.74911117553711,14.841851640653223,132.9309478438506,132.9309478438506
2026-09-23T07:37:46.871116+07:00,full_training:iteration_0,4.0,257.0,18.12,40.0,8.8,11.763652801513672,14.847937155119666,132.91240929125036,132.91240929125036
2026-09-23T07:37:47.853482+07:00,full_training:iteration_0,6.0,257.0,18.35,40.0,8.5,11.759952545166016,14.853019964883362,133.05395684993388,133.05395684993388
2026-09-23T07:37:48.875644+07:00,full_training:iteration_0,7.0,257.0,18.14,40.0,16.6,11.762798309326172,14.860614210296088,133.01483533047957,133.01483533047957
2026-09-23T07:37:49.855630+07:00,full_training:iteration_0,6.0,257.0,19.14,40.0,15.3,11.764923095703125,14.860614210296088,133.01483533047957,133.01483533047957
2026-09-23T07:37:50.868948+07:00,full_training:iteration_0,7.0,257.0,18.39,40.0,10.3,11.762737274169922,14.85856529429913,133.20854287460935,133.20854287460935
2026-09-23T07:37:51.871375+07:00,full_training:iteration_0,6.0,257.0,18.37,40.0,9.3,11.754974365234375,14.862701642134434,133.23838278176305,133.23838278176305
2026-09-23T07:37:52.873936+07:00,full_training:iteration_0,5.0,257.0,18.09,40.0,12.5,11.752849578857422,14.866943298927984,133.27191712674792,133.27191712674792
2026-09-23T07:37:53.869817+07:00,full_training:iteration_0,6.0,257.0,18.3,40.0,12.0,11.75137710571289,14.87384899232177,133.22582818571288,133.22582818571288
2026-09-23T07:37:54.871588+07:00,full_training:iteration_0,5.0,257.0,18.59,40.0,9.4,11.748355865478516,14.879683954121173,133.28470101317225,133.28470101317225
2026-09-23T07:37:55.872663+07:00,full_training:iteration_0,8.0,257.0,18.42,40.0,9.7,11.747184753417969,14.887488631899176,133.2416649079947,133.2416649079947
2026-09-23T07:37:56.872104+07:00,full_training:iteration_0,2.0,257.0,18.56,40.0,9.6,11.74350357055664,14.889824006392148,133.3466461016897,133.3466461016897
2026-09-23T07:37:57.877226+07:00,full_training:iteration_0,6.0,257.0,17.69,40.0,8.8,11.76190185546875,14.895632514451785,133.30643196547064,133.30643196547064
2026-09-23T07:37:58.873888+07:00,full_training:iteration_0,6.0,257.0,17.64,40.0,9.2,11.763927459716797,14.903181263164594,133.31450113976763,133.31450113976763
2026-09-23T07:37:59.870426+07:00,full_training:iteration_0,9.0,257.0,18.55,40.0,9.4,11.772899627685547,14.907314662287186,133.34349911372482,133.34349911372482
2026-09-23T07:38:00.869007+07:00,full_training:iteration_0,6.0,257.0,18.66,40.0,9.7,11.773113250732422,14.912131726031333,133.4339164798093,133.4339164798093
2026-09-23T07:38:01.874193+07:00,full_training:iteration_0,6.0,257.0,18.39,40.0,8.8,11.770118713378906,14.917893370998279,133.44648027675942,133.44648027675942
2026-09-23T07:38:02.869120+07:00,full_training:iteration_0,2.0,257.0,19.19,40.0,8.2,11.766990661621094,14.917893370998279,133.44648027675942,133.44648027675942
2026-09-23T07:38:03.873552+07:00,full_training:iteration_0,6.0,257.0,18.63,40.0,8.8,11.766124725341797,14.92233795647368,133.5965997083359,133.5965997083359
2026-09-23T07:38:04.870822+07:00,full_training:iteration_0,6.0,257.0,18.16,40.0,11.1,11.761871337890625,14.925525977534537,133.60761752299845,133.60761752299845
2026-09-23T07:38:05.871969+07:00,full_training:iteration_0,5.0,257.0,18.46,40.0,10.6,11.75390625,14.930591279763894,133.64889598164237,133.64889598164237
2026-09-23T07:38:06.872128+07:00,full_training:iteration_0,6.0,257.0,18.26,40.0,11.8,11.753803253173828,14.937866290504939,133.6055610800216,133.6055610800216
2026-09-23T07:38:07.862905+07:00,full_training:iteration_0,7.0,257.0,18.8,40.0,10.6,11.748348236083984,14.944258910106553,133.64418158241173,133.64418158241173
2026-09-23T07:38:08.874228+07:00,full_training:iteration_0,2.0,257.0,17.73,40.0,10.9,11.761581420898438,14.95210862436575,133.65983601454235,133.65983601454235
2026-09-23T07:38:09.870486+07:00,full_training:iteration_0,5.0,257.0,17.59,40.0,10.2,11.757495880126953,14.956597019211062,133.69358153723127,133.69358153723127
2026-09-23T07:38:10.875320+07:00,full_training:iteration_0,6.0,257.0,18.65,40.0,9.3,11.756977081298828,14.960854419286635,133.765212328741,133.765212328741
2026-09-23T07:38:11.876823+07:00,full_training:iteration_0,5.0,257.0,18.23,40.0,10.1,11.752796173095703,14.970082252730538,133.760210963341,133.760210963341
2026-09-23T07:38:12.872364+07:00,full_training:iteration_0,8.0,257.0,18.67,40.0,9.4,11.746761322021484,14.97703557990154,133.7324468655375,133.7324468655375
2026-09-23T07:38:13.873301+07:00,full_training:iteration_0,7.0,257.0,18.64,41.0,9.2,11.736080169677734,14.979797371667775,133.77224182056344,133.77224182056344
2026-09-23T07:38:14.874283+07:00,full_training:iteration_0,7.0,257.0,18.49,41.0,9.5,11.737071990966797,14.9812386857763,133.83857493750506,133.83857493750506
2026-09-23T07:38:15.869935+07:00,full_training:iteration_0,6.0,257.0,18.45,40.0,8.5,11.735157012939453,14.987475147427613,133.87357320179763,133.87357320179763
2026-09-23T07:38:16.873820+07:00,full_training:iteration_0,5.0,257.0,18.66,40.0,8.8,11.732093811035156,14.99261539454949,133.92259282979884,133.92259282979884
2026-09-23T07:38:17.870627+07:00,full_training:iteration_0,6.0,257.0,19.12,40.0,8.5,11.730236053466797,14.99261539454949,133.92259282979884,133.92259282979884
2026-09-23T07:38:18.877363+07:00,full_training:iteration_0,7.0,257.0,18.74,40.0,9.3,11.730449676513672,14.996181527440323,133.9311871301755,133.9311871301755
2026-09-23T07:38:19.874157+07:00,full_training:iteration_0,2.0,257.0,17.83,40.0,8.8,11.753791809082031,14.998245213207191,133.93696102503026,133.93696102503026
2026-09-23T07:38:20.874612+07:00,full_training:iteration_0,5.0,257.0,18.05,40.0,8.9,11.752361297607422,15.001230896973953,133.97596686901642,133.97596686901642
2026-09-23T07:38:21.870820+07:00,full_training:iteration_0,8.0,257.0,18.08,40.0,8.4,11.751289367675781,15.006411978147298,133.93616215286102,133.93616215286102
2026-09-23T07:38:22.872990+07:00,full_training:iteration_0,8.0,257.0,18.02,40.0,9.5,11.748912811279297,15.009683743047413,133.96732126157107,133.96732126157107
2026-09-23T07:38:23.869019+07:00,full_training:iteration_0,6.0,257.0,18.25,40.0,8.2,11.750064849853516,15.013505155969986,133.95368402530815,133.95368402530815
2026-09-23T07:38:24.873861+07:00,full_training:iteration_0,6.0,257.0,18.46,40.0,8.9,11.745529174804688,15.013505155969986,133.95368402530815,133.95368402530815
2026-09-23T07:38:25.873335+07:00,full_training:iteration_0,6.0,257.0,18.69,40.0,9.5,11.752388000488281,15.016132086630952,134.00004548924593,134.00004548924593
2026-09-23T07:38:26.868567+07:00,full_training:iteration_0,6.0,257.0,19.14,40.0,9.0,11.743152618408203,15.018209706379313,133.9853750679549,133.9853750679549
2026-09-23T07:38:27.873188+07:00,full_training:iteration_0,7.0,257.0,19.25,40.0,8.5,11.74169921875,15.019685855828946,134.137248179167,134.137248179167
2026-09-23T07:38:28.870339+07:00,full_training:iteration_0,7.0,257.0,18.02,40.0,8.7,11.739482879638672,15.023528082212165,134.1369726599796,134.1369726599796
2026-09-23T07:38:29.857124+07:00,full_training:iteration_0,6.0,257.0,18.99,40.0,8.1,11.739864349365234,15.023528082212165,134.1369726599796,134.1369726599796
2026-09-23T07:38:30.875358+07:00,full_training:iteration_0,6.0,257.0,18.64,40.0,9.1,11.737937927246094,15.021288572942055,134.20314967007246,134.20314967007246
2026-09-23T07:38:31.854936+07:00,full_training:iteration_0,2.0,257.0,18.65,40.0,8.8,11.752422332763672,15.02595298143418,134.18176012420722,134.18176012420722
2026-09-23T07:38:32.876719+07:00,full_training:iteration_0,5.0,257.0,18.39,40.0,10.7,11.748054504394531,15.029030038211067,134.30417204542488,134.30417204542488
2026-09-23T07:38:33.872454+07:00,full_training:iteration_0,7.0,257.0,18.44,40.0,11.1,11.750442504882812,15.03179720422263,134.317631203711,134.317631203711
2026-09-23T07:38:34.872451+07:00,full_training:iteration_0,7.0,257.0,18.03,40.0,8.6,11.748271942138672,15.035816485757971,134.31007427736893,134.31007427736893
2026-09-23T07:38:35.870916+07:00,full_training:iteration_0,6.0,257.0,18.23,40.0,9.6,11.744831085205078,15.039457158626488,134.30183737663185,134.30183737663185
2026-09-23T07:38:36.857615+07:00,full_training:iteration_0,6.0,257.0,18.28,40.0,8.7,11.737804412841797,15.039457158626488,134.30183737663185,134.30183737663185
2026-09-23T07:38:37.870795+07:00,full_training:iteration_0,5.0,257.0,18.26,40.0,8.4,11.735233306884766,15.043221793350599,134.30768421466755,134.30768421466755
2026-09-23T07:38:38.878784+07:00,full_training:iteration_0,6.0,257.0,18.86,40.0,9.0,11.731975555419922,15.048545206631637,134.2697458022762,134.2697458022762
2026-09-23T07:38:39.869240+07:00,full_training:iteration_0,5.0,257.0,18.24,40.0,10.0,11.735271453857422,15.048606050278284,134.30175897034556,134.30175897034556
2026-09-23T07:38:40.871362+07:00,full_training:iteration_0,7.0,257.0,18.2,40.0,10.1,11.733650207519531,15.052024589056408,134.26380334757042,134.26380334757042
2026-09-23T07:38:41.870975+07:00,full_training:iteration_0,10.0,257.0,18.9,40.0,10.0,11.732738494873047,15.052675875756856,134.38538340421027,134.38538340421027
2026-09-23T07:38:42.870611+07:00,full_training:iteration_0,5.0,257.0,18.16,40.0,10.4,11.732059478759766,15.052675875756856,134.38538340421027,134.38538340421027
2026-09-23T07:38:43.855284+07:00,full_training:iteration_0,2.0,257.0,18.06,40.0,9.3,11.753376007080078,15.05432359174937,134.3891812294657,134.3891812294657
2026-09-23T07:38:44.874882+07:00,full_training:iteration_0,6.0,257.0,17.88,40.0,10.0,11.751739501953125,15.06234263092224,134.38871860042804,134.38871860042804
2026-09-23T07:38:45.853193+07:00,full_training:iteration_0,8.0,257.0,19.03,40.0,10.5,11.751712799072266,15.066671006685745,134.3453314915406,134.3453314915406
2026-09-23T07:38:46.858580+07:00,full_training:iteration_0,5.0,257.0,17.93,40.0,11.1,11.745750427246094,15.069339955414122,134.44239972026713,134.44239972026713
2026-09-23T07:38:47.863340+07:00,full_training:iteration_0,6.0,257.0,18.24,40.0,10.9,11.744590759277344,15.071537201665755,134.4297387626354,134.4297387626354
2026-09-23T07:38:48.874563+07:00,full_training:iteration_0,7.0,257.0,18.24,40.0,9.1,11.745132446289062,15.076166441106666,134.4274615602105,134.4274615602105
2026-09-23T07:38:49.874402+07:00,full_training:iteration_0,6.0,257.0,18.15,40.0,9.5,11.741340637207031,15.08432331679061,134.3909439530072,134.3909439530072
2026-09-23T07:38:50.860852+07:00,full_training:iteration_0,8.0,257.0,18.84,40.0,9.5,11.739337921142578,15.086535936110941,134.42432036607795,134.42432036607795
2026-09-23T07:38:51.873108+07:00,full_training:iteration_0,7.0,257.0,18.33,40.0,8.7,11.73880386352539,15.092075272317441,134.4292534143185,134.4292534143185
2026-09-23T07:38:52.859570+07:00,full_training:iteration_0,6.0,257.0,18.52,40.0,9.3,11.740982055664062,15.096368910915153,134.46353430785578,134.46353430785578
2026-09-23T07:38:53.853561+07:00,full_training:iteration_0,5.0,257.0,17.67,40.0,8.7,11.746780395507812,15.102280867341333,134.41785085977153,134.41785085977153
2026-09-23T07:38:54.876060+07:00,full_training:iteration_0,2.0,257.0,17.6,40.0,10.8,11.75515365600586,15.102280867341333,134.41785085977153,134.41785085977153
2026-09-23T07:38:55.872669+07:00,full_training:iteration_0,7.0,257.0,18.22,40.0,11.0,11.753238677978516,15.106184124907449,134.47268730158876,134.47268730158876
2026-09-23T07:38:56.869788+07:00,full_training:iteration_0,6.0,257.0,18.58,40.0,10.1,11.748428344726562,15.109115422628133,134.4999901895233,134.4999901895233
2026-09-23T07:38:57.875234+07:00,full_training:iteration_0,5.0,257.0,18.39,40.0,12.5,11.742420196533203,15.110581950729957,134.54682688202203,134.54682688202203
2026-09-23T07:38:58.876307+07:00,full_training:iteration_0,8.0,257.0,18.14,40.0,13.5,11.73974609375,15.11337189016662,134.5015031808156,134.5015031808156
2026-09-23T07:38:59.875595+07:00,full_training:iteration_0,5.0,257.0,18.01,40.0,9.7,11.739994049072266,15.120070371330344,134.5398856752086,134.5398856752086
2026-09-23T07:39:00.872259+07:00,full_training:iteration_0,7.0,257.0,18.11,40.0,9.5,11.739234924316406,15.124089921478776,134.54699863974295,134.54699863974295
2026-09-23T07:39:01.872819+07:00,full_training:iteration_0,6.0,257.0,18.23,40.0,10.7,11.735740661621094,15.131544711645274,134.5386273620256,134.5386273620256
2026-09-23T07:39:02.862504+07:00,full_training:iteration_0,7.0,257.0,18.02,40.0,9.8,11.734046936035156,15.135308522423268,134.51256513308246,134.51256513308246
2026-09-23T07:39:03.874419+07:00,full_training:iteration_0,7.0,257.0,18.32,40.0,8.3,11.734066009521484,15.141555982744938,134.50873212914632,134.50873212914632
2026-09-23T07:39:04.875864+07:00,full_training:iteration_0,6.0,257.0,17.75,40.0,8.4,11.753257751464844,15.145985200334872,134.47276056923542,134.47276056923542
2026-09-23T07:39:05.875477+07:00,full_training:iteration_0,4.0,257.0,17.39,40.0,9.2,11.754737854003906,15.153588659674913,134.5110405485759,134.5110405485759
2026-09-23T07:39:06.876928+07:00,full_training:iteration_0,6.0,257.0,17.96,41.0,8.6,11.754608154296875,15.15751137851072,134.51672169041888,134.51672169041888
2026-09-23T07:39:07.870277+07:00,full_training:iteration_0,9.0,257.0,18.76,40.0,8.3,11.753242492675781,15.163286558766078,134.57478661388413,134.57478661388413
2026-09-23T07:39:08.871348+07:00,full_training:iteration_0,5.0,257.0,18.04,40.0,8.3,11.748497009277344,15.163286558766078,134.57478661388413,134.57478661388413
2026-09-23T07:39:09.871326+07:00,full_training:iteration_0,8.0,257.0,18.68,40.0,8.6,11.744979858398438,15.16684677550699,134.54648104099388,134.54648104099388
2026-09-23T07:39:10.875144+07:00,full_training:iteration_0,5.0,257.0,18.02,40.0,11.3,11.74508285522461,15.173584022955447,134.58352216002825,134.58352216002825
2026-09-23T07:39:11.870666+07:00,full_training:iteration_0,8.0,257.0,19.02,40.0,10.7,11.742107391357422,15.177400372857978,134.5429729643619,134.5429729643619
2026-09-23T07:39:12.868863+07:00,full_training:iteration_0,6.0,257.0,17.68,40.0,10.2,11.740280151367188,15.179317309461481,134.69122426532445,134.69122426532445
2026-09-23T07:39:13.873797+07:00,full_training:iteration_0,8.0,257.0,18.47,40.0,10.0,11.738155364990234,15.186212663303799,134.65354293059195,134.65354293059195
2026-09-23T07:39:14.870208+07:00,full_training:iteration_0,5.0,257.0,18.44,40.0,11.1,11.738231658935547,15.192775293417787,134.7309548577107,134.7309548577107
2026-09-23T07:39:15.873308+07:00,full_training:iteration_0,3.0,257.0,17.97,40.0,11.5,11.750442504882812,15.195998324627533,134.7382603062761,134.7382603062761
2026-09-23T07:39:16.868812+07:00,full_training:iteration_0,7.0,257.0,18.17,40.0,8.3,11.748180389404297,15.20458356642001,134.7515400085789,134.7515400085789
2026-09-23T07:39:17.855821+07:00,full_training:iteration_0,8.0,257.0,18.41,40.0,8.8,11.744007110595703,15.21188625047522,134.7621492057775,134.7621492057775
2026-09-23T07:39:18.868551+07:00,full_training:iteration_0,2.0,257.0,19.14,40.0,9.2,11.743263244628906,15.213084667365516,134.8690014868804,134.8690014868804
2026-09-23T07:39:19.878194+07:00,full_training:iteration_0,7.0,257.0,18.49,40.0,9.3,11.740108489990234,15.216507287513336,134.85995364983876,134.85995364983876
2026-09-23T07:39:20.872504+07:00,full_training:iteration_0,8.0,257.0,18.72,40.0,9.2,11.737529754638672,15.219842099673894,134.92450900729307,134.92450900729307
2026-09-23T07:39:21.868718+07:00,full_training:iteration_0,7.0,257.0,18.79,41.0,8.3,11.737377166748047,15.224528663154397,134.94258548553566,134.94258548553566
2026-09-23T07:39:22.853069+07:00,full_training:iteration_0,8.0,257.0,19.17,40.0,10.4,11.733562469482422,15.227064628971952,135.05944899697243,135.05944899697243
2026-09-23T07:39:23.868836+07:00,full_training:iteration_0,6.0,257.0,18.49,40.0,9.4,11.732528686523438,15.23202619641855,135.0678093630509,135.0678093630509
2026-09-23T07:39:24.870999+07:00,full_training:iteration_0,8.0,257.0,18.59,40.0,10.2,11.730884552001953,15.238443464161504,135.13519498106973,135.13519498106973
2026-09-23T07:39:25.872774+07:00,full_training:iteration_0,6.0,257.0,18.16,40.0,9.3,11.730945587158203,15.238443464161504,135.13519498106973,135.13519498106973
2026-09-23T07:39:26.873259+07:00,full_training:iteration_0,2.0,257.0,18.1,40.0,10.0,11.75070571899414,15.240148916244697,135.22003556282348,135.22003556282348
2026-09-23T07:39:27.870522+07:00,full_training:iteration_0,6.0,257.0,17.92,40.0,10.2,11.751216888427734,15.246765972077927,135.2274576271539,135.2274576271539
2026-09-23T07:39:28.859053+07:00,full_training:iteration_0,7.0,257.0,19.12,40.0,9.8,11.752899169921875,15.251617925629061,135.23382770970952,135.23382770970952
2026-09-23T07:39:29.873281+07:00,full_training:iteration_0,5.0,257.0,18.22,40.0,9.9,11.75394058227539,15.255496778962765,135.3111953641176,135.3111953641176
2026-09-23T07:39:30.855791+07:00,full_training:iteration_0,8.0,257.0,18.51,40.0,9.5,11.767562866210938,15.261746829115975,135.27829440943697,135.27829440943697
2026-09-23T07:39:31.869136+07:00,full_training:iteration_0,5.0,257.0,18.41,40.0,8.7,11.74835205078125,15.26173099195924,135.369150476475,135.369150476475
2026-09-23T07:39:32.852844+07:00,full_training:iteration_0,6.0,257.0,18.13,40.0,10.2,11.746551513671875,15.26803819029135,135.3862078269923,135.3862078269923
2026-09-23T07:39:33.871147+07:00,full_training:iteration_0,6.0,257.0,18.65,40.0,9.5,11.745880126953125,15.274458068114798,135.40315513191624,135.40315513191624
2026-09-23T07:39:34.874076+07:00,full_training:iteration_0,6.0,257.0,18.81,40.0,8.5,11.744022369384766,15.27968064686065,135.3928191236635,135.3928191236635
2026-09-23T07:39:35.872530+07:00,full_training:iteration_0,10.0,257.0,19.52,40.0,9.5,11.741836547851562,15.281828825255225,135.55986607454687,135.55986607454687
2026-09-23T07:39:36.870313+07:00,full_training:iteration_0,6.0,257.0,17.84,40.0,12.4,11.747085571289062,15.289089089830627,135.52463572041194,135.52463572041194
2026-09-23T07:39:37.870950+07:00,full_training:iteration_0,5.0,257.0,17.52,40.0,9.6,11.744430541992188,15.293976728161233,135.5580792216038,135.5580792216038
2026-09-23T07:39:38.875140+07:00,full_training:iteration_0,7.0,257.0,18.22,40.0,8.6,11.740550994873047,15.299087970717581,135.5554004022295,135.5554004022295
2026-09-23T07:39:39.871940+07:00,full_training:iteration_0,7.0,257.0,18.61,40.0,8.6,11.735973358154297,15.30427021430558,135.59154985514158,135.59154985514158
2026-09-23T07:39:40.874883+07:00,full_training:iteration_0,3.0,257.0,19.29,40.0,8.7,11.731136322021484,15.306945915232513,135.65186603635868,135.65186603635868
2026-09-23T07:39:41.868834+07:00,full_training:iteration_0,6.0,257.0,18.81,40.0,7.8,11.729202270507812,15.31265721447587,135.68201319716664,135.68201319716664
2026-09-23T07:39:42.872092+07:00,full_training:iteration_0,6.0,257.0,18.79,40.0,8.8,11.726581573486328,15.31265721447587,135.68201319716664,135.68201319716664
2026-09-23T07:39:43.870954+07:00,full_training:iteration_0,6.0,257.0,18.24,40.0,9.6,11.723945617675781,15.314918721374058,135.73143058124288,135.73143058124288
2026-09-23T07:39:44.868959+07:00,full_training:iteration_0,5.0,257.0,18.38,40.0,8.0,11.72406005859375,15.319023152227913,135.77460945176716,135.77460945176716
2026-09-23T07:39:45.853397+07:00,full_training:iteration_0,7.0,257.0,18.85,40.0,9.6,11.721904754638672,15.323452212563796,135.78754212188863,135.78754212188863
2026-09-23T07:39:46.873911+07:00,full_training:iteration_0,6.0,257.0,19.7,40.0,9.2,11.720699310302734,15.322731940958077,135.96976792692544,135.96976792692544
2026-09-23T07:39:47.868958+07:00,full_training:iteration_0,9.0,257.0,18.36,40.0,9.4,11.737361907958984,15.324916653106685,136.01099297580691,136.01099297580691
2026-09-23T07:39:48.869650+07:00,full_training:iteration_0,4.0,257.0,18.09,40.0,8.4,11.745380401611328,15.32889598519876,136.0881019146793,136.0881019146793
2026-09-23T07:39:49.874979+07:00,full_training:iteration_0,5.0,257.0,18.64,40.0,8.2,11.745841979980469,15.32889598519876,136.0881019146793,136.0881019146793
2026-09-23T07:39:50.870405+07:00,full_training:iteration_0,10.0,257.0,18.57,40.0,8.9,11.74343490600586,15.331729100605767,136.13376180319315,136.13376180319315
2026-09-23T07:39:51.871093+07:00,full_training:iteration_0,5.0,257.0,18.93,40.0,8.3,11.739105224609375,15.333079284954588,136.2847761467698,136.2847761467698
2026-09-23T07:39:52.871292+07:00,full_training:iteration_0,6.0,257.0,18.48,40.0,9.7,11.739116668701172,15.339392975942973,136.29074113854654,136.29074113854654
2026-09-23T07:39:53.869138+07:00,full_training:iteration_0,5.0,257.0,18.59,40.0,8.0,11.735797882080078,15.343219173870299,136.2887795976389,136.2887795976389
2026-09-23T07:39:54.872303+07:00,full_training:iteration_0,6.0,257.0,18.38,40.0,9.5,11.733890533447266,15.346629706575264,136.33702531094409,136.33702531094409
2026-09-23T07:39:55.871980+07:00,full_training:iteration_0,5.0,257.0,18.13,40.0,9.1,11.73394775390625,15.352327694119039,136.32493115295355,136.32493115295355
2026-09-23T07:39:56.875436+07:00,full_training:iteration_0,6.0,257.0,17.88,40.0,9.6,11.731910705566406,15.354350715429957,136.33286677410905,136.33286677410905
2026-09-23T07:39:57.873474+07:00,full_training:iteration_0,5.0,257.0,17.94,40.0,9.4,11.731918334960938,15.359792672356173,136.33156191069156,136.33156191069156
2026-09-23T07:39:58.870891+07:00,full_training:iteration_0,8.0,257.0,18.1,40.0,8.2,11.73636245727539,15.362790281368545,136.3389445084029,136.3389445084029
2026-09-23T07:39:59.870932+07:00,full_training:iteration_0,6.0,257.0,17.93,40.0,7.9,11.74410629272461,15.369392612041176,136.34581140355257,136.34581140355257
2026-09-23T07:40:00.869463+07:00,full_training:iteration_0,8.0,257.0,17.89,40.0,10.9,11.744125366210938,15.374462481549823,136.30784772917255,136.30784772917255
2026-09-23T07:40:01.869046+07:00,full_training:iteration_0,6.0,257.0,18.59,40.0,9.9,11.739383697509766,15.376009596707313,136.3698986879012,136.3698986879012
2026-09-23T07:40:02.874268+07:00,full_training:iteration_0,6.0,257.0,18.23,40.0,14.1,11.749465942382812,15.376009596707313,136.3698986879012,136.3698986879012
2026-09-23T07:40:03.873912+07:00,full_training:iteration_0,7.0,257.0,18.55,40.0,16.0,11.752422332763672,15.37607989680022,136.38513398221298,136.38513398221298
2026-09-23T07:40:04.873433+07:00,full_training:iteration_0,5.0,257.0,18.49,40.0,12.2,11.744571685791016,15.376637524394035,136.44626947304207,136.44626947304207
2026-09-23T07:40:05.877640+07:00,full_training:iteration_0,6.0,257.0,18.71,40.0,9.7,11.742568969726562,15.379556139472756,136.4843237671664,136.4843237671664
2026-09-23T07:40:06.869764+07:00,full_training:iteration_0,9.0,257.0,18.62,40.0,9.6,11.742012023925781,15.38143933115044,136.50508542250662,136.50508542250662
2026-09-23T07:40:07.860086+07:00,full_training:iteration_0,5.0,257.0,17.56,40.0,11.0,11.74197769165039,15.384521141138965,136.47083603882194,136.47083603882194
2026-09-23T07:40:08.871335+07:00,full_training:iteration_0,6.0,257.0,18.43,40.0,9.8,11.739734649658203,15.384521141138965,136.47083603882194,136.47083603882194
2026-09-23T07:40:09.873004+07:00,full_training:iteration_0,6.0,257.0,17.68,40.0,8.0,11.73989486694336,15.385390654753488,136.51027072947457,136.51027072947457
2026-09-23T07:40:10.872314+07:00,full_training:iteration_0,2.0,257.0,17.55,40.0,9.8,11.76205825805664,15.39272140024194,136.4725571608764,136.4725571608764
2026-09-23T07:40:11.877468+07:00,full_training:iteration_0,5.0,257.0,17.84,40.0,10.3,11.758186340332031,15.397070605092834,136.50042333082786,136.50042333082786
2026-09-23T07:40:12.869631+07:00,full_training:iteration_0,6.0,257.0,18.07,40.0,8.6,11.768013000488281,15.400166736002774,136.46220662877815,136.46220662877815
2026-09-23T07:40:13.869012+07:00,full_training:iteration_0,6.0,257.0,18.06,40.0,9.3,11.762264251708984,15.405550435941606,136.44670841164773,136.44670841164773
2026-09-23T07:40:14.876453+07:00,full_training:iteration_0,6.0,257.0,18.22,41.0,10.1,11.760208129882812,15.40677537762843,136.41853824354408,136.41853824354408
2026-09-23T07:40:15.869024+07:00,full_training:iteration_0,8.0,257.0,18.49,40.0,8.8,11.756702423095703,15.408019653748532,136.52076080615782,136.52076080615782
2026-09-23T07:40:16.874244+07:00,full_training:iteration_0,7.0,257.0,17.72,40.0,9.8,11.753318786621094,15.412419159031959,136.49338724759858,136.49338724759858
2026-09-23T07:40:17.869250+07:00,full_training:iteration_0,5.0,257.0,19.44,40.0,12.3,11.750503540039062,15.414914789448105,136.64855187207363,136.64855187207363
2026-09-23T07:40:18.871548+07:00,full_training:iteration_0,5.0,257.0,18.46,40.0,12.1,11.750186920166016,15.414914789448105,136.64855187207363,136.64855187207363
2026-09-23T07:40:19.870482+07:00,full_training:iteration_0,8.0,257.0,18.66,40.0,12.2,11.748897552490234,15.417714241653643,136.65484196092254,136.65484196092254
2026-09-23T07:40:20.868930+07:00,full_training:iteration_0,5.0,257.0,17.49,40.0,11.5,11.74703598022461,15.42027240530689,136.67493871814128,136.67493871814128
2026-09-23T07:40:21.873648+07:00,full_training:iteration_0,2.0,257.0,17.73,40.0,11.3,11.75356674194336,15.420595791530832,136.65482539640348,136.65482539640348
2026-09-23T07:40:22.859410+07:00,full_training:iteration_0,6.0,257.0,18.23,40.0,11.0,11.753974914550781,15.421950281798816,136.77639385388312,136.77639385388312
2026-09-23T07:40:23.875392+07:00,full_training:iteration_0,7.0,257.0,17.84,40.0,8.9,11.750049591064453,15.427706037740315,136.7387898626523,136.7387898626523
2026-09-23T07:40:24.874472+07:00,full_training:iteration_0,6.0,257.0,18.54,40.0,9.5,11.747123718261719,15.42874892908464,136.75564149602562,136.75564149602562
2026-09-23T07:40:25.869088+07:00,full_training:iteration_0,6.0,257.0,18.34,40.0,9.4,11.746387481689453,15.42874892908464,136.75564149602562,136.75564149602562
2026-09-23T07:40:26.871021+07:00,full_training:iteration_0,6.0,257.0,18.19,40.0,9.7,11.742610931396484,15.429835552654831,136.75368505713706,136.75368505713706
2026-09-23T07:40:27.869358+07:00,full_training:iteration_0,6.0,257.0,18.9,41.0,9.5,11.741230010986328,15.43420741169059,136.82030565894794,136.82030565894794
2026-09-23T07:40:28.872573+07:00,full_training:iteration_0,6.0,257.0,18.03,40.0,9.4,11.73965835571289,15.435781724521345,136.87780699347232,136.87780699347232
2026-09-23T07:40:29.871113+07:00,full_training:iteration_0,5.0,257.0,18.2,40.0,8.9,11.739570617675781,15.438581212320745,136.8595392156544,136.8595392156544
2026-09-23T07:40:30.875492+07:00,full_training:iteration_0,7.0,257.0,18.82,40.0,8.8,11.737102508544922,15.441241810782898,136.895137245451,136.895137245451
2026-09-23T07:40:31.868918+07:00,full_training:iteration_0,6.0,257.0,18.7,40.0,8.7,11.735836029052734,15.441241810782898,136.895137245451,136.895137245451
2026-09-23T07:40:32.871464+07:00,full_training:iteration_0,5.0,257.0,18.04,40.0,9.1,11.729007720947266,15.446908298753073,136.8786363270304,136.8786363270304
2026-09-23T07:40:33.871495+07:00,full_training:iteration_0,3.0,257.0,17.97,40.0,8.4,11.750972747802734,15.446908298753073,136.8786363270304,136.8786363270304
2026-09-23T07:40:34.872758+07:00,full_training:iteration_0,6.0,257.0,17.96,40.0,9.2,11.75155258178711,15.450517388190038,136.98191704090974,136.98191704090974
2026-09-23T07:40:35.875898+07:00,full_training:iteration_0,6.0,257.0,18.46,40.0,8.9,11.749641418457031,15.454308336893128,136.9504079464059,136.9504079464059
2026-09-23T07:40:36.873582+07:00,full_training:iteration_0,6.0,257.0,18.21,40.0,9.2,11.747509002685547,15.457010455763772,136.9696327673878,136.9696327673878
2026-09-23T07:40:37.871099+07:00,full_training:iteration_0,6.0,257.0,18.55,40.0,9.2,11.748241424560547,15.460518772398023,136.93363654789272,136.93363654789272
2026-09-23T07:40:38.874898+07:00,full_training:iteration_0,8.0,257.0,18.95,41.0,9.4,11.743873596191406,15.4604911200869,136.98662491725918,136.98662491725918
2026-09-23T07:40:39.875085+07:00,full_training:iteration_0,7.0,257.0,18.06,40.0,8.7,11.73870849609375,15.463298787682426,136.98460944004907,136.98460944004907
2026-09-23T07:40:40.875545+07:00,full_training:iteration_0,6.0,257.0,18.11,40.0,8.9,11.740703582763672,15.465589217483663,137.00026901794746,137.00026901794746
2026-09-23T07:40:41.871061+07:00,full_training:iteration_0,5.0,257.0,18.83,40.0,9.0,11.738239288330078,15.465589217483663,137.00026901794746,137.00026901794746
2026-09-23T07:40:42.854663+07:00,full_training:iteration_0,6.0,257.0,19.36,40.0,9.3,11.73712158203125,15.466666695740159,137.0761034095315,137.0761034095315
2026-09-23T07:40:43.869634+07:00,full_training:iteration_0,6.0,257.0,18.97,40.0,9.7,11.734851837158203,15.469660167395574,137.17870538568397,137.17870538568397
2026-09-23T07:40:44.870858+07:00,full_training:iteration_0,2.0,257.0,18.07,40.0,9.1,11.750633239746094,15.47166264636141,137.21265041677708,137.21265041677708
2026-09-23T07:40:45.873733+07:00,full_training:iteration_0,6.0,257.0,17.51,40.0,9.1,11.747329711914062,15.47494695813592,137.2126680641792,137.2126680641792
2026-09-23T07:40:46.873146+07:00,full_training:iteration_0,7.0,257.0,18.25,40.0,9.5,11.743511199951172,15.479390444308736,137.2120070488287,137.2120070488287
2026-09-23T07:40:47.868776+07:00,full_training:iteration_0,7.0,257.0,18.34,40.0,8.8,11.739814758300781,15.480922317541852,137.23298114448534,137.23298114448534
2026-09-23T07:40:48.869153+07:00,full_training:iteration_0,7.0,257.0,18.75,41.0,8.9,11.74057388305664,15.48612994620784,137.2755230622263,137.2755230622263
2026-09-23T07:40:49.872309+07:00,full_training:iteration_0,6.0,257.0,18.93,40.0,9.3,11.73739242553711,15.48612994620784,137.2755230622263,137.2755230622263
2026-09-23T07:40:50.876448+07:00,full_training:iteration_0,5.0,257.0,18.59,40.0,9.9,11.736309051513672,15.48727473100785,137.33697843911818,137.33697843911818
2026-09-23T07:40:51.866331+07:00,full_training:iteration_0,6.0,257.0,18.29,40.0,10.0,11.738780975341797,15.490523265163912,137.3368729088392,137.3368729088392
2026-09-23T07:40:52.876422+07:00,full_training:iteration_0,6.0,257.0,17.9,40.0,9.1,11.738189697265625,15.49441003002824,137.3205786232708,137.3205786232708
2026-09-23T07:40:53.869711+07:00,full_training:iteration_0,7.0,257.0,18.19,40.0,8.3,11.735942840576172,15.49953877099826,137.28256734329517,137.28256734329517
2026-09-23T07:40:54.871537+07:00,full_training:iteration_0,6.0,257.0,18.05,40.0,9.6,11.733463287353516,15.503351754294702,137.30524894662202,137.30524894662202
2026-09-23T07:40:55.869888+07:00,full_training:iteration_0,2.0,257.0,17.9,40.0,10.5,11.753429412841797,15.505552830454201,137.27437180516762,137.27437180516762
2026-09-23T07:40:56.870650+07:00,full_training:iteration_0,6.0,257.0,18.64,40.0,10.2,11.751506805419922,15.510919801036335,137.32290699238175,137.32290699238175
2026-09-23T07:40:57.872658+07:00,full_training:iteration_0,6.0,257.0,18.74,40.0,10.2,11.750877380371094,15.514865034991638,137.35013664123497,137.35013664123497
2026-09-23T07:40:58.874142+07:00,full_training:iteration_0,5.0,257.0,18.77,40.0,11.0,11.747879028320312,15.51810252780503,137.39505980017896,137.39505980017896
2026-09-23T07:40:59.875764+07:00,full_training:iteration_0,6.0,257.0,18.0,40.0,10.2,11.747604370117188,15.524036316582956,137.36163058442037,137.36163058442037
2026-09-23T07:41:00.869319+07:00,full_training:iteration_0,5.0,257.0,18.13,40.0,11.6,11.746467590332031,15.531107058831847,137.3558075186256,137.3558075186256
2026-09-23T07:41:01.870900+07:00,full_training:iteration_0,6.0,257.0,18.88,40.0,10.1,11.742424011230469,15.533595495618293,137.3833707765403,137.3833707765403
2026-09-23T07:41:02.875795+07:00,full_training:iteration_0,5.0,257.0,18.44,40.0,9.0,11.740779876708984,15.539115466618892,137.36838141369202,137.36838141369202
2026-09-23T07:41:03.874507+07:00,full_training:iteration_0,6.0,257.0,18.67,40.0,9.0,11.740680694580078,15.542672524853653,137.36865084709794,137.36865084709794
2026-09-23T07:41:04.871159+07:00,full_training:iteration_0,5.0,257.0,18.22,40.0,8.6,11.739238739013672,15.547824074350332,137.35929527493846,137.35929527493846
2026-09-23T07:41:05.875429+07:00,full_training:iteration_0,7.0,257.0,17.9,40.0,10.9,11.747600555419922,15.550993554004993,137.35739035607287,137.35739035607287
2026-09-23T07:41:06.869895+07:00,full_training:iteration_0,3.0,257.0,17.96,40.0,9.5,11.75146484375,15.550993554004993,137.35739035607287,137.35739035607287
2026-09-23T07:41:07.869238+07:00,full_training:iteration_0,5.0,257.0,17.86,40.0,9.1,11.751564025878906,15.550648953401407,137.44961948715184,137.44961948715184
2026-09-23T07:41:08.853990+07:00,full_training:iteration_0,6.0,257.0,18.92,40.0,9.7,11.74636459350586,15.552980101008743,137.4456918760198,137.4456918760198
2026-09-23T07:41:09.871300+07:00,full_training:iteration_0,6.0,257.0,18.51,40.0,13.0,11.742733001708984,15.557937950939245,137.44028712247095,137.44028712247095
2026-09-23T07:41:10.872769+07:00,full_training:iteration_0,5.0,257.0,18.43,40.0,13.8,11.746040344238281,15.562062829501354,137.45127510471312,137.45127510471312
2026-09-23T07:41:11.875689+07:00,full_training:iteration_0,6.0,257.0,18.31,40.0,11.4,11.741291046142578,15.563704847373103,137.4371740328994,137.4371740328994
2026-09-23T07:41:12.869675+07:00,full_training:iteration_0,6.0,257.0,17.78,40.0,11.2,11.733623504638672,15.567785767211495,137.44038963490644,137.44038963490644
2026-09-23T07:41:13.868743+07:00,full_training:iteration_0,7.0,257.0,18.56,40.0,12.3,11.733592987060547,15.568687585539717,137.47236797935753,137.47236797935753
2026-09-23T07:41:14.870255+07:00,full_training:iteration_0,7.0,257.0,18.2,40.0,9.0,11.733959197998047,15.57266867228079,137.43094013571758,137.43094013571758
2026-09-23T07:41:15.869854+07:00,full_training:iteration_0,7.0,257.0,18.81,40.0,8.3,11.731658935546875,15.576579526808379,137.4531649752839,137.4531649752839
2026-09-23T07:41:16.871369+07:00,full_training:iteration_0,8.0,257.0,18.14,40.0,8.0,11.745403289794922,15.58126725146199,137.41503784695186,137.41503784695186
2026-09-23T07:41:17.875510+07:00,full_training:iteration_0,2.0,257.0,17.39,40.0,9.1,11.751670837402344,15.584732241854224,137.44412013240193,137.44412013240193
2026-09-23T07:41:18.872160+07:00,full_training:iteration_0,7.0,257.0,17.75,40.0,8.2,11.751724243164062,15.591084382805553,137.41027566561715,137.41027566561715
2026-09-23T07:41:19.876075+07:00,full_training:iteration_0,7.0,257.0,18.33,40.0,8.8,11.751285552978516,15.595242671649212,137.43174629947896,137.43174629947896
2026-09-23T07:41:20.874567+07:00,full_training:iteration_0,6.0,257.0,18.12,40.0,10.0,11.748058319091797,15.598930990553352,137.39810441433997,137.39810441433997
2026-09-23T07:41:21.870491+07:00,full_training:iteration_0,7.0,257.0,18.36,40.0,10.1,11.743598937988281,15.598930990553352,137.39810441433997,137.39810441433997
2026-09-23T07:41:22.871611+07:00,full_training:iteration_0,6.0,257.0,18.6,40.0,10.7,11.743766784667969,15.599047229423498,137.4350342089493,137.4350342089493
2026-09-23T07:41:23.871315+07:00,full_training:iteration_0,7.0,257.0,19.09,40.0,11.8,11.740447998046875,15.604341660729697,137.3955922761899,137.3955922761899
2026-09-23T07:41:24.874749+07:00,full_training:iteration_0,2.0,257.0,19.1,40.0,11.1,11.739383697509766,15.603956124265222,137.54559153499187,137.54559153499187
2026-09-23T07:41:25.875824+07:00,full_training:iteration_0,6.0,257.0,18.73,40.0,11.6,11.738601684570312,15.60786215296994,137.55010116084173,137.55010116084173
2026-09-23T07:41:26.879609+07:00,full_training:iteration_0,7.0,257.0,18.61,40.0,10.1,11.736736297607422,15.608689322283658,137.62893165484783,137.62893165484783
2026-09-23T07:41:27.877302+07:00,full_training:iteration_0,7.0,257.0,18.31,40.0,10.4,11.747451782226562,15.610177121633862,137.62797038624288,137.62797038624288
2026-09-23T07:41:28.870830+07:00,full_training:iteration_0,2.0,257.0,17.89,40.0,12.8,11.75656509399414,15.615210019975269,137.6656724129466,137.6656724129466
2026-09-23T07:41:29.876830+07:00,full_training:iteration_0,6.0,257.0,18.32,40.0,10.5,11.760612487792969,15.615210019975269,137.6656724129466,137.6656724129466
2026-09-23T07:41:30.872873+07:00,full_training:iteration_0,6.0,257.0,18.19,40.0,11.2,11.758403778076172,15.616153283756033,137.67154433696214,137.67154433696214
2026-09-23T07:41:31.874949+07:00,full_training:iteration_0,6.0,257.0,18.45,40.0,9.6,11.763336181640625,15.621068071518684,137.66092518423,137.66092518423
2026-09-23T07:41:32.874338+07:00,full_training:iteration_0,6.0,257.0,18.03,40.0,10.1,11.765090942382812,15.621050778494743,137.68885463407494,137.68885463407494
2026-09-23T07:41:33.870613+07:00,full_training:iteration_0,6.0,257.0,18.05,40.0,10.4,11.762226104736328,15.628229733627302,137.67841070638394,137.67841070638394
2026-09-23T07:41:34.874770+07:00,full_training:iteration_0,7.0,257.0,18.76,40.0,13.8,11.759292602539062,15.631277982736922,137.68411000089165,137.68411000089165
2026-09-23T07:41:35.874681+07:00,full_training:iteration_0,6.0,257.0,18.98,40.0,10.7,11.760749816894531,15.634457527253398,137.73601277255943,137.73601277255943
2026-09-23T07:41:36.875498+07:00,full_training:iteration_0,6.0,257.0,18.25,40.0,9.8,11.763130187988281,15.636795587941531,137.7762658311054,137.7762658311054
2026-09-23T07:41:37.868883+07:00,full_training:iteration_0,8.0,257.0,18.25,40.0,8.1,11.763893127441406,15.638978514798401,137.79944533403108,137.79944533403108
2026-09-23T07:41:38.864933+07:00,full_training:iteration_0,5.0,257.0,18.08,40.0,13.7,11.89407730102539,15.640379651262744,137.84283663448556,137.84283663448556
2026-09-23T07:41:39.869636+07:00,full_training:iteration_0,2.0,257.0,17.45,41.0,9.5,11.893753051757812,15.64458639135165,137.83068095837424,137.83068095837424
2026-09-23T07:41:40.871640+07:00,full_training:iteration_0,5.0,257.0,18.08,40.0,12.4,11.90121841430664,15.64458639135165,137.83068095837424,137.83068095837424
2026-09-23T07:41:41.874365+07:00,full_training:iteration_0,8.0,257.0,19.05,40.0,10.9,11.903266906738281,15.646708704591044,137.79819158687545,137.79819158687545
2026-09-23T07:41:42.869412+07:00,full_training:iteration_0,3.0,257.0,19.46,40.0,10.4,11.892570495605469,15.643209618513058,137.94381676946566,137.94381676946566
2026-09-23T07:41:43.876017+07:00,full_training:iteration_0,7.0,257.0,17.98,40.0,11.6,11.89285659790039,15.645120199725774,137.93953888560608,137.93953888560608
2026-09-23T07:41:44.873345+07:00,full_training:iteration_0,8.0,257.0,19.01,41.0,10.6,11.890697479248047,15.646905705224986,138.00674453900527,138.00674453900527
2026-09-23T07:41:45.872474+07:00,full_training:iteration_0,5.0,257.0,18.31,40.0,10.2,11.88272476196289,15.646905705224986,138.00674453900527,138.00674453900527
2026-09-23T07:41:46.869266+07:00,full_training:iteration_0,8.0,257.0,20.06,40.0,10.8,11.841129302978516,15.647920123148943,138.00803202792048,138.00803202792048
2026-09-23T07:41:47.871929+07:00,full_training:iteration_0,7.0,257.0,19.93,40.0,11.7,11.834999084472656,15.644947251232866,138.21907889236496,138.21907889236496
2026-09-23T07:41:48.868870+07:00,full_training:iteration_0,6.0,257.0,18.64,40.0,11.8,11.836112976074219,15.644427964435296,138.26433983897982,138.26433983897982
2026-09-23T07:41:49.872747+07:00,full_training:iteration_0,6.0,257.0,18.56,40.0,10.9,11.825565338134766,15.64693057954891,138.28052206645614,138.28052206645614
2026-09-23T07:41:50.876604+07:00,full_training:iteration_0,6.0,257.0,18.17,40.0,12.5,11.823822021484375,15.651373557133939,138.28194476853585,138.28194476853585
2026-09-23T07:41:51.871342+07:00,full_training:iteration_0,2.0,257.0,17.62,41.0,11.8,11.841060638427734,15.651373557133939,138.28194476853585,138.28194476853585
2026-09-23T07:41:52.869057+07:00,full_training:iteration_0,6.0,257.0,18.96,40.0,10.4,11.864166259765625,15.655617234882069,138.34443101218554,138.34443101218554
2026-09-23T07:41:53.860042+07:00,full_training:iteration_0,6.0,257.0,18.78,40.0,10.7,11.863964080810547,15.655362007728817,138.38353850296355,138.38353850296355
2026-09-23T07:41:54.869220+07:00,full_training:iteration_0,5.0,257.0,18.92,40.0,11.2,11.862709045410156,15.656841403841362,138.4368477678576,138.4368477678576
2026-09-23T07:41:55.870741+07:00,full_training:iteration_0,5.0,257.0,18.3,40.0,10.3,11.854759216308594,15.660608293694544,138.406775249044,138.406775249044
2026-09-23T07:41:56.875411+07:00,full_training:iteration_0,7.0,257.0,18.53,40.0,10.5,11.853321075439453,15.661907727009147,138.41953102966693,138.41953102966693
2026-09-23T07:41:57.862907+07:00,full_training:iteration_0,6.0,257.0,18.05,40.0,10.8,11.851448059082031,15.664670809179219,138.38386962424977,138.38386962424977
2026-09-23T07:41:58.871082+07:00,full_training:iteration_0,6.0,257.0,19.07,40.0,10.3,11.850460052490234,15.664670809179219,138.38386962424977,138.38386962424977
2026-09-23T07:41:59.858305+07:00,full_training:iteration_0,5.0,257.0,18.38,40.0,9.3,11.851924896240234,15.664853835151439,138.45422930452003,138.45422930452003
2026-09-23T07:42:00.871956+07:00,full_training:iteration_0,6.0,257.0,18.59,40.0,11.6,11.852027893066406,15.66663617496556,138.44879737979494,138.44879737979494
2026-09-23T07:42:01.863471+07:00,full_training:iteration_0,7.0,257.0,18.29,40.0,10.2,11.855953216552734,15.67333366494582,138.443025035775,138.443025035775
2026-09-23T07:42:02.869139+07:00,full_training:iteration_0,2.0,257.0,17.49,40.0,10.6,11.881416320800781,15.676630655406331,138.44195405874063,138.44195405874063
2026-09-23T07:42:03.879042+07:00,full_training:iteration_0,7.0,257.0,18.08,40.0,9.3,11.877376556396484,15.682180157822474,138.44049650867328,138.44049650867328
2026-09-23T07:42:04.873299+07:00,full_training:iteration_0,6.0,257.0,18.37,40.0,10.5,11.878288269042969,15.685109077355834,138.44445273129085,138.44445273129085
2026-09-23T07:42:05.871634+07:00,full_training:iteration_0,5.0,257.0,18.31,40.0,9.7,11.866767883300781,15.688630332967293,138.42628558148354,138.42628558148354
2026-09-23T07:42:06.861081+07:00,full_training:iteration_0,6.0,257.0,19.0,40.0,10.8,11.878921508789062,15.694294236110252,138.39062387101328,138.39062387101328
2026-09-23T07:42:07.864540+07:00,full_training:iteration_0,5.0,257.0,18.96,40.0,10.9,11.894611358642578,15.69641276502603,138.48286745918128,138.48286745918128
2026-09-23T07:42:08.875889+07:00,full_training:iteration_0,6.0,257.0,18.02,40.0,8.7,11.89150619506836,15.702009049657192,138.44983430414553,138.44983430414553
2026-09-23T07:42:09.854251+07:00,full_training:iteration_0,8.0,257.0,18.71,40.0,8.2,11.891845703125,15.709393435857516,138.4428205302887,138.4428205302887
2026-09-23T07:42:10.870950+07:00,full_training:iteration_0,8.0,257.0,19.05,40.0,8.1,11.892688751220703,15.70934370677113,138.53904640941823,138.53904640941823
2026-09-23T07:42:11.864583+07:00,full_training:iteration_0,5.0,257.0,18.29,40.0,12.1,11.893512725830078,15.70934370677113,138.53904640941823,138.53904640941823
2026-09-23T07:42:12.875563+07:00,full_training:iteration_0,3.0,257.0,16.82,40.0,11.9,11.881290435791016,15.702395211859036,138.59631450282458,138.59631450282458
2026-09-23T07:42:13.872864+07:00,full_training:iteration_0,3.0,257.0,15.87,40.0,11.7,11.855655670166016,15.692853255278495,138.43510856271828,138.43510856271828
2026-09-23T07:42:14.879138+07:00,full_training:iteration_0,1.0,257.0,15.44,40.0,12.3,11.856300354003906,15.692853255278495,138.43510856271828,138.43510856271828
2026-09-23T07:42:15.883789+07:00,full_training:iteration_0,3.0,257.0,16.36,40.0,11.0,11.85567855834961,15.692853255278495,138.43510856271828,138.43510856271828
2026-09-23T07:42:16.872764+07:00,full_training:iteration_0,3.0,257.0,16.41,40.0,11.5,11.842742919921875,15.679093185169723,138.39158626372276,138.39158626372276
2026-09-23T07:42:17.871365+07:00,full_training:iteration_0,3.0,257.0,16.54,40.0,11.9,11.842586517333984,15.671961894319706,138.2840208017844,138.2840208017844
2026-09-23T07:42:18.853798+07:00,full_training:iteration_0,5.0,257.0,17.41,40.0,15.0,11.815048217773438,15.671961894319706,138.2840208017844,138.2840208017844
2026-09-23T07:42:19.875815+07:00,full_training:iteration_0,4.0,257.0,16.17,40.0,12.2,11.807788848876953,15.671961894319706,138.2840208017844,138.2840208017844
2026-09-23T07:42:20.881155+07:00,full_training:iteration_0,5.0,257.0,17.25,40.0,9.1,11.806541442871094,15.653522187440707,138.2148033142913,138.2148033142913
2026-09-23T07:42:21.875090+07:00,full_training:iteration_0,3.0,257.0,15.88,40.0,9.1,11.806167602539062,15.653522187440707,138.2148033142913,138.2148033142913
2026-09-23T07:42:22.872544+07:00,full_training:iteration_0,5.0,257.0,17.02,40.0,8.7,11.803695678710938,15.63789041847404,138.11309021698835,138.11309021698835
2026-09-23T07:42:23.872215+07:00,full_training:iteration_0,3.0,257.0,16.36,40.0,8.0,11.8076171875,15.63789041847404,138.11309021698835,138.11309021698835
2026-09-23T07:42:24.879625+07:00,full_training:iteration_0,4.0,257.0,17.19,40.0,10.9,11.807315826416016,15.63789041847404,138.11309021698835,138.11309021698835
2026-09-23T07:42:25.853976+07:00,full_training:iteration_0,4.0,257.0,16.83,40.0,7.9,11.804405212402344,15.620565105787133,138.02709404845498,138.02709404845498
2026-09-23T07:42:26.882361+07:00,full_training:iteration_0,4.0,257.0,16.18,40.0,8.9,11.839977264404297,15.612516056307982,137.91453114778318,137.91453114778318
2026-09-23T07:42:27.869552+07:00,full_training:iteration_0,3.0,257.0,16.44,40.0,10.9,11.842178344726562,15.612516056307982,137.91453114778318,137.91453114778318
2026-09-23T07:42:28.876458+07:00,full_training:iteration_0,4.0,257.0,17.16,40.0,12.3,11.849773406982422,15.612516056307982,137.91453114778318,137.91453114778318
2026-09-23T07:42:29.883151+07:00,full_training:iteration_0,3.0,257.0,16.24,40.0,10.0,11.850467681884766,15.597609876446365,137.85651194166684,137.85651194166684
2026-09-23T07:42:30.870531+07:00,full_training:iteration_0,3.0,257.0,16.07,40.0,11.3,11.84378433227539,15.597609876446365,137.85651194166684,137.85651194166684
2026-09-23T07:42:31.870969+07:00,full_training:iteration_0,3.0,257.0,17.13,40.0,11.6,11.843406677246094,15.587134739980756,137.72361038560027,137.72361038560027
2026-09-23T07:42:32.873983+07:00,full_training:iteration_0,3.0,257.0,17.2,40.0,11.9,11.858440399169922,15.587134739980756,137.72361038560027,137.72361038560027
2026-09-23T07:42:33.871558+07:00,full_training:iteration_0,3.0,257.0,16.28,40.0,11.9,11.855838775634766,15.575871827608712,137.65102697840132,137.65102697840132
2026-09-23T07:42:34.878020+07:00,full_training:iteration_0,3.0,257.0,15.79,40.0,11.0,11.855865478515625,15.575871827608712,137.65102697840132,137.65102697840132
2026-09-23T07:42:35.875354+07:00,full_training:iteration_0,1.0,257.0,15.88,40.0,11.7,11.886642456054688,15.563533502068273,137.49002801804983,137.49002801804983
2026-09-23T07:42:36.886731+07:00,full_training:iteration_0,1.0,257.0,15.92,40.0,9.3,11.889469146728516,15.563533502068273,137.49002801804983,137.49002801804983
2026-09-23T07:42:37.877712+07:00,full_training:iteration_0,3.0,257.0,16.87,40.0,10.9,11.884342193603516,15.554436778600547,137.3578686018225,137.3578686018225
2026-09-23T07:42:38.877315+07:00,full_training:iteration_0,3.0,257.0,16.17,40.0,9.8,11.867870330810547,15.554436778600547,137.3578686018225,137.3578686018225
2026-09-23T07:42:39.883848+07:00,full_training:iteration_0,5.0,257.0,16.84,40.0,10.2,11.888858795166016,15.544077730053123,137.23634636806815,137.23634636806815
2026-09-23T07:42:40.875613+07:00,full_training:iteration_0,3.0,257.0,16.18,40.0,9.8,11.89215087890625,15.534716048500558,137.1364769557671,137.1364769557671
2026-09-23T07:42:41.853866+07:00,full_training:iteration_0,3.0,257.0,15.86,40.0,8.9,11.893726348876953,15.534716048500558,137.1364769557671,137.1364769557671
2026-09-23T07:42:42.869827+07:00,full_training:iteration_0,4.0,257.0,16.29,40.0,10.0,11.895755767822266,15.534716048500558,137.1364769557671,137.1364769557671
2026-09-23T07:42:43.870603+07:00,full_training:iteration_0,5.0,257.0,17.04,40.0,9.7,11.901466369628906,15.521437584725886,136.9747318442003,136.9747318442003
2026-09-23T07:42:44.864570+07:00,full_training:iteration_0,3.0,257.0,16.94,40.0,10.7,11.902763366699219,15.521437584725886,136.9747318442003,136.9747318442003
2026-09-23T07:42:45.870088+07:00,full_training:iteration_0,3.0,257.0,16.89,40.0,10.8,11.904899597167969,15.50719751528616,136.92367758277072,136.92367758277072
2026-09-23T07:42:46.878521+07:00,full_training:iteration_0,3.0,257.0,15.64,40.0,10.4,11.885993957519531,15.50719751528616,136.92367758277072,136.92367758277072
2026-09-23T07:42:47.869548+07:00,full_training:iteration_0,3.0,257.0,15.87,40.0,9.9,11.883106231689453,15.49915968808451,136.77326929019654,136.77326929019654
2026-09-23T07:42:48.884759+07:00,full_training:iteration_0,5.0,257.0,17.11,40.0,9.4,11.886173248291016,15.49915968808451,136.77326929019654,136.77326929019654
2026-09-23T07:42:49.874910+07:00,full_training:iteration_0,3.0,257.0,16.99,40.0,10.9,11.898399353027344,15.48820643787119,136.70042580497002,136.70042580497002
2026-09-23T07:42:50.872337+07:00,full_training:iteration_0,3.0,257.0,16.18,40.0,10.9,11.893863677978516,15.48820643787119,136.70042580497002,136.70042580497002
2026-09-23T07:42:51.869658+07:00,full_training:iteration_0,3.0,257.0,16.13,40.0,10.3,11.896636962890625,15.476692600686402,136.57114530766103,136.57114530766103
2026-09-23T07:42:52.884611+07:00,full_training:iteration_0,3.0,257.0,15.93,40.0,10.6,11.90694808959961,15.476692600686402,136.57114530766103,136.57114530766103
2026-09-23T07:42:53.875508+07:00,full_training:iteration_0,3.0,257.0,15.78,40.0,9.2,11.902999877929688,15.468765627487715,136.45619621054024,136.45619621054024
2026-09-23T07:42:54.871013+07:00,full_training:iteration_0,3.0,257.0,15.9,40.0,9.4,11.885540008544922,15.468765627487715,136.45619621054024,136.45619621054024
2026-09-23T07:42:55.868232+07:00,full_training:iteration_0,1.0,257.0,16.03,40.0,9.2,11.90829086303711,15.458169358683692,136.29564537109903,136.29564537109903
2026-09-23T07:42:56.865181+07:00,full_training:iteration_0,3.0,257.0,16.79,40.0,8.9,11.913379669189453,15.454421398741706,136.2304352212677,136.2304352212677
2026-09-23T07:42:57.871668+07:00,full_training:iteration_0,5.0,257.0,16.93,40.0,9.1,11.91452407836914,15.454421398741706,136.2304352212677,136.2304352212677
2026-09-23T07:42:58.873939+07:00,full_training:iteration_0,5.0,257.0,15.81,40.0,8.0,11.909683227539062,15.442721615182265,136.1385665382315,136.1385665382315
2026-09-23T07:42:59.870313+07:00,full_training:iteration_0,5.0,257.0,16.59,40.0,9.2,11.9156494140625,15.442721615182265,136.1385665382315,136.1385665382315
2026-09-23T07:43:00.873222+07:00,full_training:iteration_0,3.0,257.0,15.99,40.0,7.9,11.913932800292969,15.433588482041714,136.0683204707826,136.0683204707826
2026-09-23T07:43:01.883573+07:00,full_training:iteration_0,3.0,257.0,16.03,40.0,7.8,11.910648345947266,15.433588482041714,136.0683204707826,136.0683204707826
2026-09-23T07:43:02.874582+07:00,full_training:iteration_0,3.0,257.0,16.79,40.0,8.8,11.905967712402344,15.42343720902046,135.9669988535258,135.9669988535258
2026-09-23T07:43:03.873146+07:00,full_training:iteration_0,3.0,257.0,16.83,40.0,9.1,11.903820037841797,15.42343720902046,135.9669988535258,135.9669988535258
2026-09-23T07:43:04.870508+07:00,full_training:iteration_0,7.0,257.0,17.33,40.0,8.5,11.89923095703125,15.410726900584402,135.9178253231232,135.9178253231232
2026-09-23T07:43:05.876690+07:00,full_training:iteration_0,3.0,257.0,15.71,40.0,10.4,11.896415710449219,15.410726900584402,135.9178253231232,135.9178253231232
2026-09-23T07:43:06.873866+07:00,full_training:iteration_0,4.0,257.0,16.64,40.0,8.9,11.883621215820312,15.40046524860777,135.79350679321408,135.79350679321408
2026-09-23T07:43:07.855033+07:00,full_training:iteration_0,3.0,257.0,16.34,40.0,8.6,11.88790512084961,15.40046524860777,135.79350679321408,135.79350679321408
2026-09-23T07:43:08.866385+07:00,full_training:iteration_0,4.0,257.0,17.17,40.0,8.8,11.887691497802734,15.391377834626091,135.67966833536343,135.67966833536343
2026-09-23T07:43:09.872184+07:00,full_training:iteration_0,3.0,257.0,16.46,40.0,8.9,11.88638687133789,15.391377834626091,135.67966833536343,135.67966833536343
2026-09-23T07:43:10.867449+07:00,full_training:iteration_0,3.0,257.0,16.13,40.0,8.1,11.89093017578125,15.382462302654059,135.58079428318243,135.58079428318243
2026-09-23T07:43:11.852123+07:00,full_training:iteration_0,3.0,257.0,16.5,40.0,8.7,11.88486099243164,15.382462302654059,135.58079428318243,135.58079428318243
2026-09-23T07:43:12.873048+07:00,full_training:iteration_0,3.0,257.0,16.54,40.0,8.4,11.887439727783203,15.372087764514827,135.52328994171705,135.52328994171705
2026-09-23T07:43:13.887828+07:00,full_training:iteration_0,3.0,257.0,15.78,40.0,7.6,11.888816833496094,15.372087764514827,135.52328994171705,135.52328994171705
2026-09-23T07:43:14.872968+07:00,full_training:iteration_0,1.0,257.0,16.08,40.0,9.2,11.907974243164062,15.36689699192361,135.39374538550769,135.39374538550769
2026-09-23T07:43:15.883408+07:00,full_training:iteration_0,2.0,257.0,17.04,40.0,9.9,11.899700164794922,15.36689699192361,135.39374538550769,135.39374538550769
2026-09-23T07:43:16.871592+07:00,full_training:iteration_0,3.0,257.0,16.11,40.0,8.2,11.899906158447266,15.356132373521245,135.3346738921156,135.3346738921156
2026-09-23T07:43:17.870875+07:00,full_training:iteration_0,3.0,257.0,16.67,40.0,8.4,11.905521392822266,15.356132373521245,135.3346738921156,135.3346738921156
2026-09-23T07:43:18.875706+07:00,full_training:iteration_0,3.0,257.0,16.08,40.0,12.1,11.901203155517578,15.342438645790786,135.20901949180612,135.20901949180612
2026-09-23T07:43:19.871059+07:00,full_training:iteration_0,3.0,257.0,16.07,40.0,11.7,11.90035629272461,15.342438645790786,135.20901949180612,135.20901949180612
2026-09-23T07:43:20.862822+07:00,full_training:iteration_0,3.0,257.0,16.42,40.0,9.3,11.90346908569336,15.33508757146635,135.09023822642664,135.09023822642664
2026-09-23T07:43:21.881124+07:00,full_training:iteration_0,5.0,257.0,17.38,40.0,12.5,11.912132263183594,15.33508757146635,135.09023822642664,135.09023822642664
2026-09-23T07:43:22.854079+07:00,full_training:iteration_0,3.0,257.0,16.37,40.0,13.9,11.905906677246094,15.324182191326742,135.00623336335508,135.00623336335508
2026-09-23T07:43:23.853663+07:00,full_training:iteration_0,3.0,257.0,16.0,40.0,11.5,11.902374267578125,15.324182191326742,135.00623336335508,135.00623336335508
2026-09-23T07:43:24.866993+07:00,full_training:iteration_0,3.0,257.0,15.9,40.0,10.4,11.8643798828125,15.313711173217317,134.87151831930868,134.87151831930868
2026-09-23T07:43:25.870729+07:00,full_training:iteration_0,3.0,257.0,15.75,40.0,11.2,11.86514663696289,15.313711173217317,134.87151831930868,134.87151831930868
2026-09-23T07:43:26.871849+07:00,full_training:iteration_0,3.0,257.0,16.38,40.0,11.7,11.862785339355469,15.30550535248792,134.73064978209356,134.73064978209356
2026-09-23T07:43:27.874715+07:00,full_training:iteration_0,4.0,257.0,16.42,40.0,9.8,11.862903594970703,15.30550535248792,134.73064978209356,134.73064978209356
2026-09-23T07:43:28.873444+07:00,full_training:iteration_0,3.0,257.0,17.04,40.0,7.6,11.863292694091797,15.298050343370608,134.61348068974988,134.61348068974988
2026-09-23T07:43:29.884503+07:00,full_training:iteration_0,3.0,257.0,17.04,40.0,8.1,11.858997344970703,15.298050343370608,134.61348068974988,134.61348068974988
2026-09-23T07:43:30.858777+07:00,full_training:iteration_0,3.0,257.0,16.5,40.0,8.4,11.850589752197266,15.286048825829724,134.51909837742699,134.51909837742699
2026-09-23T07:43:31.879056+07:00,full_training:iteration_0,4.0,257.0,16.05,40.0,9.1,11.847984313964844,15.286048825829724,134.51909837742699,134.51909837742699
2026-09-23T07:43:32.876532+07:00,full_training:iteration_0,3.0,257.0,16.62,40.0,8.2,11.839210510253906,15.274372518470832,134.4517782175335,134.4517782175335
2026-09-23T07:43:33.853058+07:00,full_training:iteration_0,3.0,257.0,16.03,40.0,8.7,11.842018127441406,15.274372518470832,134.4517782175335,134.4517782175335
2026-09-23T07:43:34.870490+07:00,full_training:iteration_0,1.0,257.0,15.89,40.0,9.1,11.865215301513672,15.270533567397518,134.3341388883195,134.3341388883195
2026-09-23T07:43:35.853888+07:00,full_training:iteration_0,1.0,257.0,15.72,40.0,8.7,11.861648559570312,15.262810623817966,134.21606282547648,134.21606282547648
2026-09-23T07:43:36.863931+07:00,full_training:iteration_0,5.0,257.0,16.93,40.0,10.9,11.862071990966797,15.262810623817966,134.21606282547648,134.21606282547648
2026-09-23T07:43:37.882990+07:00,full_training:iteration_0,3.0,257.0,15.7,40.0,9.8,11.862133026123047,15.262810623817966,134.21606282547648,134.21606282547648
2026-09-23T07:43:38.867564+07:00,full_training:iteration_0,3.0,257.0,16.06,40.0,12.1,11.880455017089844,15.251692253738918,134.13139716727983,134.13139716727983
2026-09-23T07:43:39.879145+07:00,full_training:iteration_0,5.0,257.0,16.26,40.0,12.5,11.87685775756836,15.246160255209537,134.0226406930154,134.0226406930154
2026-09-23T07:43:40.877986+07:00,full_training:iteration_0,3.0,257.0,16.08,40.0,11.5,11.875740051269531,15.246160255209537,134.0226406930154,134.0226406930154
2026-09-23T07:43:41.874491+07:00,full_training:iteration_0,3.0,257.0,16.14,40.0,11.8,11.880271911621094,15.234795851808666,133.87299522328107,133.87299522328107
2026-09-23T07:43:42.854113+07:00,full_training:iteration_0,4.0,257.0,16.03,40.0,10.4,11.877193450927734,15.234795851808666,133.87299522328107,133.87299522328107
2026-09-23T07:43:43.874146+07:00,full_training:iteration_0,4.0,257.0,16.68,40.0,10.1,11.872241973876953,15.224183154042658,133.7845854911254,133.7845854911254
2026-09-23T07:43:44.870924+07:00,full_training:iteration_0,3.0,257.0,15.93,40.0,9.5,11.871768951416016,15.224183154042658,133.7845854911254,133.7845854911254
2026-09-23T07:43:45.874244+07:00,full_training:iteration_0,3.0,257.0,16.24,40.0,9.6,11.869270324707031,15.219363961589242,133.66047104353825,133.66047104353825
2026-09-23T07:43:46.871668+07:00,full_training:iteration_0,3.0,257.0,16.96,40.0,11.2,11.844684600830078,15.219363961589242,133.66047104353825,133.66047104353825
2026-09-23T07:43:47.873557+07:00,full_training:iteration_0,5.0,257.0,17.05,40.0,13.1,11.8951416015625,15.212310051089828,133.57953368804016,133.57953368804016
2026-09-23T07:43:48.857216+07:00,full_training:iteration_0,6.0,257.0,18.56,40.0,14.3,11.904781341552734,15.215711641666488,133.57299904562947,133.57299904562947
2026-09-23T07:43:49.870814+07:00,full_training:iteration_0,5.0,257.0,17.65,40.0,14.6,11.911590576171875,15.217797611840815,133.5962926050356,133.5962926050356
2026-09-23T07:43:50.858146+07:00,full_training:iteration_0,2.0,257.0,17.19,40.0,14.4,11.93441390991211,15.222750314509389,133.56496147939626,133.56496147939626
2026-09-23T07:43:51.864036+07:00,full_training:iteration_0,6.0,257.0,17.41,40.0,13.0,11.939849853515625,15.228418802518755,133.55653147255933,133.55653147255933
2026-09-23T07:43:52.870573+07:00,full_training:iteration_0,7.0,257.0,17.89,40.0,14.4,11.964912414550781,15.230823542214427,133.55619924970756,133.55619924970756
2026-09-23T07:43:53.869135+07:00,full_training:iteration_0,7.0,257.0,18.33,40.0,12.4,11.97097396850586,15.234244333248364,133.5721352035167,133.5721352035167
2026-09-23T07:43:54.875523+07:00,full_training:iteration_0,6.0,257.0,17.84,40.0,10.5,11.958625793457031,15.2407311560499,133.54644989843774,133.54644989843774
2026-09-23T07:43:55.876606+07:00,full_training:iteration_0,8.0,257.0,18.07,40.0,10.8,11.966720581054688,15.243045827489162,133.56376622374185,133.56376622374185
2026-09-23T07:43:56.855711+07:00,full_training:iteration_0,7.0,257.0,17.46,40.0,12.3,11.968212127685547,15.246801979772803,133.54082949317277,133.54082949317277
2026-09-23T07:43:57.882644+07:00,full_training:iteration_0,4.0,257.0,17.5,40.0,11.1,11.96633529663086,15.246801979772803,133.54082949317277,133.54082949317277
2026-09-23T07:43:58.874610+07:00,full_training:iteration_0,3.0,257.0,16.79,40.0,9.5,11.938899993896484,15.244214389424288,133.5216515185518,133.5216515185518
2026-09-23T07:43:59.886348+07:00,full_training:iteration_0,3.0,257.0,16.84,40.0,11.3,11.930477142333984,15.244214389424288,133.5216515185518,133.5216515185518
2026-09-23T07:44:00.871113+07:00,full_training:iteration_0,3.0,257.0,16.46,40.0,10.9,11.920814514160156,15.237090908252267,133.42545935477392,133.42545935477392
2026-09-23T07:44:01.869383+07:00,full_training:iteration_0,3.0,257.0,16.7,40.0,10.4,11.918251037597656,15.237090908252267,133.42545935477392,133.42545935477392
2026-09-23T07:44:02.884979+07:00,full_training:iteration_0,3.0,257.0,15.85,40.0,10.7,11.903465270996094,15.228958448016586,133.33779006351017,133.33779006351017
2026-09-23T07:44:03.856977+07:00,full_training:iteration_0,4.0,257.0,16.41,40.0,10.7,11.903656005859375,15.228958448016586,133.33779006351017,133.33779006351017
2026-09-23T07:44:04.871241+07:00,full_training:iteration_0,1.0,257.0,16.69,40.0,12.6,11.91916275024414,15.218647487902768,133.22295306285167,133.22295306285167
2026-09-23T07:44:05.874705+07:00,full_training:iteration_0,1.0,257.0,16.2,40.0,8.7,11.911518096923828,15.212225853778254,133.1494836293069,133.1494836293069
2026-09-23T07:44:06.872233+07:00,full_training:iteration_0,3.0,257.0,16.55,40.0,9.7,11.895252227783203,15.212225853778254,133.1494836293069,133.1494836293069
2026-09-23T07:44:07.878116+07:00,full_training:iteration_0,4.0,257.0,15.93,40.0,8.5,11.895004272460938,15.204279466343081,133.0464740000188,133.0464740000188
2026-09-23T07:44:08.876586+07:00,full_training:iteration_0,3.0,257.0,15.91,40.0,9.3,11.894668579101562,15.204279466343081,133.0464740000188,133.0464740000188
2026-09-23T07:44:09.867247+07:00,full_training:iteration_0,3.0,257.0,16.09,40.0,9.8,11.889324188232422,15.197805754938068,132.93753258131682,132.93753258131682
2026-09-23T07:44:10.865351+07:00,full_training:iteration_0,3.0,257.0,15.82,40.0,10.6,11.890201568603516,15.197805754938068,132.93753258131682,132.93753258131682
2026-09-23T07:44:11.872145+07:00,full_training:iteration_0,3.0,257.0,16.22,40.0,11.9,11.887886047363281,15.188968438952372,132.79819485343057,132.79819485343057
2026-09-23T07:44:12.874822+07:00,full_training:iteration_0,4.0,257.0,16.7,40.0,9.8,11.886459350585938,15.188968438952372,132.79819485343057,132.79819485343057
2026-09-23T07:44:13.876193+07:00,full_training:iteration_0,3.0,257.0,16.86,40.0,10.9,11.884819030761719,15.18268127459064,132.75233411737926,132.75233411737926
2026-09-23T07:44:14.889374+07:00,full_training:iteration_0,3.0,257.0,15.85,40.0,9.1,11.888458251953125,15.18268127459064,132.75233411737926,132.75233411737926
2026-09-23T07:44:15.871400+07:00,full_training:iteration_0,5.0,257.0,16.62,40.0,10.4,11.877151489257812,15.173501075203024,132.60940452089224,132.60940452089224
2026-09-23T07:44:16.871047+07:00,full_training:iteration_0,3.0,257.0,16.59,40.0,10.7,11.88113021850586,15.173501075203024,132.60940452089224,132.60940452089224
2026-09-23T07:44:17.882427+07:00,full_training:iteration_0,3.0,257.0,16.25,39.0,14.9,11.884204864501953,15.162969852743714,132.54977731249707,132.54977731249707
2026-09-23T07:44:18.886327+07:00,full_training:iteration_0,3.0,257.0,16.02,40.0,8.9,11.886566162109375,15.162969852743714,132.54977731249707,132.54977731249707
2026-09-23T07:44:19.879742+07:00,full_training:iteration_0,5.0,257.0,17.21,40.0,9.2,11.884048461914062,15.15522304980979,132.41429346638938,132.41429346638938
2026-09-23T07:44:20.869910+07:00,full_training:iteration_0,3.0,257.0,17.1,40.0,8.3,11.896141052246094,15.15522304980979,132.41429346638938,132.41429346638938
2026-09-23T07:44:21.869952+07:00,full_training:iteration_0,4.0,257.0,16.35,40.0,8.9,11.903724670410156,15.144479582089657,132.41430342731311,132.41430342731311
2026-09-23T07:44:22.869500+07:00,full_training:iteration_0,3.0,257.0,15.46,40.0,8.8,11.90237045288086,15.144479582089657,132.41430342731311,132.41430342731311
2026-09-23T07:44:23.872014+07:00,full_training:iteration_0,1.0,257.0,15.93,40.0,8.7,11.91250991821289,15.134549151954618,132.32492430592794,132.32492430592794
2026-09-23T07:44:24.876893+07:00,full_training:iteration_0,1.0,257.0,15.68,40.0,10.7,11.904300689697266,15.134549151954618,132.32492430592794,132.32492430592794
2026-09-23T07:44:25.880097+07:00,full_training:iteration_0,3.0,257.0,15.93,40.0,10.6,11.899551391601562,15.127954387408275,132.22116561469332,132.22116561469332
2026-09-23T07:44:26.869804+07:00,full_training:iteration_0,6.0,257.0,15.69,40.0,11.9,11.810348510742188,15.12375645159892,132.10920776453028,132.10920776453028
2026-09-23T07:44:27.887460+07:00,full_training:iteration_0,4.0,257.0,16.57,40.0,10.2,11.798843383789062,15.12375645159892,132.10920776453028,132.10920776453028
2026-09-23T07:44:28.867961+07:00,full_training:iteration_0,6.0,257.0,16.08,40.0,12.8,11.797531127929688,15.116272347107586,132.03434788905014,132.03434788905014
2026-09-23T07:44:29.869829+07:00,full_training:iteration_0,3.0,257.0,16.33,39.0,9.7,11.80282974243164,15.116272347107586,132.03434788905014,132.03434788905014
2026-09-23T07:44:30.875718+07:00,full_training:iteration_0,5.0,257.0,16.26,40.0,10.3,11.80126953125,15.108407292928598,131.9385010646404,131.9385010646404
2026-09-23T07:44:31.880561+07:00,full_training:iteration_0,3.0,257.0,16.32,39.0,10.5,11.798686981201172,15.108407292928598,131.9385010646404,131.9385010646404
2026-09-23T07:44:32.879199+07:00,full_training:iteration_0,3.0,257.0,16.12,39.0,10.4,11.80002212524414,15.104636434798987,131.84757645849535,131.84757645849535
2026-09-23T07:44:33.881088+07:00,full_training:iteration_0,4.0,257.0,16.26,39.0,7.3,11.801620483398438,15.104636434798987,131.84757645849535,131.84757645849535
2026-09-23T07:44:34.880565+07:00,full_training:iteration_0,3.0,257.0,16.51,40.0,10.6,11.787639617919922,15.095531422965557,131.73231887030556,131.73231887030556
2026-09-23T07:44:35.852676+07:00,full_training:iteration_0,4.0,257.0,16.24,40.0,7.0,11.790016174316406,15.095531422965557,131.73231887030556,131.73231887030556
2026-09-23T07:44:36.870206+07:00,full_training:iteration_0,3.0,257.0,17.07,40.0,8.7,11.791400909423828,15.083284541085467,131.6628179637715,131.6628179637715
2026-09-23T07:44:37.880811+07:00,full_training:iteration_0,3.0,257.0,16.08,39.0,7.1,11.79275131225586,15.083284541085467,131.6628179637715,131.6628179637715
2026-09-23T07:44:38.870684+07:00,full_training:iteration_0,5.0,257.0,16.79,40.0,7.9,11.784603118896484,15.075261293026795,131.53077626992842,131.53077626992842
2026-09-23T07:44:39.872703+07:00,full_training:iteration_0,4.0,257.0,17.55,40.0,8.8,11.785362243652344,15.075261293026795,131.53077626992842,131.53077626992842
2026-09-23T07:44:40.873560+07:00,full_training:iteration_0,3.0,257.0,17.04,40.0,7.8,11.79166030883789,15.060822404978799,131.55076082150893,131.55076082150893
2026-09-23T07:44:41.878633+07:00,full_training:iteration_0,3.0,257.0,16.52,40.0,8.0,11.792133331298828,15.060822404978799,131.55076082150893,131.55076082150893
2026-09-23T07:44:42.882148+07:00,full_training:iteration_0,3.0,257.0,16.46,39.0,8.5,11.794578552246094,15.060822404978799,131.55076082150893,131.55076082150893
2026-09-23T07:44:43.869548+07:00,full_training:iteration_0,1.0,257.0,15.89,40.0,9.2,11.815406799316406,15.050972151697604,131.47549208420125,131.47549208420125
2026-09-23T07:44:44.873972+07:00,full_training:iteration_0,3.0,257.0,16.43,40.0,9.7,11.81618881225586,15.04604609245247,131.4169896942691,131.4169896942691
2026-09-23T07:44:45.869267+07:00,full_training:iteration_0,3.0,257.0,15.83,39.0,11.2,11.820228576660156,15.04604609245247,131.4169896942691,131.4169896942691
2026-09-23T07:44:46.874610+07:00,full_training:iteration_0,5.0,257.0,15.83,39.0,12.1,11.827499389648438,15.03743812136342,131.28363828078727,131.28363828078727
2026-09-23T07:44:47.874735+07:00,full_training:iteration_0,4.0,257.0,15.85,39.0,9.0,11.826553344726562,15.03743812136342,131.28363828078727,131.28363828078727
2026-09-23T07:44:48.870663+07:00,full_training:iteration_0,3.0,257.0,16.22,39.0,8.2,11.82564926147461,15.030342950690578,131.17762288894417,131.17762288894417
2026-09-23T07:44:49.869333+07:00,full_training:iteration_0,3.0,257.0,15.97,40.0,6.9,11.82498550415039,15.030342950690578,131.17762288894417,131.17762288894417
2026-09-23T07:44:50.868900+07:00,full_training:iteration_0,3.0,257.0,16.17,39.0,7.4,11.822406768798828,15.02231916554344,131.0471316928443,131.0471316928443
2026-09-23T07:44:51.870963+07:00,full_training:iteration_0,3.0,257.0,15.99,40.0,7.3,11.820823669433594,15.02231916554344,131.0471316928443,131.0471316928443
2026-09-23T07:44:52.868741+07:00,full_training:iteration_0,3.0,257.0,16.25,39.0,9.2,11.82037353515625,15.013393756647945,130.9532422595758,130.9532422595758
2026-09-23T07:44:53.881287+07:00,full_training:iteration_0,3.0,257.0,15.57,39.0,7.4,11.819625854492188,15.013393756647945,130.9532422595758,130.9532422595758
2026-09-23T07:44:54.867186+07:00,full_training:iteration_0,4.0,257.0,16.55,40.0,8.7,11.822135925292969,15.005486299922294,130.82843390177055,130.82843390177055
2026-09-23T07:44:55.876592+07:00,full_training:iteration_0,3.0,257.0,17.26,39.0,8.8,11.8233642578125,15.005486299922294,130.82843390177055,130.82843390177055
2026-09-23T07:44:56.884564+07:00,full_training:iteration_0,5.0,257.0,16.85,39.0,7.6,11.822441101074219,14.994432878374557,130.79745838046014,130.79745838046014
2026-09-23T07:44:57.876949+07:00,full_training:iteration_0,3.0,257.0,15.69,39.0,7.6,11.819942474365234,14.994432878374557,130.79745838046014,130.79745838046014
2026-09-23T07:44:58.876829+07:00,full_training:iteration_0,4.0,257.0,15.76,39.0,8.5,11.819107055664062,14.986657336239984,130.66794015383758,130.66794015383758
2026-09-23T07:44:59.875787+07:00,full_training:iteration_0,3.0,257.0,15.77,39.0,8.1,11.818843841552734,14.986657336239984,130.66794015383758,130.66794015383758
2026-09-23T07:45:00.870640+07:00,full_training:iteration_0,6.0,257.0,16.59,39.0,8.5,11.824771881103516,14.976023795631777,130.5895488075712,130.5895488075712
2026-09-23T07:45:01.864221+07:00,full_training:iteration_0,3.0,257.0,15.65,39.0,8.1,11.833873748779297,14.976023795631777,130.5895488075712,130.5895488075712
2026-09-23T07:45:02.860286+07:00,full_training:iteration_0,3.0,257.0,15.69,39.0,8.5,11.859580993652344,14.970922709878515,130.47417261016193,130.47417261016193
2026-09-23T07:45:03.876828+07:00,full_training:iteration_0,3.0,257.0,16.2,40.0,9.1,11.853229522705078,14.970922709878515,130.47417261016193,130.47417261016193
2026-09-23T07:45:04.873530+07:00,full_training:iteration_0,3.0,257.0,16.92,39.0,9.4,11.850151062011719,14.962322563874809,130.4590843617576,130.4590843617576
2026-09-23T07:45:05.862264+07:00,full_training:iteration_0,3.0,257.0,16.21,39.0,8.1,11.849334716796875,14.962322563874809,130.4590843617576,130.4590843617576
2026-09-23T07:45:06.874123+07:00,full_training:iteration_0,3.0,257.0,15.9,39.0,10.0,11.854198455810547,14.955012584964413,130.36843568261037,130.36843568261037
2026-09-23T07:45:07.875121+07:00,full_training:iteration_0,3.0,257.0,16.14,40.0,7.9,11.832164764404297,14.955012584964413,130.36843568261037,130.36843568261037
2026-09-23T07:45:08.882727+07:00,full_training:iteration_0,3.0,257.0,16.37,39.0,7.7,11.827079772949219,14.945615525719312,130.25797283961964,130.25797283961964
2026-09-23T07:45:09.870323+07:00,full_training:iteration_0,3.0,257.0,16.4,40.0,6.7,11.822162628173828,14.945615525719312,130.25797283961964,130.25797283961964
2026-09-23T07:45:10.874896+07:00,full_training:iteration_0,5.0,257.0,16.53,39.0,10.1,11.817707061767578,14.935054986867677,130.15968773709582,130.15968773709582
2026-09-23T07:45:11.872304+07:00,full_training:iteration_0,3.0,257.0,16.29,39.0,9.0,11.820194244384766,14.935054986867677,130.15968773709582,130.15968773709582
2026-09-23T07:45:12.854712+07:00,full_training:iteration_0,4.0,257.0,16.09,39.0,8.5,11.829402923583984,14.92437010464414,130.0663118725481,130.0663118725481
2026-09-23T07:45:13.871313+07:00,full_training:iteration_0,3.0,257.0,16.02,39.0,8.7,11.830425262451172,14.92437010464414,130.0663118725481,130.0663118725481
2026-09-23T07:45:14.875424+07:00,full_training:iteration_0,3.0,257.0,16.03,39.0,13.0,11.82083511352539,14.92437010464414,130.0663118725481,130.0663118725481
2026-09-23T07:45:15.865713+07:00,full_training:iteration_0,4.0,257.0,16.36,39.0,10.2,11.816917419433594,14.913567476101731,129.92594432533306,129.92594432533306
2026-09-23T07:45:16.871570+07:00,full_training:iteration_0,4.0,257.0,16.49,40.0,7.8,11.81787109375,14.913567476101731,129.92594432533306,129.92594432533306
2026-09-23T07:45:17.868527+07:00,full_training:iteration_0,3.0,257.0,16.97,39.0,9.7,11.825817108154297,14.904628070459268,129.8759038933292,129.8759038933292
2026-09-23T07:45:18.876327+07:00,full_training:iteration_0,3.0,257.0,15.47,39.0,8.4,11.822399139404297,14.904628070459268,129.8759038933292,129.8759038933292
2026-09-23T07:45:19.878990+07:00,full_training:iteration_0,3.0,257.0,15.82,39.0,7.8,11.817329406738281,14.896708764302247,129.75576266145137,129.75576266145137
2026-09-23T07:45:20.880574+07:00,full_training:iteration_0,3.0,257.0,15.91,39.0,8.3,11.825084686279297,14.896708764302247,129.75576266145137,129.75576266145137
2026-09-23T07:45:21.883337+07:00,full_training:iteration_0,3.0,257.0,16.12,39.0,8.1,11.826427459716797,14.887152445141298,129.63932199512152,129.63932199512152
2026-09-23T07:45:22.889266+07:00,full_training:iteration_0,3.0,257.0,15.75,39.0,8.5,11.82687759399414,14.881813811633391,129.5267414054012,129.5267414054012
2026-09-23T07:45:23.868008+07:00,full_training:iteration_0,1.0,257.0,15.54,39.0,8.6,11.847728729248047,14.881813811633391,129.5267414054012,129.5267414054012
2026-09-23T07:45:24.869087+07:00,full_training:iteration_0,3.0,257.0,15.78,39.0,9.0,11.843708038330078,14.876696624306014,129.45427846869148,129.45427846869148
2026-09-23T07:45:25.871949+07:00,full_training:iteration_0,3.0,257.0,15.64,39.0,12.4,11.858840942382812,14.876696624306014,129.45427846869148,129.45427846869148
2026-09-23T07:45:26.875002+07:00,full_training:iteration_0,3.0,257.0,16.1,39.0,9.8,11.864601135253906,14.870637707574286,129.3382987689674,129.3382987689674
2026-09-23T07:45:27.873089+07:00,full_training:iteration_0,3.0,257.0,16.51,39.0,11.1,11.850112915039062,14.870637707574286,129.3382987689674,129.3382987689674
2026-09-23T07:45:28.870152+07:00,full_training:iteration_0,4.0,257.0,16.32,39.0,10.8,11.865131378173828,14.861722060080012,129.2380736246097,129.2380736246097
2026-09-23T07:45:29.876530+07:00,full_training:iteration_0,3.0,257.0,15.88,39.0,9.6,11.867347717285156,14.861722060080012,129.2380736246097,129.2380736246097
2026-09-23T07:45:30.876095+07:00,full_training:iteration_0,6.0,257.0,16.35,40.0,11.5,11.880046844482422,14.853139299537961,129.13578060802482,129.13578060802482
2026-09-23T07:45:31.881104+07:00,full_training:iteration_0,3.0,257.0,15.82,39.0,9.7,11.86825180053711,14.853139299537961,129.13578060802482,129.13578060802482
2026-09-23T07:45:32.882588+07:00,full_training:iteration_0,3.0,257.0,15.93,39.0,11.8,11.864521026611328,14.84836368184563,129.04234708248046,129.04234708248046
2026-09-23T07:45:33.853919+07:00,full_training:iteration_0,3.0,257.0,16.19,39.0,13.4,11.855003356933594,14.84836368184563,129.04234708248046,129.04234708248046
2026-09-23T07:45:34.878829+07:00,full_training:iteration_0,5.0,257.0,16.97,40.0,12.6,11.854393005371094,14.840816816748275,128.91828960413346,128.91828960413346
2026-09-23T07:45:35.875490+07:00,full_training:iteration_0,4.0,257.0,16.18,39.0,13.6,11.859024047851562,14.840816816748275,128.91828960413346,128.91828960413346
2026-09-23T07:45:36.879861+07:00,full_training:iteration_0,3.0,257.0,16.61,39.0,10.9,11.836563110351562,14.829850308934393,128.85752232358416,128.85752232358416
2026-09-23T07:45:37.876434+07:00,full_training:iteration_0,3.0,257.0,15.71,39.0,12.4,11.835746765136719,14.829850308934393,128.85752232358416,128.85752232358416
2026-09-23T07:45:38.873905+07:00,full_training:iteration_0,4.0,257.0,16.32,39.0,10.9,11.832141876220703,14.820908777378431,128.73077517396507,128.73077517396507
2026-09-23T07:45:39.882551+07:00,full_training:iteration_0,3.0,257.0,16.19,39.0,10.3,11.830764770507812,14.820908777378431,128.73077517396507,128.73077517396507
2026-09-23T07:45:40.869833+07:00,full_training:iteration_0,3.0,257.0,17.23,39.0,9.7,11.831241607666016,14.813127009480406,128.68841604417165,128.68841604417165
2026-09-23T07:45:41.877504+07:00,full_training:iteration_0,3.0,257.0,15.88,39.0,11.7,11.851318359375,14.813127009480406,128.68841604417165,128.68841604417165
2026-09-23T07:45:42.886302+07:00,full_training:iteration_0,6.0,257.0,15.99,39.0,8.5,11.878219604492188,14.805194787392804,128.57147219328047,128.57147219328047
2026-09-23T07:45:43.871048+07:00,full_training:iteration_0,2.0,257.0,16.08,40.0,9.2,11.88144302368164,14.805194787392804,128.57147219328047,128.57147219328047
2026-09-23T07:45:44.879617+07:00,full_training:iteration_0,5.0,257.0,16.18,39.0,9.5,11.882373809814453,14.798135868294391,128.5253808345562,128.5253808345562
2026-09-23T07:45:45.876077+07:00,full_training:iteration_0,3.0,257.0,15.87,39.0,8.6,11.887859344482422,14.798135868294391,128.5253808345562,128.5253808345562
2026-09-23T07:45:46.884554+07:00,full_training:iteration_0,5.0,257.0,16.58,39.0,8.5,11.88516616821289,14.790922066341205,128.4032776446447,128.4032776446447
2026-09-23T07:45:47.870132+07:00,full_training:iteration_0,3.0,257.0,16.07,39.0,9.2,11.880722045898438,14.790922066341205,128.4032776446447,128.4032776446447
2026-09-23T07:45:48.879624+07:00,full_training:iteration_0,5.0,257.0,16.07,39.0,8.6,11.883907318115234,14.780308416585314,128.31475925531743,128.31475925531743
2026-09-23T07:45:49.876273+07:00,full_training:iteration_0,3.0,257.0,16.27,40.0,11.9,11.893417358398438,14.780308416585314,128.31475925531743,128.31475925531743
2026-09-23T07:45:50.872996+07:00,full_training:iteration_0,3.0,257.0,16.75,39.0,13.1,11.893959045410156,14.780308416585314,128.31475925531743,128.31475925531743
2026-09-23T07:45:51.884575+07:00,full_training:iteration_0,3.0,257.0,16.39,39.0,10.6,11.893115997314453,14.76631711399439,128.25223615966848,128.25223615966848
2026-09-23T07:45:52.873204+07:00,full_training:iteration_0,3.0,257.0,16.83,39.0,11.5,11.894527435302734,14.763325081477257,128.19102387926065,128.19102387926065
2026-09-23T07:45:53.879722+07:00,full_training:iteration_0,4.0,257.0,16.87,39.0,9.8,11.894401550292969,14.763325081477257,128.19102387926065,128.19102387926065
2026-09-23T07:45:54.875987+07:00,full_training:iteration_0,3.0,257.0,16.51,39.0,10.4,11.895462036132812,14.763325081477257,128.19102387926065,128.19102387926065
2026-09-23T07:45:55.874657+07:00,full_training:iteration_0,3.0,257.0,16.49,39.0,9.3,11.883270263671875,14.753830687521994,128.11956521250266,128.11956521250266
2026-09-23T07:45:56.886125+07:00,full_training:iteration_0,3.0,257.0,16.53,39.0,9.8,11.886775970458984,14.746614362907309,128.05223404026904,128.05223404026904
2026-09-23T07:45:57.863370+07:00,full_training:iteration_0,3.0,257.0,16.48,40.0,11.1,11.89261245727539,14.746614362907309,128.05223404026904,128.05223404026904
2026-09-23T07:45:58.873292+07:00,full_training:iteration_0,3.0,257.0,16.07,39.0,10.8,11.89315414428711,14.746614362907309,128.05223404026904,128.05223404026904
2026-09-23T07:45:59.881583+07:00,full_training:iteration_0,3.0,257.0,17.53,39.0,13.2,11.890499114990234,14.73706207893251,127.93345338811389,127.93345338811389
2026-09-23T07:46:00.876053+07:00,full_training:iteration_0,3.0,257.0,16.63,39.0,8.9,11.891014099121094,14.73706207893251,127.93345338811389,127.93345338811389
2026-09-23T07:46:01.876018+07:00,full_training:iteration_0,3.0,257.0,16.18,39.0,10.9,11.897640228271484,14.72665469904535,127.88846448073637,127.88846448073637
2026-09-23T07:46:02.879737+07:00,full_training:iteration_0,3.0,257.0,15.73,39.0,10.8,11.90188980102539,14.72665469904535,127.88846448073637,127.88846448073637
2026-09-23T07:46:03.876460+07:00,full_training:iteration_0,1.0,257.0,16.37,39.0,9.6,11.9212646484375,14.719134468314433,127.80052048052542,127.80052048052542
2026-09-23T07:46:04.875833+07:00,full_training:iteration_0,1.0,257.0,15.9,39.0,10.2,11.923530578613281,14.719134468314433,127.80052048052542,127.80052048052542
2026-09-23T07:46:05.864176+07:00,full_training:iteration_0,1.0,257.0,16.17,39.0,11.5,11.926715850830078,14.709397376252785,127.69013996503034,127.69013996503034
2026-09-23T07:46:06.860908+07:00,full_training:iteration_0,3.0,257.0,16.06,39.0,11.4,11.927135467529297,14.709397376252785,127.69013996503034,127.69013996503034
2026-09-23T07:46:07.855333+07:00,full_training:iteration_0,3.0,257.0,16.18,40.0,9.9,11.916839599609375,14.702814134084994,127.57543802863593,127.57543802863593
2026-09-23T07:46:08.868225+07:00,full_training:iteration_0,3.0,257.0,15.87,39.0,11.4,11.916400909423828,14.702814134084994,127.57543802863593,127.57543802863593
2026-09-23T07:46:09.881338+07:00,full_training:iteration_0,3.0,257.0,16.07,39.0,10.5,11.918739318847656,14.695572034469706,127.47554346179535,127.47554346179535
2026-09-23T07:46:10.892585+07:00,full_training:iteration_0,3.0,257.0,16.77,39.0,11.3,11.91754150390625,14.695572034469706,127.47554346179535,127.47554346179535
2026-09-23T07:46:11.859801+07:00,full_training:iteration_0,3.0,257.0,16.61,39.0,10.4,11.919891357421875,14.686112560762675,127.3792824849867,127.3792824849867
2026-09-23T07:46:12.871672+07:00,full_training:iteration_0,4.0,257.0,16.52,39.0,10.3,11.946807861328125,14.686112560762675,127.3792824849867,127.3792824849867
2026-09-23T07:46:13.883086+07:00,full_training:iteration_0,3.0,257.0,16.52,39.0,11.2,11.943851470947266,14.67541158886672,127.28446624869723,127.28446624869723
2026-09-23T07:46:14.870559+07:00,full_training:iteration_0,3.0,257.0,15.86,39.0,9.6,11.949371337890625,14.67541158886672,127.28446624869723,127.28446624869723
2026-09-23T07:46:15.882432+07:00,full_training:iteration_0,3.0,257.0,15.58,39.0,8.5,11.944446563720703,14.666129436308148,127.1598747914254,127.1598747914254
2026-09-23T07:46:16.876480+07:00,full_training:iteration_0,3.0,257.0,16.41,39.0,8.9,11.95107650756836,14.666129436308148,127.1598747914254,127.1598747914254
2026-09-23T07:46:17.863941+07:00,full_training:iteration_0,3.0,257.0,16.87,39.0,11.0,11.971370697021484,14.666129436308148,127.1598747914254,127.1598747914254
2026-09-23T07:46:18.876104+07:00,full_training:iteration_0,3.0,257.0,16.29,39.0,8.7,11.969436645507812,14.658498037894274,127.09984459130523,127.09984459130523
2026-09-23T07:46:19.887471+07:00,full_training:iteration_0,4.0,257.0,16.07,39.0,6.8,11.96200942993164,14.654857620137491,127.00096518085782,127.00096518085782
2026-09-23T07:46:20.879943+07:00,full_training:iteration_0,3.0,257.0,15.87,39.0,7.4,11.961254119873047,14.654857620137491,127.00096518085782,127.00096518085782
2026-09-23T07:46:21.885325+07:00,full_training:iteration_0,5.0,257.0,16.09,39.0,8.3,11.963371276855469,14.646334939342731,126.89542698739345,126.89542698739345
2026-09-23T07:46:22.878254+07:00,full_training:iteration_0,3.0,257.0,15.82,39.0,7.4,11.963443756103516,14.646334939342731,126.89542698739345,126.89542698739345
2026-09-23T07:46:23.880616+07:00,full_training:iteration_0,1.0,257.0,15.89,39.0,9.0,11.998374938964844,14.641717809594804,126.79566725111192,126.79566725111192
2026-09-23T07:46:24.870465+07:00,full_training:iteration_0,1.0,257.0,16.04,39.0,9.8,11.987117767333984,14.641717809594804,126.79566725111192,126.79566725111192
2026-09-23T07:46:25.879058+07:00,full_training:iteration_0,3.0,257.0,16.37,39.0,11.3,11.995323181152344,14.633593600570551,126.73559471984801,126.73559471984801
2026-09-23T07:46:26.869493+07:00,full_training:iteration_0,3.0,257.0,15.78,39.0,9.0,12.00094223022461,14.633593600570551,126.73559471984801,126.73559471984801
2026-09-23T07:46:27.878026+07:00,full_training:iteration_0,3.0,257.0,15.85,39.0,10.2,11.995590209960938,14.628450889548782,126.62833001106068,126.62833001106068
2026-09-23T07:46:28.877413+07:00,full_training:iteration_0,3.0,257.0,16.54,39.0,11.0,12.004013061523438,14.628450889548782,126.62833001106068,126.62833001106068
2026-09-23T07:46:29.896438+07:00,full_training:iteration_0,3.0,257.0,16.84,39.0,8.9,12.009933471679688,14.619927371838292,126.5800677863169,126.5800677863169
2026-09-23T07:46:30.883380+07:00,full_training:iteration_0,3.0,257.0,16.09,39.0,8.1,12.026004791259766,14.619927371838292,126.5800677863169,126.5800677863169
2026-09-23T07:46:31.858304+07:00,full_training:iteration_0,3.0,257.0,16.75,39.0,9.9,12.01123046875,14.611781315186846,126.49262415567222,126.49262415567222
2026-09-23T07:46:32.868857+07:00,full_training:iteration_0,3.0,257.0,16.11,39.0,8.1,11.996772766113281,14.611781315186846,126.49262415567222,126.49262415567222
2026-09-23T07:46:33.881272+07:00,full_training:iteration_0,3.0,257.0,16.36,39.0,8.9,12.00009536743164,14.608534738965057,126.41731029136527,126.41731029136527
2026-09-23T07:46:34.872523+07:00,full_training:iteration_0,3.0,257.0,15.52,39.0,8.8,11.997112274169922,14.608534738965057,126.41731029136527,126.41731029136527
2026-09-23T07:46:35.870626+07:00,full_training:iteration_0,3.0,257.0,16.58,39.0,9.8,11.99212646484375,14.601996925452118,126.33676433781594,126.33676433781594
2026-09-23T07:46:36.870908+07:00,full_training:iteration_0,3.0,257.0,16.98,39.0,11.8,11.986709594726562,14.601996925452118,126.33676433781594,126.33676433781594
2026-09-23T07:46:37.873271+07:00,full_training:iteration_0,3.0,257.0,16.48,39.0,11.4,11.985485076904297,14.594893907481802,126.28482629107346,126.28482629107346
2026-09-23T07:46:38.877675+07:00,full_training:iteration_0,3.0,257.0,16.02,39.0,12.3,11.983707427978516,14.589380347738281,126.18145280819198,126.18145280819198
2026-09-23T07:46:39.884349+07:00,full_training:iteration_0,4.0,257.0,16.66,39.0,16.4,11.815986633300781,14.589380347738281,126.18145280819198,126.18145280819198
2026-09-23T07:46:40.879344+07:00,full_training:iteration_0,4.0,257.0,16.77,39.0,14.2,11.824687957763672,14.582909652401037,126.15010261168703,126.15010261168703
2026-09-23T07:46:41.868330+07:00,full_training:iteration_0,4.0,257.0,15.99,39.0,11.9,11.816375732421875,14.582909652401037,126.15010261168703,126.15010261168703
2026-09-23T07:46:42.880901+07:00,full_training:iteration_0,6.0,257.0,15.97,39.0,9.1,11.844413757324219,14.578308551201584,126.04849261020448,126.04849261020448
2026-09-23T07:46:43.876265+07:00,full_training:iteration_0,3.0,257.0,16.86,39.0,14.0,11.835369110107422,14.578308551201584,126.04849261020448,126.04849261020448
2026-09-23T07:46:44.860840+07:00,full_training:iteration_0,3.0,257.0,17.28,39.0,9.2,11.837509155273438,14.571585170945449,126.0742725449917,126.0742725449917
2026-09-23T07:46:45.868098+07:00,full_training:iteration_0,5.0,257.0,16.19,39.0,8.4,11.821159362792969,14.571585170945449,126.0742725449917,126.0742725449917
2026-09-23T07:46:46.853805+07:00,full_training:iteration_0,3.0,257.0,15.83,39.0,10.7,11.815357208251953,14.564416321809777,125.97509273751051,125.97509273751051
2026-09-23T07:46:47.870570+07:00,full_training:iteration_0,3.0,257.0,17.24,39.0,8.5,11.810901641845703,14.564416321809777,125.97509273751051,125.97509273751051
2026-09-23T07:46:48.882184+07:00,full_training:iteration_0,6.0,257.0,16.79,39.0,7.5,11.810585021972656,14.55603172626602,125.96171658246833,125.96171658246833
2026-09-23T07:46:49.879405+07:00,full_training:iteration_0,3.0,257.0,16.23,39.0,9.2,11.81045150756836,14.55603172626602,125.96171658246833,125.96171658246833
2026-09-23T07:46:50.875057+07:00,full_training:iteration_0,3.0,257.0,16.2,39.0,8.4,11.826290130615234,14.55603172626602,125.96171658246833,125.96171658246833
2026-09-23T07:46:51.866051+07:00,full_training:iteration_0,3.0,257.0,16.16,39.0,10.6,11.83050537109375,14.545280774856726,125.83478159524995,125.83478159524995
2026-09-23T07:46:52.852789+07:00,full_training:iteration_0,3.0,257.0,16.14,39.0,7.8,11.82977294921875,14.545280774856726,125.83478159524995,125.83478159524995
2026-09-23T07:46:53.879759+07:00,full_training:iteration_0,3.0,257.0,16.71,40.0,8.5,11.830318450927734,14.536723562124081,125.76701764645037,125.76701764645037
2026-09-23T07:46:54.880347+07:00,full_training:iteration_0,3.0,257.0,17.13,39.0,9.4,11.83367919921875,14.536723562124081,125.76701764645037,125.76701764645037
2026-09-23T07:46:55.876116+07:00,full_training:iteration_0,3.0,257.0,16.44,39.0,9.4,11.831474304199219,14.527333983658755,125.70615051572537,125.70615051572537
2026-09-23T07:46:56.880195+07:00,full_training:iteration_0,3.0,257.0,16.45,39.0,8.9,11.8323974609375,14.527333983658755,125.70615051572537,125.70615051572537
2026-09-23T07:46:57.870077+07:00,full_training:iteration_0,3.0,257.0,16.72,40.0,10.3,11.837158203125,14.522033243897948,125.62498693398514,125.62498693398514
2026-09-23T07:46:58.882788+07:00,full_training:iteration_0,3.0,257.0,16.44,39.0,10.0,11.856414794921875,14.522033243897948,125.62498693398514,125.62498693398514
2026-09-23T07:46:59.877798+07:00,full_training:iteration_0,3.0,257.0,16.03,39.0,11.4,11.815277099609375,14.515963062822278,125.54743829183639,125.54743829183639
2026-09-23T07:47:00.874563+07:00,full_training:iteration_0,5.0,257.0,16.31,39.0,10.8,11.821735382080078,14.513177527221208,125.47805838510698,125.47805838510698
2026-09-23T07:47:01.875789+07:00,full_training:iteration_0,3.0,257.0,16.15,39.0,8.9,11.821586608886719,14.513177527221208,125.47805838510698,125.47805838510698
2026-09-23T07:47:02.873012+07:00,full_training:iteration_0,3.0,257.0,16.28,39.0,8.2,11.842166900634766,14.505197052390132,125.36467484714923,125.36467484714923
2026-09-23T07:47:03.872170+07:00,full_training:iteration_0,1.0,257.0,16.37,39.0,8.8,11.847671508789062,14.505197052390132,125.36467484714923,125.36467484714923
2026-09-23T07:47:04.874590+07:00,full_training:iteration_0,1.0,257.0,16.09,39.0,10.3,11.850334167480469,14.505197052390132,125.36467484714923,125.36467484714923
2026-09-23T07:47:05.882329+07:00,full_training:iteration_0,3.0,257.0,15.72,39.0,9.3,11.852214813232422,14.495480969854118,125.31584630291766,125.31584630291766
2026-09-23T07:47:06.860123+07:00,full_training:iteration_0,3.0,257.0,15.97,39.0,9.3,11.845596313476562,14.492165822627957,125.22661827891844,125.22661827891844
2026-09-23T07:47:07.865699+07:00,full_training:iteration_0,4.0,257.0,16.01,39.0,8.9,11.836658477783203,14.492165822627957,125.22661827891844,125.22661827891844
2026-09-23T07:47:08.854302+07:00,full_training:iteration_0,3.0,257.0,16.54,39.0,7.5,11.834274291992188,14.487013918321134,125.1527387285703,125.1527387285703
2026-09-23T07:47:09.881531+07:00,full_training:iteration_0,3.0,257.0,15.92,39.0,8.2,11.835220336914062,14.487013918321134,125.1527387285703,125.1527387285703
2026-09-23T07:47:10.871321+07:00,full_training:iteration_0,3.0,257.0,16.62,39.0,9.3,11.826385498046875,14.48281913760313,125.05697238095541,125.05697238095541
2026-09-23T07:47:11.874301+07:00,full_training:iteration_0,4.0,257.0,15.91,39.0,7.9,11.828022003173828,14.48281913760313,125.05697238095541,125.05697238095541
2026-09-23T07:47:12.874814+07:00,full_training:iteration_0,3.0,257.0,15.98,39.0,10.4,11.830974578857422,14.476002302522001,124.99679635231163,124.99679635231163
2026-09-23T07:47:13.877365+07:00,full_training:iteration_0,3.0,257.0,16.66,39.0,8.4,11.837623596191406,14.476002302522001,124.99679635231163,124.99679635231163
2026-09-23T07:47:14.865132+07:00,full_training:iteration_0,3.0,257.0,16.59,39.0,7.4,11.838542938232422,14.46798408563749,124.91156644705676,124.91156644705676
2026-09-23T07:47:15.873293+07:00,full_training:iteration_0,3.0,257.0,16.41,39.0,9.5,11.83572769165039,14.46798408563749,124.91156644705676,124.91156644705676
2026-09-23T07:47:16.869484+07:00,full_training:iteration_0,3.0,257.0,16.14,39.0,9.0,11.836257934570312,14.461330242767945,124.82350445138361,124.82350445138361
2026-09-23T07:47:17.869303+07:00,full_training:iteration_0,3.0,257.0,15.87,40.0,7.9,11.836219787597656,14.461330242767945,124.82350445138361,124.82350445138361
2026-09-23T07:47:18.854145+07:00,full_training:iteration_0,3.0,257.0,16.77,39.0,8.6,11.836875915527344,14.45449428396864,124.75245621033743,124.75245621033743
2026-09-23T07:47:19.869874+07:00,full_training:iteration_0,3.0,257.0,16.16,39.0,8.3,11.840740203857422,14.45449428396864,124.75245621033743,124.75245621033743
2026-09-23T07:47:20.873307+07:00,full_training:iteration_0,3.0,257.0,16.49,39.0,10.4,11.845123291015625,14.448746829374262,124.66621884937791,124.66621884937791
2026-09-23T07:47:21.869560+07:00,full_training:iteration_0,3.0,257.0,16.22,39.0,7.9,11.845954895019531,14.448746829374262,124.66621884937791,124.66621884937791
2026-09-23T07:47:22.872114+07:00,full_training:iteration_0,1.0,257.0,16.11,39.0,8.0,11.870887756347656,14.439840621635588,124.54976997463743,124.54976997463743
2026-09-23T07:47:23.877425+07:00,full_training:iteration_0,1.0,257.0,15.73,39.0,8.6,11.868915557861328,14.439840621635588,124.54976997463743,124.54976997463743
2026-09-23T07:47:24.874432+07:00,full_training:iteration_0,3.0,257.0,16.34,39.0,8.6,11.86959457397461,14.433382802546321,124.48984396510794,124.48984396510794
2026-09-23T07:47:25.881422+07:00,full_training:iteration_0,3.0,257.0,15.87,39.0,8.1,11.867656707763672,14.433382802546321,124.48984396510794,124.48984396510794
2026-09-23T07:47:26.880708+07:00,full_training:iteration_0,3.0,257.0,17.01,39.0,8.9,11.88320541381836,14.431634888974282,124.40620801743817,124.40620801743817
2026-09-23T07:47:27.884748+07:00,full_training:iteration_0,3.0,257.0,17.06,39.0,8.9,11.885669708251953,14.431634888974282,124.40620801743817,124.40620801743817
2026-09-23T07:47:28.879604+07:00,full_training:iteration_0,3.0,257.0,16.58,39.0,8.3,11.888317108154297,14.422757504191171,124.36760619865377,124.36760619865377
2026-09-23T07:47:29.881892+07:00,full_training:iteration_0,3.0,257.0,15.97,39.0,8.2,11.900257110595703,14.422757504191171,124.36760619865377,124.36760619865377
2026-09-23T07:47:30.870543+07:00,full_training:iteration_0,3.0,257.0,16.7,39.0,8.9,11.892337799072266,14.418217907935652,124.27159765479624,124.27159765479624
2026-09-23T07:47:31.871105+07:00,full_training:iteration_0,4.0,257.0,16.67,39.0,8.3,11.892932891845703,14.418217907935652,124.27159765479624,124.27159765479624
2026-09-23T07:47:32.863605+07:00,full_training:iteration_0,4.0,257.0,16.79,39.0,8.9,11.894290924072266,14.412811627870294,124.24529947587425,124.24529947587425
2026-09-23T07:47:33.876460+07:00,full_training:iteration_0,3.0,257.0,16.24,39.0,8.9,11.896835327148438,14.412811627870294,124.24529947587425,124.24529947587425
2026-09-23T07:47:34.871004+07:00,full_training:iteration_0,3.0,257.0,16.57,39.0,8.2,11.895706176757812,14.404281710196345,124.16079718326485,124.16079718326485
2026-09-23T07:47:35.869847+07:00,full_training:iteration_0,4.0,257.0,16.8,39.0,7.7,11.890727996826172,14.404281710196345,124.16079718326485,124.16079718326485
2026-09-23T07:47:36.875176+07:00,full_training:iteration_0,3.0,257.0,16.08,39.0,8.3,11.889774322509766,14.398619219673105,124.12005083197404,124.12005083197404
2026-09-23T07:47:37.882051+07:00,full_training:iteration_0,3.0,257.0,15.65,40.0,8.5,11.888809204101562,14.392918225846397,124.02125607318857,124.02125607318857
2026-09-23T07:47:38.879153+07:00,full_training:iteration_0,4.0,257.0,17.13,39.0,8.2,11.887310028076172,14.392918225846397,124.02125607318857,124.02125607318857
2026-09-23T07:47:39.879544+07:00,full_training:iteration_0,4.0,257.0,16.62,39.0,8.8,11.886920928955078,14.387052053261165,123.99774162426877,123.99774162426877
2026-09-23T07:47:40.853944+07:00,full_training:iteration_0,4.0,257.0,16.15,39.0,8.1,11.869754791259766,14.387052053261165,123.99774162426877,123.99774162426877
2026-09-23T07:47:41.859264+07:00,full_training:iteration_0,3.0,257.0,16.04,39.0,10.4,11.906742095947266,14.380442739439077,123.89508285434104,123.89508285434104
2026-09-23T07:47:42.881971+07:00,full_training:iteration_0,1.0,257.0,15.33,39.0,11.1,11.895732879638672,14.380442739439077,123.89508285434104,123.89508285434104
2026-09-23T07:47:43.882106+07:00,full_training:iteration_0,8.0,257.0,15.66,39.0,9.4,11.887580871582031,14.376948778588941,123.8201485553679,123.8201485553679
2026-09-23T07:47:44.874230+07:00,full_training:iteration_0,3.0,257.0,16.11,39.0,11.9,11.889713287353516,14.376948778588941,123.8201485553679,123.8201485553679
2026-09-23T07:47:45.873245+07:00,full_training:iteration_0,3.0,257.0,16.22,39.0,13.5,11.884136199951172,14.372241091834253,123.73035181554683,123.73035181554683
2026-09-23T07:47:46.887594+07:00,full_training:iteration_0,4.0,257.0,17.21,39.0,11.3,11.882308959960938,14.372241091834253,123.73035181554683,123.73035181554683
2026-09-23T07:47:47.881188+07:00,full_training:iteration_0,4.0,257.0,16.22,39.0,11.8,11.875297546386719,14.36748977096476,123.69157379420815,123.69157379420815
2026-09-23T07:47:48.886535+07:00,full_training:iteration_0,3.0,257.0,15.94,39.0,11.2,11.875808715820312,14.36748977096476,123.69157379420815,123.69157379420815
2026-09-23T07:47:49.872066+07:00,full_training:iteration_0,3.0,257.0,16.0,39.0,11.3,11.877677917480469,14.362820218221822,123.59553071223294,123.59553071223294
2026-09-23T07:47:50.880654+07:00,full_training:iteration_0,3.0,257.0,16.07,39.0,8.1,11.87429428100586,14.360389845617798,123.52867493430149,123.52867493430149
2026-09-23T07:47:51.854049+07:00,full_training:iteration_0,5.0,257.0,15.87,39.0,8.6,11.864688873291016,14.360389845617798,123.52867493430149,123.52867493430149
2026-09-23T07:47:52.866390+07:00,full_training:iteration_0,3.0,257.0,16.29,39.0,8.4,11.869773864746094,14.35607598197795,123.43747569880716,123.43747569880716
2026-09-23T07:47:53.865762+07:00,full_training:iteration_0,3.0,257.0,16.19,39.0,8.7,11.869110107421875,14.35607598197795,123.43747569880716,123.43747569880716
2026-09-23T07:47:54.874569+07:00,full_training:iteration_0,3.0,257.0,16.54,39.0,8.0,11.870834350585938,14.3473533922119,123.36999836173598,123.36999836173598
2026-09-23T07:47:55.866061+07:00,full_training:iteration_0,5.0,257.0,15.62,39.0,10.5,11.863227844238281,14.3473533922119,123.36999836173598,123.36999836173598
2026-09-23T07:47:56.870294+07:00,full_training:iteration_0,3.0,257.0,15.96,39.0,10.6,11.875495910644531,14.341575894718332,123.27243176019141,123.27243176019141
2026-09-23T07:47:57.879311+07:00,full_training:iteration_0,4.0,257.0,16.7,39.0,8.9,11.877731323242188,14.341575894718332,123.27243176019141,123.27243176019141
2026-09-23T07:47:58.873546+07:00,full_training:iteration_0,3.0,257.0,16.38,39.0,8.2,11.887161254882812,14.337070226552992,123.22405384289925,123.22405384289925
2026-09-23T07:47:59.870480+07:00,full_training:iteration_0,3.0,257.0,16.09,39.0,10.5,11.929981231689453,14.337070226552992,123.22405384289925,123.22405384289925
2026-09-23T07:48:00.876967+07:00,full_training:iteration_0,3.0,257.0,15.79,39.0,11.8,11.947349548339844,14.334257479039884,123.13649777632517,123.13649777632517
2026-09-23T07:48:01.891984+07:00,full_training:iteration_0,1.0,257.0,15.98,39.0,11.3,11.9442138671875,14.334257479039884,123.13649777632517,123.13649777632517
2026-09-23T07:48:02.871515+07:00,full_training:iteration_0,2.0,257.0,15.92,39.0,11.6,11.94637680053711,14.329471152476865,123.08508745972232,123.08508745972232
2026-09-23T07:48:03.872240+07:00,full_training:iteration_0,3.0,257.0,16.06,39.0,13.6,11.945808410644531,14.32516984851978,122.99170904922734,122.99170904922734
2026-09-23T07:48:04.866305+07:00,full_training:iteration_0,3.0,257.0,16.41,39.0,10.1,11.944770812988281,14.32516984851978,122.99170904922734,122.99170904922734
2026-09-23T07:48:05.876049+07:00,full_training:iteration_0,3.0,257.0,16.61,39.0,11.7,11.941978454589844,14.320488739568354,122.91678481272082,122.91678481272082
2026-09-23T07:48:06.881537+07:00,full_training:iteration_0,4.0,257.0,16.02,39.0,9.8,11.933830261230469,14.320488739568354,122.91678481272082,122.91678481272082
2026-09-23T07:48:07.880679+07:00,full_training:iteration_0,3.0,257.0,16.16,39.0,10.9,11.925365447998047,14.313115673461036,122.8092050517617,122.8092050517617
2026-09-23T07:48:08.871967+07:00,full_training:iteration_0,4.0,257.0,16.03,39.0,10.6,11.932075500488281,14.313115673461036,122.8092050517617,122.8092050517617
2026-09-23T07:48:09.870162+07:00,full_training:iteration_0,3.0,257.0,16.28,39.0,10.5,11.928741455078125,14.310439855223182,122.74056849089247,122.74056849089247
2026-09-23T07:48:10.865280+07:00,full_training:iteration_0,3.0,257.0,16.28,39.0,9.7,11.944984436035156,14.310439855223182,122.74056849089247,122.74056849089247
2026-09-23T07:48:11.870940+07:00,full_training:iteration_0,3.0,257.0,17.76,39.0,12.9,11.992916107177734,14.305391417191808,122.65466295330347,122.65466295330347
2026-09-23T07:48:12.869534+07:00,full_training:iteration_0,6.0,257.0,18.37,39.0,12.1,11.99167251586914,14.310656383482648,122.65357246482422,122.65357246482422
2026-09-23T07:48:13.875096+07:00,full_training:iteration_0,5.0,257.0,18.09,39.0,12.5,11.99395751953125,14.3137649757969,122.6555097205464,122.6555097205464
2026-09-23T07:48:14.855325+07:00,full_training:iteration_0,6.0,257.0,17.73,39.0,12.8,11.999565124511719,14.318890952340592,122.65999388301462,122.65999388301462
2026-09-23T07:48:15.873758+07:00,full_training:iteration_0,3.0,257.0,17.58,39.0,12.9,12.016239166259766,14.323144601952185,122.64303311384975,122.64303311384975
2026-09-23T07:48:16.862163+07:00,full_training:iteration_0,3.0,257.0,17.55,39.0,11.4,12.015113830566406,14.325797796288528,122.67663097439662,122.67663097439662
2026-09-23T07:48:17.870297+07:00,full_training:iteration_0,5.0,257.0,18.2,40.0,11.4,12.00360107421875,14.329033244510695,122.66360063881132,122.66360063881132
2026-09-23T07:48:18.859055+07:00,full_training:iteration_0,6.0,257.0,18.4,40.0,10.5,11.993568420410156,14.333469743036012,122.66459663905388,122.66459663905388
2026-09-23T07:48:19.875844+07:00,full_training:iteration_0,5.0,257.0,18.26,39.0,11.2,11.98709487915039,14.337782749191373,122.64766059607312,122.64766059607312
2026-09-23T07:48:20.868185+07:00,full_training:iteration_0,5.0,257.0,18.14,39.0,10.0,11.98129653930664,14.340655434728758,122.64790404184714,122.64790404184714
2026-09-23T07:48:21.859569+07:00,full_training:iteration_0,5.0,257.0,18.46,39.0,10.1,11.978954315185547,14.342855803363031,122.66301254905845,122.66301254905845
2026-09-23T07:48:22.854523+07:00,full_training:iteration_0,8.0,257.0,18.58,40.0,9.7,11.969158172607422,14.345032569589543,122.681596351285,122.681596351285
2026-09-23T07:48:23.877385+07:00,full_training:iteration_0,6.0,257.0,18.3,39.0,10.4,11.953243255615234,14.345032569589543,122.681596351285,122.681596351285
2026-09-23T07:48:24.857080+07:00,full_training:iteration_0,5.0,257.0,19.13,39.0,10.3,11.940048217773438,14.348321330998754,122.66494340335437,122.66494340335437
2026-09-23T07:48:25.871208+07:00,full_training:iteration_0,6.0,257.0,18.41,39.0,10.6,11.938217163085938,14.350279841447897,122.69342683438549,122.69342683438549
2026-09-23T07:48:26.853805+07:00,full_training:iteration_0,5.0,257.0,18.54,40.0,12.1,11.959815979003906,14.355173581206897,122.67594435364344,122.67594435364344
2026-09-23T07:48:27.855513+07:00,full_training:iteration_0,4.0,257.0,17.73,39.0,12.1,11.955696105957031,14.358511649135158,122.76234727866847,122.76234727866847
2026-09-23T07:48:28.877649+07:00,full_training:iteration_0,5.0,257.0,18.63,39.0,11.7,11.959636688232422,14.362798448174217,122.74488506799152,122.74488506799152
2026-09-23T07:48:29.875084+07:00,full_training:iteration_0,9.0,257.0,18.64,40.0,13.5,11.947307586669922,14.365519008997689,122.79815170783904,122.79815170783904
2026-09-23T07:48:30.872595+07:00,full_training:iteration_0,5.0,257.0,18.68,40.0,12.7,11.955146789550781,14.368094370144743,122.79026014924612,122.79026014924612
2026-09-23T07:48:31.876252+07:00,full_training:iteration_0,7.0,257.0,18.3,40.0,14.0,11.961933135986328,14.371933115377589,122.81582863829802,122.81582863829802
2026-09-23T07:48:32.875787+07:00,full_training:iteration_0,5.0,257.0,18.01,39.0,13.6,11.948257446289062,14.376671718541195,122.79879348881137,122.79879348881137
2026-09-23T07:48:33.875296+07:00,full_training:iteration_0,6.0,257.0,18.08,39.0,11.9,11.946216583251953,14.382826946944483,122.80048903941353,122.80048903941353
2026-09-23T07:48:34.869802+07:00,full_training:iteration_0,5.0,257.0,18.81,40.0,10.9,11.946846008300781,14.387166213095377,122.8027639169689,122.8027639169689
2026-09-23T07:48:35.873919+07:00,full_training:iteration_0,6.0,257.0,18.2,40.0,12.1,11.943424224853516,14.390103503343717,122.83022776511845,122.83022776511845
2026-09-23T07:48:36.872498+07:00,full_training:iteration_0,5.0,257.0,18.04,39.0,13.9,11.95977783203125,14.393339823774166,122.8108085781757,122.8108085781757
2026-09-23T07:48:37.869820+07:00,full_training:iteration_0,2.0,257.0,18.13,40.0,11.8,11.977005004882812,14.396030158975698,122.83329204212197,122.83329204212197
2026-09-23T07:48:38.877795+07:00,full_training:iteration_0,7.0,257.0,18.08,39.0,13.9,11.977001190185547,14.401161651239764,122.81635843698429,122.81635843698429
2026-09-23T07:48:39.872798+07:00,full_training:iteration_0,6.0,257.0,18.21,40.0,16.3,11.97824478149414,14.405732423750717,122.82664033464917,122.82664033464917
2026-09-23T07:48:40.863250+07:00,full_training:iteration_0,5.0,257.0,18.32,40.0,13.1,11.978179931640625,14.408399008774488,122.84247307822965,122.84247307822965
2026-09-23T07:48:41.871630+07:00,full_training:iteration_0,5.0,257.0,18.0,40.0,12.8,11.977909088134766,14.413249901602248,122.84144906087174,122.84144906087174
2026-09-23T07:48:42.854748+07:00,full_training:iteration_0,5.0,257.0,18.86,40.0,12.3,11.974990844726562,14.416622851798222,122.83802191946346,122.83802191946346
2026-09-23T07:48:43.869988+07:00,full_training:iteration_0,7.0,257.0,18.26,40.0,12.7,11.972999572753906,14.420126034702598,122.8632343299781,122.8632343299781
2026-09-23T07:48:44.856373+07:00,full_training:iteration_0,7.0,257.0,18.76,40.0,14.4,11.964397430419922,14.422463566100353,122.90598009716462,122.90598009716462
2026-09-23T07:48:45.860465+07:00,full_training:iteration_0,9.0,257.0,18.05,40.0,13.6,11.964252471923828,14.427334231237818,122.90529053205839,122.90529053205839
2026-09-23T07:48:46.886731+07:00,full_training:iteration_0,6.0,257.0,18.07,40.0,11.2,11.986469268798828,14.427334231237818,122.90529053205839,122.90529053205839
2026-09-23T07:48:47.872250+07:00,full_training:iteration_0,6.0,257.0,17.67,39.0,9.9,12.007843017578125,14.428526101522454,122.92022099039517,122.92022099039517
2026-09-23T07:48:48.853193+07:00,full_training:iteration_0,2.0,257.0,18.86,40.0,10.7,12.012580871582031,14.432177551690739,122.97628214500115,122.97628214500115
2026-09-23T07:48:49.875150+07:00,full_training:iteration_0,5.0,257.0,18.44,40.0,10.9,12.007740020751953,14.436235524120754,122.98966702937427,122.98966702937427
2026-09-23T07:48:50.872366+07:00,full_training:iteration_0,6.0,257.0,19.31,40.0,12.8,12.00528335571289,14.439345726238956,122.99788835078803,122.99788835078803
2026-09-23T07:48:51.877843+07:00,full_training:iteration_0,2.0,257.0,16.56,39.0,12.1,11.99661636352539,14.438925157634088,123.02208718096753,123.02208718096753
2026-09-23T07:48:52.878135+07:00,full_training:iteration_0,3.0,257.0,16.71,40.0,12.1,11.978507995605469,14.438925157634088,123.02208718096753,123.02208718096753
2026-09-23T07:48:53.869277+07:00,full_training:iteration_0,3.0,257.0,16.64,39.0,16.4,11.979354858398438,14.43504969884456,122.98303262577285,122.98303262577285
2026-09-23T07:48:54.870676+07:00,full_training:iteration_0,5.0,257.0,16.56,39.0,12.7,11.977455139160156,14.43504969884456,122.98303262577285,122.98303262577285
2026-09-23T07:48:55.869027+07:00,full_training:iteration_0,3.0,257.0,17.5,39.0,12.0,11.976085662841797,14.427172252786777,122.96152709145773,122.96152709145773
2026-09-23T07:48:56.875927+07:00,full_training:iteration_0,4.0,257.0,17.69,39.0,10.5,11.953140258789062,14.427172252786777,122.96152709145773,122.96152709145773
2026-09-23T07:48:57.864173+07:00,full_training:iteration_0,4.0,257.0,18.12,40.0,10.7,11.935611724853516,14.419187323960372,122.97834193826579,122.97834193826579
2026-09-23T07:48:58.883048+07:00,full_training:iteration_0,5.0,257.0,16.1,39.0,8.6,11.933406829833984,14.419187323960372,122.97834193826579,122.97834193826579
2026-09-23T07:48:59.879605+07:00,full_training:iteration_0,3.0,257.0,16.57,39.0,11.9,11.916702270507812,14.419187323960372,122.97834193826579,122.97834193826579
2026-09-23T07:49:00.870944+07:00,full_training:iteration_0,3.0,257.0,17.04,39.0,8.9,11.913825988769531,14.408848911529438,122.88832659476927,122.88832659476927
2026-09-23T07:49:01.872204+07:00,full_training:iteration_0,5.0,257.0,16.77,39.0,8.6,11.908950805664062,14.403790412979518,122.83835115378405,122.83835115378405
2026-09-23T07:49:02.887964+07:00,full_training:iteration_0,3.0,257.0,16.29,39.0,9.5,11.917308807373047,14.403790412979518,122.83835115378405,122.83835115378405
2026-09-23T07:49:03.885037+07:00,full_training:iteration_0,3.0,257.0,16.77,39.0,9.7,11.934711456298828,14.398306247462237,122.77193389482133,122.77193389482133
2026-09-23T07:49:04.879383+07:00,full_training:iteration_0,3.0,257.0,16.34,39.0,10.4,11.92862319946289,14.398306247462237,122.77193389482133,122.77193389482133
2026-09-23T07:49:05.886029+07:00,full_training:iteration_0,3.0,257.0,15.72,40.0,8.5,11.930072784423828,14.391258500538138,122.73352075214136,122.73352075214136
2026-09-23T07:49:06.873843+07:00,full_training:iteration_0,1.0,257.0,16.5,39.0,9.0,11.920555114746094,14.391258500538138,122.73352075214136,122.73352075214136
2026-09-23T07:49:07.891716+07:00,full_training:iteration_0,4.0,257.0,16.22,39.0,13.7,11.991989135742188,14.387570158456608,122.66185493245044,122.66185493245044
2026-09-23T07:49:08.882368+07:00,full_training:iteration_0,5.0,257.0,16.98,39.0,25.7,12.058475494384766,14.387570158456608,122.66185493245044,122.66185493245044
2026-09-23T07:49:09.872853+07:00,full_training:iteration_0,3.0,257.0,16.33,39.0,18.6,12.072338104248047,14.384817440743548,122.62169354818232,122.62169354818232
2026-09-23T07:49:10.884998+07:00,full_training:iteration_0,3.0,257.0,16.02,39.0,12.7,12.05972671508789,14.384817440743548,122.62169354818232,122.62169354818232
2026-09-23T07:49:11.873759+07:00,full_training:iteration_0,3.0,257.0,16.14,39.0,10.2,12.04526138305664,14.379640397082703,122.52758279967847,122.52758279967847
2026-09-23T07:49:12.881323+07:00,full_training:iteration_0,4.0,257.0,16.01,39.0,10.2,12.046489715576172,14.379640397082703,122.52758279967847,122.52758279967847
2026-09-23T07:49:13.878715+07:00,full_training:iteration_0,3.0,257.0,16.41,39.0,11.0,12.042861938476562,14.372078886074481,122.44444823590194,122.44444823590194
2026-09-23T07:49:14.872925+07:00,full_training:iteration_0,3.0,257.0,16.06,39.0,8.6,12.04024887084961,14.372078886074481,122.44444823590194,122.44444823590194
2026-09-23T07:49:15.873290+07:00,full_training:iteration_0,3.0,257.0,16.16,39.0,8.8,12.040321350097656,14.367409656780023,122.35418990535496,122.35418990535496
2026-09-23T07:49:16.870876+07:00,full_training:iteration_0,3.0,257.0,16.15,39.0,8.4,12.038284301757812,14.364190200947439,122.2884104113403,122.2884104113403
2026-09-23T07:49:17.881748+07:00,full_training:iteration_0,4.0,257.0,15.9,39.0,7.8,12.036678314208984,14.364190200947439,122.2884104113403,122.2884104113403
2026-09-23T07:49:18.860729+07:00,full_training:iteration_0,3.0,257.0,16.28,39.0,8.2,12.038825988769531,14.358333586857922,122.21720459740857,122.21720459740857
2026-09-23T07:49:19.873702+07:00,full_training:iteration_0,3.0,257.0,17.46,39.0,9.3,12.039909362792969,14.358333586857922,122.21720459740857,122.21720459740857
2026-09-23T07:49:20.872844+07:00,full_training:iteration_0,4.0,257.0,16.42,39.0,8.3,12.05120849609375,14.351689479098518,122.16189069610478,122.16189069610478
2026-09-23T07:49:21.874531+07:00,full_training:iteration_0,4.0,257.0,16.95,39.0,12.1,12.071769714355469,14.351689479098518,122.16189069610478,122.16189069610478
2026-09-23T07:49:22.870590+07:00,full_training:iteration_0,4.0,257.0,16.3,39.0,13.2,12.083187103271484,14.351689479098518,122.16189069610478,122.16189069610478
2026-09-23T07:49:23.885364+07:00,full_training:iteration_0,3.0,257.0,16.47,39.0,14.1,12.131828308105469,14.345482028224096,122.09060020873723,122.09060020873723
2026-09-23T07:49:24.871233+07:00,full_training:iteration_0,1.0,257.0,16.28,39.0,12.7,12.136432647705078,14.340006811547173,122.06913242003857,122.06913242003857
2026-09-23T07:49:25.869870+07:00,full_training:iteration_0,1.0,257.0,16.12,39.0,13.7,12.164909362792969,14.340006811547173,122.06913242003857,122.06913242003857
2026-09-23T07:49:26.877691+07:00,full_training:iteration_0,3.0,257.0,16.3,39.0,9.1,12.198341369628906,14.33438924004872,121.97625513262788,121.97625513262788
2026-09-23T07:49:27.870919+07:00,full_training:iteration_0,3.0,257.0,17.17,40.0,10.1,12.216121673583984,14.33438924004872,121.97625513262788,121.97625513262788
2026-09-23T07:49:28.882606+07:00,full_training:iteration_0,3.0,257.0,16.89,39.0,10.7,12.218090057373047,14.33438924004872,121.97625513262788,121.97625513262788
2026-09-23T07:49:29.880763+07:00,full_training:iteration_0,3.0,257.0,16.38,39.0,10.9,12.22625732421875,14.325391862284755,121.92826929041995,121.92826929041995
2026-09-23T07:49:30.864625+07:00,full_training:iteration_0,3.0,257.0,15.99,39.0,14.7,12.245166778564453,14.325391862284755,121.92826929041995,121.92826929041995
2026-09-23T07:49:31.869901+07:00,full_training:iteration_0,3.0,257.0,16.86,40.0,15.8,12.245304107666016,14.317105038853462,121.82472214823235,121.82472214823235
2026-09-23T07:49:32.875542+07:00,full_training:iteration_0,5.0,257.0,16.75,39.0,14.2,12.244491577148438,14.317105038853462,121.82472214823235,121.82472214823235
2026-09-23T07:49:33.883719+07:00,full_training:iteration_0,4.0,257.0,16.76,39.0,15.6,12.245109558105469,14.31041884643013,121.78026824469637,121.78026824469637
2026-09-23T07:49:34.859436+07:00,full_training:iteration_0,3.0,257.0,16.22,39.0,14.2,12.292675018310547,14.31041884643013,121.78026824469637,121.78026824469637
2026-09-23T07:49:35.884288+07:00,full_training:iteration_0,3.0,257.0,16.39,39.0,15.8,12.37322998046875,14.306664388756644,121.69240362605998,121.69240362605998
2026-09-23T07:49:36.870408+07:00,full_training:iteration_0,3.0,257.0,16.63,39.0,18.9,12.384265899658203,14.306664388756644,121.69240362605998,121.69240362605998
2026-09-23T07:49:37.871993+07:00,full_training:iteration_0,3.0,257.0,16.28,39.0,9.5,12.379932403564453,14.299371339001214,121.63167787213227,121.63167787213227
2026-09-23T07:49:38.879865+07:00,full_training:iteration_0,3.0,257.0,16.2,39.0,15.1,12.390804290771484,14.299371339001214,121.63167787213227,121.63167787213227
2026-09-23T07:49:39.871560+07:00,full_training:iteration_0,3.0,257.0,16.62,39.0,14.4,12.423355102539062,14.295952651263693,121.54688731537695,121.54688731537695
2026-09-23T07:49:40.871301+07:00,full_training:iteration_0,3.0,257.0,17.05,39.0,14.8,12.454856872558594,14.295952651263693,121.54688731537695,121.54688731537695
2026-09-23T07:49:41.879882+07:00,full_training:iteration_0,3.0,257.0,16.41,39.0,15.1,12.555885314941406,14.290335445508113,121.4914601986337,121.4914601986337
2026-09-23T07:49:42.884369+07:00,full_training:iteration_0,3.0,257.0,15.89,39.0,14.6,12.543022155761719,14.290335445508113,121.4914601986337,121.4914601986337
2026-09-23T07:49:43.862775+07:00,full_training:iteration_0,3.0,257.0,16.26,39.0,18.8,12.56204605102539,14.28523034728572,121.40296076062931,121.40296076062931
2026-09-23T07:49:44.884871+07:00,full_training:iteration_0,1.0,257.0,16.01,39.0,14.2,12.555976867675781,14.28523034728572,121.40296076062931,121.40296076062931
2026-09-23T07:49:45.893586+07:00,full_training:iteration_0,1.0,257.0,16.86,39.0,14.0,12.574832916259766,14.278372032047857,121.37447170326928,121.37447170326928
2026-09-23T07:49:46.873923+07:00,full_training:iteration_0,3.0,257.0,16.41,39.0,14.5,12.601661682128906,14.278372032047857,121.37447170326928,121.37447170326928
2026-09-23T07:49:47.884444+07:00,full_training:iteration_0,3.0,257.0,17.0,39.0,15.9,12.60744857788086,14.272510458126177,121.28245551168645,121.28245551168645
2026-09-23T07:49:48.882190+07:00,full_training:iteration_0,5.0,257.0,16.44,39.0,18.0,12.619499206542969,14.272510458126177,121.28245551168645,121.28245551168645
2026-09-23T07:49:49.857826+07:00,full_training:iteration_0,3.0,257.0,16.31,39.0,15.4,12.618282318115234,14.267041565536015,121.2256572441232,121.2256572441232
2026-09-23T07:49:50.878005+07:00,full_training:iteration_0,3.0,257.0,16.1,39.0,15.8,12.616085052490234,14.267041565536015,121.2256572441232,121.2256572441232
2026-09-23T07:49:51.882620+07:00,full_training:iteration_0,3.0,257.0,16.55,39.0,15.9,12.610713958740234,14.261119683430644,121.13400575980141,121.13400575980141
2026-09-23T07:49:52.873525+07:00,full_training:iteration_0,3.0,257.0,16.71,39.0,14.9,12.6064453125,14.261119683430644,121.13400575980141,121.13400575980141
2026-09-23T07:49:53.857737+07:00,full_training:iteration_0,3.0,257.0,16.57,39.0,19.3,12.609737396240234,14.254946124704672,121.05203838835561,121.05203838835561
2026-09-23T07:49:54.857423+07:00,full_training:iteration_0,3.0,257.0,16.48,39.0,16.1,12.621803283691406,14.251438741326817,120.97765720726308,120.97765720726308
2026-09-23T07:49:55.884499+07:00,full_training:iteration_0,4.0,257.0,16.4,39.0,19.4,12.628955841064453,14.251438741326817,120.97765720726308,120.97765720726308
2026-09-23T07:49:56.890950+07:00,full_training:iteration_0,4.0,257.0,17.22,39.0,15.4,12.650993347167969,14.246063234009469,120.92599741003534,120.92599741003534
2026-09-23T07:49:57.877076+07:00,full_training:iteration_0,4.0,257.0,16.46,39.0,17.0,12.653514862060547,14.246063234009469,120.92599741003534,120.92599741003534
2026-09-23T07:49:58.882826+07:00,full_training:iteration_0,3.0,257.0,16.66,39.0,18.6,12.66244125366211,14.241893736873383,120.83794058768552,120.83794058768552
2026-09-23T07:49:59.879301+07:00,full_training:iteration_0,4.0,257.0,16.8,39.0,20.1,12.659042358398438,14.241893736873383,120.83794058768552,120.83794058768552
2026-09-23T07:50:00.865980+07:00,full_training:iteration_0,3.0,257.0,16.65,40.0,20.2,12.67724609375,14.238518340978091,120.77113997629617,120.77113997629617
2026-09-23T07:50:01.874335+07:00,full_training:iteration_0,3.0,257.0,16.0,39.0,15.9,12.672500610351562,14.238518340978091,120.77113997629617,120.77113997629617
2026-09-23T07:50:02.870107+07:00,full_training:iteration_0,3.0,257.0,15.98,39.0,18.7,12.677803039550781,14.232458721337643,120.68098616459609,120.68098616459609
2026-09-23T07:50:03.879657+07:00,full_training:iteration_0,1.0,257.0,16.11,39.0,15.4,12.721221923828125,14.232458721337643,120.68098616459609,120.68098616459609
2026-09-23T07:50:04.854171+07:00,full_training:iteration_0,1.0,257.0,16.55,39.0,15.1,12.689720153808594,14.224431624892356,120.6091060536562,120.6091060536562
2026-09-23T07:50:05.874645+07:00,full_training:iteration_0,3.0,257.0,16.27,39.0,18.8,12.70523452758789,14.224431624892356,120.6091060536562,120.6091060536562
2026-09-23T07:50:06.876832+07:00,full_training:iteration_0,3.0,257.0,16.83,39.0,15.7,12.696407318115234,14.222060626130117,120.53332868751092,120.53332868751092
2026-09-23T07:50:07.886388+07:00,full_training:iteration_0,3.0,257.0,16.43,39.0,14.3,12.688896179199219,14.222060626130117,120.53332868751092,120.53332868751092
2026-09-23T07:50:08.878355+07:00,full_training:iteration_0,3.0,257.0,16.36,39.0,14.8,12.652179718017578,14.214694300868624,120.45760912075012,120.45760912075012
2026-09-23T07:50:09.866882+07:00,full_training:iteration_0,3.0,257.0,16.27,39.0,17.9,12.65011978149414,14.214694300868624,120.45760912075012,120.45760912075012
2026-09-23T07:50:10.886252+07:00,full_training:iteration_0,3.0,257.0,16.64,39.0,14.9,12.601638793945312,14.209495609976644,120.37035225123749,120.37035225123749
2026-09-23T07:50:11.855329+07:00,full_training:iteration_0,3.0,257.0,17.29,39.0,15.0,12.610069274902344,14.209495609976644,120.37035225123749,120.37035225123749
2026-09-23T07:50:12.886149+07:00,full_training:iteration_0,3.0,257.0,17.23,39.0,14.8,12.590660095214844,14.20295636076743,120.33641657664953,120.33641657664953
2026-09-23T07:50:13.871801+07:00,full_training:iteration_0,3.0,257.0,16.67,39.0,17.1,12.605945587158203,14.20295636076743,120.33641657664953,120.33641657664953
2026-09-23T07:50:14.881777+07:00,full_training:iteration_0,4.0,257.0,16.15,39.0,14.7,12.611286163330078,14.195559409476234,120.25375943731161,120.25375943731161
2026-09-23T07:50:15.867442+07:00,full_training:iteration_0,4.0,257.0,16.39,39.0,16.0,12.59625244140625,14.195559409476234,120.25375943731161,120.25375943731161
2026-09-23T07:50:16.875892+07:00,full_training:iteration_0,3.0,257.0,16.69,39.0,19.3,12.58968734741211,14.19052803702179,120.18374287400685,120.18374287400685
2026-09-23T07:50:17.883382+07:00,full_training:iteration_0,4.0,257.0,16.3,39.0,17.3,12.593421936035156,14.19052803702179,120.18374287400685,120.18374287400685
2026-09-23T07:50:18.884530+07:00,full_training:iteration_0,3.0,257.0,16.47,39.0,17.3,12.607284545898438,14.186144276149692,120.09965378673351,120.09965378673351
2026-09-23T07:50:19.870688+07:00,full_training:iteration_0,3.0,257.0,16.99,39.0,15.3,12.618473052978516,14.186144276149692,120.09965378673351,120.09965378673351
2026-09-23T07:50:20.870902+07:00,full_training:iteration_0,5.0,257.0,16.25,39.0,15.4,12.62618637084961,14.179305134209814,120.0469444784978,120.0469444784978
2026-09-23T07:50:21.867471+07:00,full_training:iteration_0,5.0,257.0,16.19,39.0,17.0,12.639629364013672,14.179305134209814,120.0469444784978,120.0469444784978
2026-09-23T07:50:22.872932+07:00,full_training:iteration_0,3.0,257.0,16.85,39.0,14.0,12.679317474365234,14.173013429370299,119.98130773363357,119.98130773363357
2026-09-23T07:50:23.868952+07:00,full_training:iteration_0,6.0,257.0,16.55,39.0,16.4,12.697479248046875,14.173013429370299,119.98130773363357,119.98130773363357
2026-09-23T07:50:24.881148+07:00,full_training:iteration_0,1.0,257.0,16.42,39.0,12.6,12.701614379882812,14.173013429370299,119.98130773363357,119.98130773363357
2026-09-23T07:50:25.880122+07:00,full_training:iteration_0,1.0,257.0,16.57,39.0,15.7,12.721004486083984,14.164399317799619,119.91761055171192,119.91761055171192
2026-09-23T07:50:26.870066+07:00,full_training:iteration_0,4.0,257.0,16.01,39.0,13.8,12.740226745605469,14.164399317799619,119.91761055171192,119.91761055171192
2026-09-23T07:50:27.864513+07:00,full_training:iteration_0,3.0,257.0,16.8,39.0,16.4,12.754375457763672,14.160132841113093,119.84493039047204,119.84493039047204
2026-09-23T07:50:28.872426+07:00,full_training:iteration_0,3.0,257.0,16.35,39.0,12.7,12.748424530029297,14.160132841113093,119.84493039047204,119.84493039047204
2026-09-23T07:50:29.884893+07:00,full_training:iteration_0,3.0,257.0,16.77,39.0,15.0,12.750640869140625,14.150976511590054,119.78673949181722,119.78673949181722
2026-09-23T07:50:30.883721+07:00,full_training:iteration_0,3.0,257.0,16.18,39.0,15.8,12.770496368408203,14.150976511590054,119.78673949181722,119.78673949181722
2026-09-23T07:50:31.870500+07:00,full_training:iteration_0,3.0,257.0,16.54,39.0,13.1,12.75564956665039,14.143541681362493,119.68938600553007,119.68938600553007
2026-09-23T07:50:32.869152+07:00,full_training:iteration_0,3.0,257.0,16.91,39.0,14.7,12.867469787597656,14.143541681362493,119.68938600553007,119.68938600553007
2026-09-23T07:50:33.881619+07:00,full_training:iteration_0,3.0,257.0,16.3,39.0,14.1,12.882511138916016,14.138525810818326,119.6387312520554,119.6387312520554
2026-09-23T07:50:34.875426+07:00,full_training:iteration_0,3.0,257.0,16.13,39.0,13.5,12.889549255371094,14.138525810818326,119.6387312520554,119.6387312520554
2026-09-23T07:50:35.878376+07:00,full_training:iteration_0,3.0,257.0,16.33,39.0,13.4,12.952735900878906,14.13522023769181,119.56241235426032,119.56241235426032
2026-09-23T07:50:36.872403+07:00,full_training:iteration_0,3.0,257.0,16.42,39.0,12.3,12.839691162109375,14.13522023769181,119.56241235426032,119.56241235426032
2026-09-23T07:50:37.866881+07:00,full_training:iteration_0,3.0,257.0,16.41,39.0,14.0,12.86191177368164,14.129518146685236,119.483991037298,119.483991037298
2026-09-23T07:50:38.887323+07:00,full_training:iteration_0,3.0,257.0,16.66,39.0,18.9,12.496135711669922,14.129518146685236,119.483991037298,119.483991037298
2026-09-23T07:50:39.865172+07:00,full_training:iteration_0,3.0,257.0,16.53,39.0,13.2,12.493892669677734,14.121403043634997,119.42195600407884,119.42195600407884
2026-09-23T07:50:40.853758+07:00,full_training:iteration_0,3.0,257.0,16.12,39.0,15.2,12.463569641113281,14.121403043634997,119.42195600407884,119.42195600407884
2026-09-23T07:50:41.881040+07:00,full_training:iteration_0,3.0,257.0,17.08,39.0,13.3,12.472763061523438,14.113241794194154,119.36017703620502,119.36017703620502
2026-09-23T07:50:42.875801+07:00,full_training:iteration_0,3.0,257.0,16.52,39.0,13.9,12.468708038330078,14.113241794194154,119.36017703620502,119.36017703620502
2026-09-23T07:50:43.870374+07:00,full_training:iteration_0,3.0,257.0,16.23,39.0,16.1,12.492496490478516,14.110166288721445,119.28082318081196,119.28082318081196
2026-09-23T07:50:44.871337+07:00,full_training:iteration_0,4.0,257.0,16.42,39.0,14.1,12.489402770996094,14.110166288721445,119.28082318081196,119.28082318081196
2026-09-23T07:50:45.874848+07:00,full_training:iteration_0,1.0,257.0,16.14,39.0,13.1,12.490947723388672,14.102983516704082,119.22271475468953,119.22271475468953
2026-09-23T07:50:46.880099+07:00,full_training:iteration_0,2.0,257.0,16.55,39.0,11.9,12.474567413330078,14.102983516704082,119.22271475468953,119.22271475468953
2026-09-23T07:50:47.878934+07:00,full_training:iteration_0,3.0,257.0,16.3,39.0,15.7,12.470390319824219,14.097985310406363,119.15120701633603,119.15120701633603
2026-09-23T07:50:48.874599+07:00,full_training:iteration_0,4.0,257.0,17.41,39.0,10.7,12.476810455322266,14.097985310406363,119.15120701633603,119.15120701633603
2026-09-23T07:50:49.875819+07:00,full_training:iteration_0,4.0,257.0,16.88,39.0,16.9,12.482093811035156,14.092293809005135,119.11169971821157,119.11169971821157
2026-09-23T07:50:50.886161+07:00,full_training:iteration_0,5.0,257.0,16.38,39.0,14.0,12.491111755371094,14.092293809005135,119.11169971821157,119.11169971821157
2026-09-23T07:50:51.884072+07:00,full_training:iteration_0,3.0,257.0,16.28,39.0,15.9,12.490463256835938,14.088510720095972,119.03335039515673,119.03335039515673
2026-09-23T07:50:52.876275+07:00,full_training:iteration_0,5.0,257.0,16.15,39.0,13.5,12.494823455810547,14.088510720095972,119.03335039515673,119.03335039515673
2026-09-23T07:50:53.874513+07:00,full_training:iteration_0,3.0,257.0,16.95,39.0,16.3,12.507015228271484,14.081072125651856,118.97514321378237,118.97514321378237
2026-09-23T07:50:54.880913+07:00,full_training:iteration_0,3.0,257.0,16.26,39.0,11.9,12.495758056640625,14.081072125651856,118.97514321378237,118.97514321378237
2026-09-23T07:50:55.882168+07:00,full_training:iteration_0,3.0,257.0,17.35,39.0,16.1,12.504802703857422,14.081072125651856,118.97514321378237,118.97514321378237
2026-09-23T07:50:56.883961+07:00,full_training:iteration_0,5.0,257.0,16.84,39.0,17.3,12.503101348876953,14.072373170748358,118.91947395314487,118.91947395314487
2026-09-23T07:50:57.868731+07:00,full_training:iteration_0,4.0,257.0,16.91,39.0,14.7,12.50131607055664,14.072373170748358,118.91947395314487,118.91947395314487
2026-09-23T07:50:58.879081+07:00,full_training:iteration_0,5.0,257.0,16.2,39.0,15.9,12.506462097167969,14.063958236076665,118.87471728361427,118.87471728361427
2026-09-23T07:50:59.876468+07:00,full_training:iteration_0,3.0,257.0,16.0,39.0,16.2,12.49090576171875,14.063958236076665,118.87471728361427,118.87471728361427
2026-09-23T07:51:00.872612+07:00,full_training:iteration_0,3.0,257.0,16.21,39.0,17.4,12.486312866210938,14.060367954157096,118.79496930331352,118.79496930331352
2026-09-23T07:51:01.885483+07:00,full_training:iteration_0,3.0,257.0,16.73,39.0,19.4,12.48238754272461,14.060367954157096,118.79496930331352,118.79496930331352
2026-09-23T07:51:02.871568+07:00,full_training:iteration_0,4.0,257.0,16.33,39.0,17.3,12.470855712890625,14.055604521881014,118.73304278177365,118.73304278177365
2026-09-23T07:51:03.875941+07:00,full_training:iteration_0,3.0,257.0,16.01,39.0,17.6,12.485210418701172,14.055604521881014,118.73304278177365,118.73304278177365
2026-09-23T07:51:04.874136+07:00,full_training:iteration_0,3.0,257.0,15.91,39.0,18.1,12.492130279541016,14.051064310684758,118.64876285971863,118.64876285971863
2026-09-23T07:51:05.872613+07:00,full_training:iteration_0,1.0,257.0,15.97,39.0,17.9,12.490516662597656,14.051064310684758,118.64876285971863,118.64876285971863
2026-09-23T07:51:06.874040+07:00,full_training:iteration_0,1.0,257.0,16.1,39.0,13.8,12.484745025634766,14.043176556791298,118.60780379282107,118.60780379282107
2026-09-23T07:51:07.875332+07:00,full_training:iteration_0,3.0,257.0,16.46,39.0,16.8,12.488750457763672,14.043176556791298,118.60780379282107,118.60780379282107
2026-09-23T07:51:08.870322+07:00,full_training:iteration_0,3.0,257.0,16.43,39.0,14.4,12.498790740966797,14.036467841493259,118.53220968460997,118.53220968460997
2026-09-23T07:51:09.873764+07:00,full_training:iteration_0,5.0,257.0,16.24,39.0,12.3,12.49661636352539,14.036467841493259,118.53220968460997,118.53220968460997
2026-09-23T07:51:10.868954+07:00,full_training:iteration_0,3.0,257.0,16.31,39.0,16.0,12.499011993408203,14.03209322595872,118.47245308660563,118.47245308660563
2026-09-23T07:51:11.867046+07:00,full_training:iteration_0,3.0,257.0,15.66,39.0,15.2,12.501213073730469,14.03209322595872,118.47245308660563,118.47245308660563
2026-09-23T07:51:12.883275+07:00,full_training:iteration_0,3.0,257.0,16.33,40.0,13.3,12.505203247070312,14.02778506859776,118.39764067953908,118.39764067953908
2026-09-23T07:51:13.881395+07:00,full_training:iteration_0,3.0,257.0,16.25,39.0,11.4,12.502132415771484,14.02778506859776,118.39764067953908,118.39764067953908
2026-09-23T07:51:14.867410+07:00,full_training:iteration_0,3.0,257.0,16.54,39.0,15.5,12.505546569824219,14.024391425477042,118.34629471275814,118.34629471275814
2026-09-23T07:51:15.881812+07:00,full_training:iteration_0,3.0,257.0,15.82,39.0,16.8,12.514755249023438,14.024391425477042,118.34629471275814,118.34629471275814
2026-09-23T07:51:16.853777+07:00,full_training:iteration_0,3.0,257.0,16.64,40.0,13.6,12.519359588623047,14.016968006789108,118.27533236434977,118.27533236434977
2026-09-23T07:51:17.869835+07:00,full_training:iteration_0,3.0,257.0,15.8,39.0,13.6,12.52224349975586,14.016968006789108,118.27533236434977,118.27533236434977
2026-09-23T07:51:18.877410+07:00,full_training:iteration_0,3.0,257.0,16.56,39.0,16.6,12.14364242553711,14.00904917588439,118.21387211496167,118.21387211496167
2026-09-23T07:51:19.879953+07:00,full_training:iteration_0,4.0,257.0,16.09,39.0,10.6,12.146488189697266,14.00904917588439,118.21387211496167,118.21387211496167
2026-09-23T07:51:20.876085+07:00,full_training:iteration_0,3.0,257.0,16.25,39.0,8.4,12.145503997802734,14.004681951604043,118.13689733479718,118.13689733479718
2026-09-23T07:51:21.874748+07:00,full_training:iteration_0,5.0,257.0,16.14,39.0,10.7,12.088310241699219,14.004681951604043,118.13689733479718,118.13689733479718
2026-09-23T07:51:22.878137+07:00,full_training:iteration_0,3.0,257.0,15.95,39.0,10.4,12.094425201416016,14.000340422755455,118.07256513344772,118.07256513344772
2026-09-23T07:51:23.883173+07:00,full_training:iteration_0,4.0,257.0,15.51,39.0,8.6,12.100837707519531,14.000340422755455,118.07256513344772,118.07256513344772
2026-09-23T07:51:24.864127+07:00,full_training:iteration_0,3.0,257.0,15.6,39.0,10.8,12.121307373046875,13.997923438129096,118.0005504273952,118.0005504273952
2026-09-23T07:51:25.881499+07:00,full_training:iteration_0,1.0,257.0,15.82,39.0,12.2,12.11697769165039,13.997923438129096,118.0005504273952,118.0005504273952
2026-09-23T07:51:26.879144+07:00,full_training:iteration_0,1.0,257.0,16.02,39.0,10.8,12.128669738769531,13.99535701467749,117.9539305471535,117.9539305471535
2026-09-23T07:51:27.860715+07:00,full_training:iteration_0,3.0,257.0,16.04,39.0,8.6,12.118419647216797,13.991623994600284,117.87943215450738,117.87943215450738
2026-09-23T07:51:28.854277+07:00,full_training:iteration_0,3.0,257.0,16.53,39.0,9.7,12.108779907226562,13.991623994600284,117.87943215450738,117.87943215450738
2026-09-23T07:51:29.869308+07:00,full_training:iteration_0,3.0,257.0,16.08,39.0,7.2,12.11159896850586,13.988279803909263,117.82833103523754,117.82833103523754
2026-09-23T07:51:30.854113+07:00,full_training:iteration_0,5.0,257.0,15.6,39.0,8.5,12.112274169921875,13.988279803909263,117.82833103523754,117.82833103523754
2026-09-23T07:51:31.853987+07:00,full_training:iteration_0,3.0,257.0,15.73,39.0,7.6,12.108821868896484,13.983955254288118,117.75419147706822,117.75419147706822
2026-09-23T07:51:32.882880+07:00,full_training:iteration_0,4.0,257.0,16.78,39.0,7.8,12.080894470214844,13.983955254288118,117.75419147706822,117.75419147706822
2026-09-23T07:51:33.877621+07:00,full_training:iteration_0,4.0,257.0,16.4,39.0,7.5,12.075752258300781,13.978725460271319,117.71826125969774,117.71826125969774
2026-09-23T07:51:34.864041+07:00,full_training:iteration_0,5.0,257.0,16.47,39.0,7.6,12.073616027832031,13.978725460271319,117.71826125969774,117.71826125969774
2026-09-23T07:51:35.879000+07:00,full_training:iteration_0,3.0,257.0,15.79,39.0,8.7,12.072418212890625,13.974158832750518,117.66216002076797,117.66216002076797
2026-09-23T07:51:36.880251+07:00,full_training:iteration_0,3.0,257.0,15.66,39.0,8.6,12.069313049316406,13.974158832750518,117.66216002076797,117.66216002076797
2026-09-23T07:51:37.882054+07:00,full_training:iteration_0,3.0,257.0,16.69,39.0,8.7,12.077922821044922,13.966569132773287,117.60570738655673,117.60570738655673
2026-09-23T07:51:38.871395+07:00,full_training:iteration_0,3.0,257.0,16.51,39.0,8.4,12.076396942138672,13.966569132773287,117.60570738655673,117.60570738655673
2026-09-23T07:51:39.860657+07:00,full_training:iteration_0,3.0,257.0,16.47,39.0,8.3,12.076786041259766,13.962668246579394,117.54949663436882,117.54949663436882
2026-09-23T07:51:40.855138+07:00,full_training:iteration_0,4.0,257.0,17.35,39.0,11.1,12.071918487548828,13.962668246579394,117.54949663436882,117.54949663436882
2026-09-23T07:51:41.873198+07:00,full_training:iteration_0,3.0,257.0,17.09,39.0,9.2,12.074851989746094,13.962668246579394,117.54949663436882,117.54949663436882
2026-09-23T07:51:42.869426+07:00,full_training:iteration_0,5.0,257.0,16.65,39.0,8.8,12.07699203491211,13.952079346158296,117.56965007522822,117.56965007522822
2026-09-23T07:51:43.874716+07:00,full_training:iteration_0,3.0,257.0,15.73,39.0,8.6,12.077293395996094,13.952079346158296,117.56965007522822,117.56965007522822
2026-09-23T07:51:44.875075+07:00,full_training:iteration_0,3.0,257.0,15.87,39.0,8.5,12.08944320678711,13.947008954172535,117.49139478889768,117.49139478889768
2026-09-23T07:51:45.880181+07:00,full_training:iteration_0,1.0,257.0,16.7,39.0,8.4,12.092357635498047,13.947008954172535,117.49139478889768,117.49139478889768
2026-09-23T07:51:46.862100+07:00,full_training:iteration_0,1.0,257.0,16.25,39.0,8.8,12.089984893798828,13.940862065895258,117.45080455076338,117.45080455076338
2026-09-23T07:51:47.881677+07:00,full_training:iteration_0,3.0,257.0,16.11,39.0,7.6,12.087020874023438,13.940862065895258,117.45080455076338,117.45080455076338
2026-09-23T07:51:48.874335+07:00,full_training:iteration_0,3.0,257.0,16.6,39.0,8.9,12.083221435546875,13.93695004117692,117.37413438524511,117.37413438524511
2026-09-23T07:51:49.875268+07:00,full_training:iteration_0,5.0,257.0,16.59,39.0,8.5,12.084518432617188,13.93695004117692,117.37413438524511,117.37413438524511
2026-09-23T07:51:50.870104+07:00,full_training:iteration_0,3.0,257.0,16.81,39.0,7.9,12.085395812988281,13.930647709202187,117.34690758555352,117.34690758555352
2026-09-23T07:51:51.876917+07:00,full_training:iteration_0,4.0,257.0,16.02,39.0,8.2,12.083305358886719,13.930647709202187,117.34690758555352,117.34690758555352
2026-09-23T07:51:52.880989+07:00,full_training:iteration_0,3.0,257.0,17.0,39.0,8.9,12.078704833984375,13.926605795665488,117.31956034081638,117.31956034081638
2026-09-23T07:51:53.879541+07:00,full_training:iteration_0,3.0,257.0,16.63,39.0,8.9,12.07845687866211,13.926605795665488,117.31956034081638,117.31956034081638
2026-09-23T07:51:54.873476+07:00,full_training:iteration_0,4.0,257.0,16.0,39.0,8.8,12.077342987060547,13.92423691805247,117.28085925420277,117.28085925420277
2026-09-23T07:51:55.874832+07:00,full_training:iteration_0,3.0,257.0,15.82,39.0,8.8,12.075275421142578,13.92213242953122,117.21647939779676,117.21647939779676
2026-09-23T07:51:56.878654+07:00,full_training:iteration_0,5.0,257.0,16.23,39.0,10.4,12.08023452758789,13.92213242953122,117.21647939779676,117.21647939779676
2026-09-23T07:51:57.871332+07:00,full_training:iteration_0,3.0,257.0,16.28,39.0,7.9,12.081192016601562,13.918096836436222,117.15941806445123,117.15941806445123
2026-09-23T07:51:58.875079+07:00,full_training:iteration_0,5.0,257.0,16.25,39.0,9.0,12.08224105834961,13.918096836436222,117.15941806445123,117.15941806445123
2026-09-23T07:51:59.882938+07:00,full_training:iteration_0,3.0,257.0,16.19,39.0,7.2,12.084831237792969,13.911873104891477,117.08209598727315,117.08209598727315
2026-09-23T07:52:00.880481+07:00,full_training:iteration_0,3.0,257.0,16.61,39.0,8.4,12.080978393554688,13.911873104891477,117.08209598727315,117.08209598727315
2026-09-23T07:52:01.867743+07:00,full_training:iteration_0,5.0,257.0,16.02,39.0,9.8,12.105110168457031,13.908306575247368,117.04112074600567,117.04112074600567
2026-09-23T07:52:02.875326+07:00,full_training:iteration_0,4.0,257.0,15.75,39.0,11.2,12.113475799560547,13.908306575247368,117.04112074600567,117.04112074600567
2026-09-23T07:52:03.873363+07:00,full_training:iteration_0,3.0,257.0,15.91,39.0,10.0,12.145450592041016,13.903417574049696,116.96250034169306,116.96250034169306
2026-09-23T07:52:04.861164+07:00,full_training:iteration_0,6.0,257.0,16.61,39.0,9.6,12.143447875976562,13.903417574049696,116.96250034169306,116.96250034169306
2026-09-23T07:52:05.870466+07:00,full_training:iteration_0,1.0,257.0,16.09,39.0,11.5,12.123435974121094,13.898538175892657,116.9301311013327,116.9301311013327
2026-09-23T07:52:06.872102+07:00,full_training:iteration_0,3.0,257.0,15.76,39.0,10.2,12.117069244384766,13.898538175892657,116.9301311013327,116.9301311013327
2026-09-23T07:52:07.874787+07:00,full_training:iteration_0,3.0,257.0,16.43,39.0,11.9,12.118167877197266,13.893137653739153,116.87822677259733,116.87822677259733
2026-09-23T07:52:08.857279+07:00,full_training:iteration_0,5.0,257.0,15.96,39.0,10.9,12.117904663085938,13.893137653739153,116.87822677259733,116.87822677259733
2026-09-23T07:52:09.883055+07:00,full_training:iteration_0,3.0,257.0,16.14,39.0,11.3,12.095645904541016,13.889561392119568,116.8227964359946,116.8227964359946
2026-09-23T07:52:10.883284+07:00,full_training:iteration_0,4.0,257.0,16.64,39.0,13.4,12.09511947631836,13.889561392119568,116.8227964359946,116.8227964359946
2026-09-23T07:52:11.882672+07:00,full_training:iteration_0,3.0,257.0,16.76,39.0,14.0,12.142505645751953,13.885630849946416,116.77199244160329,116.77199244160329
2026-09-23T07:52:12.872471+07:00,full_training:iteration_0,5.0,257.0,18.12,40.0,13.7,12.15667724609375,13.888189781925323,116.79087811771382,116.79087811771382
2026-09-23T07:52:13.874167+07:00,full_training:iteration_0,7.0,257.0,17.46,39.0,14.4,12.127555847167969,13.891466677730488,116.77749677775698,116.77749677775698
2026-09-23T07:52:14.874823+07:00,full_training:iteration_0,7.0,257.0,17.68,39.0,14.1,12.12106704711914,13.894748241151143,116.77927138521596,116.77927138521596
2026-09-23T07:52:15.870655+07:00,full_training:iteration_0,7.0,257.0,18.0,40.0,13.7,12.117229461669922,13.89819408052254,116.79814013635524,116.79814013635524
2026-09-23T07:52:16.874867+07:00,full_training:iteration_0,6.0,257.0,18.41,39.0,13.2,12.116508483886719,13.89819408052254,116.79814013635524,116.79814013635524
2026-09-23T07:52:17.874911+07:00,full_training:iteration_0,6.0,257.0,18.29,39.0,16.6,12.120792388916016,13.900312005765448,116.83155837415718,116.83155837415718
2026-09-23T07:52:18.868946+07:00,full_training:iteration_0,5.0,257.0,17.51,39.0,13.4,12.146778106689453,13.904018390272762,116.81818045654438,116.81818045654438
2026-09-23T07:52:19.859019+07:00,full_training:iteration_0,2.0,257.0,17.61,39.0,13.9,12.127212524414062,13.907561957137183,116.8241463428307,116.8241463428307
2026-09-23T07:52:20.874436+07:00,full_training:iteration_0,5.0,257.0,18.1,39.0,13.6,12.130142211914062,13.909444909514114,116.8343338424691,116.8343338424691
2026-09-23T07:52:21.871357+07:00,full_training:iteration_0,6.0,257.0,17.93,39.0,14.9,12.126663208007812,13.912562998695142,116.8430290871545,116.8430290871545
2026-09-23T07:52:22.874876+07:00,full_training:iteration_0,5.0,257.0,17.66,39.0,15.9,12.125907897949219,13.914888374140926,116.82822864251237,116.82822864251237
2026-09-23T07:52:23.877209+07:00,full_training:iteration_0,5.0,257.0,18.93,39.0,11.8,12.12680435180664,13.916234041763824,116.8614193541193,116.8614193541193
2026-09-23T07:52:24.872611+07:00,full_training:iteration_0,7.0,257.0,18.1,39.0,12.8,12.129535675048828,13.920510273369176,116.85432644934001,116.85432644934001
2026-09-23T07:52:25.874319+07:00,full_training:iteration_0,6.0,257.0,18.65,39.0,11.4,12.12298583984375,13.924119417128285,116.88967911230176,116.88967911230176
2026-09-23T07:52:26.870267+07:00,full_training:iteration_0,6.0,257.0,17.78,39.0,17.7,12.144546508789062,13.92878712665813,116.87784815023396,116.87784815023396
2026-09-23T07:52:27.873849+07:00,full_training:iteration_0,6.0,257.0,18.33,40.0,15.3,12.15200424194336,13.92878712665813,116.87784815023396,116.87784815023396
2026-09-23T07:52:28.870987+07:00,full_training:iteration_0,6.0,257.0,17.95,39.0,15.0,12.171592712402344,13.930122315479396,116.91592740171528,116.91592740171528
2026-09-23T07:52:29.870985+07:00,full_training:iteration_0,5.0,257.0,17.57,39.0,18.2,12.213951110839844,13.93221254990312,116.90494671672725,116.90494671672725
2026-09-23T07:52:30.864783+07:00,full_training:iteration_0,2.0,257.0,18.01,39.0,15.0,12.26596450805664,13.935719549663773,116.93013496713645,116.93013496713645
2026-09-23T07:52:31.858083+07:00,full_training:iteration_0,5.0,257.0,18.05,39.0,12.9,12.272109985351562,13.939150665903396,116.92425441148227,116.92425441148227
2026-09-23T07:52:32.873794+07:00,full_training:iteration_0,6.0,257.0,17.85,39.0,11.5,12.28055191040039,13.942571171979793,116.92702040251994,116.92702040251994
2026-09-23T07:52:33.854363+07:00,full_training:iteration_0,5.0,257.0,17.86,40.0,11.9,12.287925720214844,13.947091849148277,116.92105192790878,116.92105192790878
2026-09-23T07:52:34.885576+07:00,full_training:iteration_0,6.0,257.0,17.17,39.0,15.9,12.304931640625,13.950229454017052,116.93206330396684,116.93206330396684
2026-09-23T07:52:35.876892+07:00,full_training:iteration_0,3.0,257.0,16.76,40.0,12.1,12.289497375488281,13.950229454017052,116.93206330396684,116.93206330396684
2026-09-23T07:52:36.866796+07:00,full_training:iteration_0,3.0,257.0,16.46,39.0,10.6,12.304851531982422,13.946207249352971,116.88556576695726,116.88556576695726
2026-09-23T07:52:37.870326+07:00,full_training:iteration_0,3.0,257.0,16.18,39.0,13.3,12.307373046875,13.946207249352971,116.88556576695726,116.88556576695726
2026-09-23T07:52:38.873720+07:00,full_training:iteration_0,3.0,257.0,15.94,39.0,11.7,12.306259155273438,13.942330629654416,116.8242357750524,116.8242357750524
2026-09-23T07:52:39.886359+07:00,full_training:iteration_0,3.0,257.0,16.11,39.0,9.6,12.302547454833984,13.942330629654416,116.8242357750524,116.8242357750524
2026-09-23T07:52:40.862468+07:00,full_training:iteration_0,5.0,257.0,16.81,40.0,11.3,12.299041748046875,13.938227174569791,116.76725102327094,116.76725102327094
2026-09-23T07:52:41.881862+07:00,full_training:iteration_0,3.0,257.0,16.77,39.0,10.8,12.261661529541016,13.938227174569791,116.76725102327094,116.76725102327094
2026-09-23T07:52:42.875493+07:00,full_training:iteration_0,3.0,257.0,16.57,39.0,8.5,12.261829376220703,13.930826032467102,116.73452278251253,116.73452278251253
2026-09-23T07:52:43.862300+07:00,full_training:iteration_0,3.0,257.0,16.24,39.0,10.7,12.259845733642578,13.930826032467102,116.73452278251253,116.73452278251253
2026-09-23T07:52:44.869989+07:00,full_training:iteration_0,3.0,257.0,16.54,39.0,10.1,12.279296875,13.925362133720453,116.65633235967958,116.65633235967958
2026-09-23T07:52:45.883440+07:00,full_training:iteration_0,2.0,257.0,15.57,39.0,9.7,12.274803161621094,13.925362133720453,116.65633235967958,116.65633235967958
2026-09-23T07:52:46.870344+07:00,full_training:iteration_0,1.0,257.0,16.02,39.0,10.3,12.271404266357422,13.916343638714357,116.61797533567027,116.61797533567027
2026-09-23T07:52:47.884086+07:00,full_training:iteration_0,1.0,257.0,16.15,39.0,9.4,12.263893127441406,13.916343638714357,116.61797533567027,116.61797533567027
2026-09-23T07:52:48.871851+07:00,full_training:iteration_0,3.0,257.0,16.35,39.0,9.3,12.267505645751953,13.914581028135924,116.5524395580684,116.5524395580684
2026-09-23T07:52:49.881560+07:00,full_training:iteration_0,3.0,257.0,16.52,39.0,11.0,12.265209197998047,13.914581028135924,116.5524395580684,116.5524395580684
2026-09-23T07:52:50.872487+07:00,full_training:iteration_0,3.0,257.0,16.27,39.0,9.6,12.272933959960938,13.909683778325348,116.48899782051197,116.48899782051197
2026-09-23T07:52:51.867941+07:00,full_training:iteration_0,3.0,257.0,15.8,39.0,12.0,12.296455383300781,13.909683778325348,116.48899782051197,116.48899782051197
2026-09-23T07:52:52.873421+07:00,full_training:iteration_0,3.0,257.0,16.11,39.0,10.6,12.305644989013672,13.904650172940855,116.41466040956236,116.41466040956236
2026-09-23T07:52:53.870770+07:00,full_training:iteration_0,5.0,257.0,15.91,39.0,11.3,12.31344223022461,13.904650172940855,116.41466040956236,116.41466040956236
2026-09-23T07:52:54.874713+07:00,full_training:iteration_0,3.0,257.0,16.33,39.0,14.0,12.346965789794922,13.900418331645888,116.35629908756358,116.35629908756358
2026-09-23T07:52:55.881895+07:00,full_training:iteration_0,3.0,257.0,16.1,39.0,10.2,12.344078063964844,13.900418331645888,116.35629908756358,116.35629908756358
2026-09-23T07:52:56.871857+07:00,full_training:iteration_0,3.0,257.0,16.98,39.0,9.3,12.345245361328125,13.894211323792584,116.29675032771284,116.29675032771284
2026-09-23T07:52:57.875194+07:00,full_training:iteration_0,4.0,257.0,16.81,39.0,7.2,12.326595306396484,13.894211323792584,116.29675032771284,116.29675032771284
2026-09-23T07:52:58.884799+07:00,full_training:iteration_0,3.0,257.0,16.42,39.0,10.2,12.327911376953125,13.893023583995273,116.2718996192125,116.2718996192125
2026-09-23T07:52:59.880358+07:00,full_training:iteration_0,4.0,257.0,15.74,39.0,10.0,12.332084655761719,13.893023583995273,116.2718996192125,116.2718996192125
2026-09-23T07:53:00.875967+07:00,full_training:iteration_0,3.0,257.0,16.4,39.0,10.3,12.335556030273438,13.890025148923815,116.22460234893,116.22460234893
2026-09-23T07:53:01.891943+07:00,full_training:iteration_0,3.0,257.0,16.33,39.0,12.2,12.33059310913086,13.890025148923815,116.22460234893,116.22460234893
2026-09-23T07:53:02.870464+07:00,full_training:iteration_0,3.0,257.0,16.36,39.0,10.7,12.340591430664062,13.88382709893593,116.15911865492097,116.15911865492097
2026-09-23T07:53:03.856489+07:00,full_training:iteration_0,3.0,257.0,15.98,39.0,9.2,12.345848083496094,13.881890710333007,116.09461732342837,116.09461732342837
2026-09-23T07:53:04.879285+07:00,full_training:iteration_0,3.0,257.0,15.6,39.0,10.9,12.368423461914062,13.881890710333007,116.09461732342837,116.09461732342837
2026-09-23T07:53:05.871642+07:00,full_training:iteration_0,1.0,257.0,16.2,39.0,11.1,12.35092544555664,13.881890710333007,116.09461732342837,116.09461732342837
2026-09-23T07:53:06.856400+07:00,full_training:iteration_0,1.0,257.0,15.9,39.0,9.7,12.35280990600586,13.876691412777163,116.05888225102589,116.05888225102589
2026-09-23T07:53:07.857412+07:00,full_training:iteration_0,3.0,257.0,15.98,39.0,10.6,12.347957611083984,13.876691412777163,116.05888225102589,116.05888225102589
2026-09-23T07:53:08.873646+07:00,full_training:iteration_0,3.0,257.0,16.46,39.0,8.6,12.343414306640625,13.87137086698603,115.98385201189974,115.98385201189974
2026-09-23T07:53:09.871977+07:00,full_training:iteration_0,3.0,257.0,15.95,39.0,10.7,12.328601837158203,13.87137086698603,115.98385201189974,115.98385201189974
2026-09-23T07:53:10.886399+07:00,full_training:iteration_0,3.0,257.0,15.94,40.0,11.5,12.33456802368164,13.863611200116617,115.91398073105378,115.91398073105378
2026-09-23T07:53:11.898733+07:00,full_training:iteration_0,3.0,257.0,15.62,39.0,10.4,12.332561492919922,13.863611200116617,115.91398073105378,115.91398073105378
2026-09-23T07:53:12.868989+07:00,full_training:iteration_0,3.0,257.0,16.18,39.0,11.0,12.34860610961914,13.859505993302246,115.841361347952,115.841361347952
2026-09-23T07:53:13.877615+07:00,full_training:iteration_0,3.0,257.0,16.14,39.0,12.4,12.349044799804688,13.859505993302246,115.841361347952,115.841361347952
2026-09-23T07:53:14.871893+07:00,full_training:iteration_0,3.0,257.0,16.13,39.0,12.6,12.37686538696289,13.857467501559439,115.79275639119658,115.79275639119658
2026-09-23T07:53:15.873476+07:00,full_training:iteration_0,3.0,257.0,16.58,39.0,9.9,12.387866973876953,13.857467501559439,115.79275639119658,115.79275639119658
2026-09-23T07:53:16.885110+07:00,full_training:iteration_0,5.0,257.0,16.29,39.0,13.2,12.418498992919922,13.852330075443367,115.7364595312905,115.7364595312905
2026-09-23T07:53:17.874086+07:00,full_training:iteration_0,3.0,257.0,16.16,39.0,15.2,12.40533447265625,13.852330075443367,115.7364595312905,115.7364595312905
2026-09-23T07:53:18.869907+07:00,full_training:iteration_0,3.0,257.0,15.8,39.0,14.4,12.39395523071289,13.847615042203952,115.68855374186518,115.68855374186518
2026-09-23T07:53:19.870791+07:00,full_training:iteration_0,3.0,257.0,15.77,39.0,12.4,12.407997131347656,13.847615042203952,115.68855374186518,115.68855374186518
2026-09-23T07:53:20.875401+07:00,full_training:iteration_0,3.0,257.0,16.58,39.0,13.9,12.415969848632812,13.844485469605026,115.61894017288395,115.61894017288395
2026-09-23T07:53:21.870198+07:00,full_training:iteration_0,3.0,257.0,16.4,39.0,9.7,12.39083480834961,13.840415421176072,115.57650298054159,115.57650298054159
2026-09-23T07:53:22.874447+07:00,full_training:iteration_0,3.0,257.0,16.25,39.0,14.3,12.39931869506836,13.840415421176072,115.57650298054159,115.57650298054159
2026-09-23T07:53:23.885940+07:00,full_training:iteration_0,3.0,257.0,16.72,39.0,12.1,12.443923950195312,13.838520937882354,115.5323962369693,115.5323962369693
2026-09-23T07:53:24.870161+07:00,full_training:iteration_0,4.0,257.0,17.43,40.0,13.2,12.446956634521484,13.842334659710296,115.55763774522877,115.55763774522877
2026-09-23T07:53:25.863446+07:00,full_training:iteration_0,5.0,257.0,17.59,39.0,14.5,12.4818115234375,13.845892009020709,115.54529090566061,115.54529090566061
2026-09-23T07:53:26.853525+07:00,full_training:iteration_0,7.0,257.0,18.57,39.0,13.5,12.4764404296875,13.84882407285843,115.56801649872125,115.56801649872125
2026-09-23T07:53:27.873120+07:00,full_training:iteration_0,7.0,257.0,18.11,39.0,17.2,12.223033905029297,13.852285442485048,115.55494890868853,115.55494890868853
2026-09-23T07:53:28.877982+07:00,full_training:iteration_0,6.0,257.0,18.34,39.0,13.4,12.20572280883789,13.854389666014285,115.60258674175704,115.60258674175704
2026-09-23T07:53:29.876202+07:00,full_training:iteration_0,8.0,257.0,17.78,39.0,11.8,12.169334411621094,13.858686277181514,115.59355191946194,115.59355191946194
2026-09-23T07:53:30.854881+07:00,full_training:iteration_0,5.0,257.0,18.63,40.0,12.5,12.16485595703125,13.858686277181514,115.59355191946194,115.59355191946194
2026-09-23T07:53:31.869487+07:00,full_training:iteration_0,8.0,257.0,17.92,40.0,13.1,12.154426574707031,13.858574094025775,115.6645936746331,115.6645936746331
2026-09-23T07:53:32.877326+07:00,full_training:iteration_0,5.0,257.0,18.15,39.0,16.4,12.18587875366211,13.859904247768522,115.66676567395078,115.66676567395078
2026-09-23T07:53:33.887669+07:00,full_training:iteration_0,5.0,257.0,18.48,39.0,16.5,12.220237731933594,13.861854898899088,115.68788349726157,115.68788349726157
2026-09-23T07:53:34.865286+07:00,full_training:iteration_0,9.0,257.0,17.68,39.0,16.4,12.263301849365234,13.865855673871176,115.67709629165596,115.67709629165596
2026-09-23T07:53:35.873277+07:00,full_training:iteration_0,9.0,257.0,17.21,39.0,17.9,12.286563873291016,13.871579021986168,115.68072495247303,115.68072495247303
2026-09-23T07:53:36.870719+07:00,full_training:iteration_0,5.0,257.0,17.88,40.0,18.3,12.296897888183594,13.874921397534314,115.66633592057252,115.66633592057252
2026-09-23T07:53:37.872262+07:00,full_training:iteration_0,7.0,257.0,18.4,40.0,18.3,12.29562759399414,13.878689688685094,115.71044272907382,115.71044272907382
2026-09-23T07:53:38.871537+07:00,full_training:iteration_1,5.0,257.0,17.12,39.0,23.1,12.528339385986328,0.0,0.0,0.0
2026-09-23T07:53:39.873911+07:00,full_training:iteration_1,14.0,257.0,12.7,39.0,55.0,14.942337036132812,0.0,0.0,0.0
2026-09-23T07:53:40.870871+07:00,full_training:iteration_1,0.0,257.0,16.55,39.0,43.0,15.259773254394531,0.0,0.0,0.0
2026-09-23T07:53:41.872365+07:00,full_training:iteration_1,6.0,257.0,22.96,40.0,30.0,15.282966613769531,13.000090740581797,232.70162425641416,232.70162425641416
2026-09-23T07:53:42.853744+07:00,full_training:iteration_1,4.0,257.0,23.19,40.0,34.1,15.288017272949219,16.46077393452869,279.5588106547455,279.5588106547455
2026-09-23T07:53:43.855015+07:00,full_training:iteration_1,4.0,257.0,23.72,40.0,37.4,15.274803161621094,21.26202447208379,304.6848106849607,304.6848106849607
2026-09-23T07:53:44.872240+07:00,full_training:iteration_1,4.0,257.0,22.09,41.0,25.8,15.277137756347656,23.230204389571256,343.9729549970087,343.9729549970087
2026-09-23T07:53:45.883421+07:00,full_training:iteration_1,1.0,257.0,23.75,40.0,29.0,15.279956817626953,23.893855251568407,366.92001470689735,366.92001470689735
2026-09-23T07:53:46.856924+07:00,full_training:iteration_1,4.0,257.0,22.18,41.0,33.4,15.29757308959961,25.445832616361216,366.4199896756015,366.4199896756015
2026-09-23T07:53:47.853386+07:00,full_training:iteration_1,3.0,257.0,24.19,40.0,30.1,15.29302978515625,25.710886735056846,377.4825643374255,377.4825643374255
2026-09-23T07:53:48.854860+07:00,full_training:iteration_1,5.0,257.0,22.61,40.0,31.4,15.285633087158203,26.839293977440814,388.44716629657614,388.44716629657614
2026-09-23T07:53:49.871558+07:00,full_training:iteration_1,4.0,257.0,22.34,41.0,29.9,15.296627044677734,27.465688214350884,391.6607139366436,391.6607139366436
2026-09-23T07:53:50.853499+07:00,full_training:iteration_1,2.0,257.0,24.64,40.0,28.4,15.331802368164062,27.69414123089855,404.7671829278516,404.7671829278516
2026-09-23T07:53:51.853325+07:00,full_training:iteration_1,4.0,257.0,23.05,40.0,33.0,15.346561431884766,28.33980643376147,407.1485524317065,407.1485524317065
2026-09-23T07:53:52.853303+07:00,full_training:iteration_1,4.0,257.0,21.29,40.0,26.8,15.366416931152344,28.979206159006665,405.85378225688834,405.85378225688834
2026-09-23T07:53:53.873725+07:00,full_training:iteration_1,8.0,257.0,22.0,41.0,27.7,15.369266510009766,29.30490698743895,403.74169581330665,403.74169581330665
2026-09-23T07:53:54.847241+07:00,full_training:iteration_1,2.0,257.0,23.79,41.0,30.6,15.37862777709961,29.63397651879598,406.6296951883483,406.6296951883483
2026-09-23T07:53:55.872123+07:00,full_training:iteration_1,3.0,257.0,22.29,41.0,28.5,15.38723373413086,29.722540088254757,405.4748918839714,405.4748918839714
2026-09-23T07:53:56.871425+07:00,full_training:iteration_1,2.0,257.0,21.17,40.0,31.4,15.392265319824219,30.30680351703659,400.66716723726705,400.66716723726705
2026-09-23T07:53:57.871387+07:00,full_training:iteration_1,2.0,257.0,22.55,41.0,26.7,15.388458251953125,30.522739809517635,401.79503180287435,401.79503180287435
2026-09-23T07:53:58.853353+07:00,full_training:iteration_1,2.0,257.0,23.6,40.0,33.4,15.42486572265625,30.513320401847515,402.2164184303534,402.2164184303534
2026-09-23T07:53:59.872925+07:00,full_training:iteration_1,4.0,257.0,22.51,41.0,28.8,15.451950073242188,30.508568348122456,402.6654325571725,402.6654325571725
2026-09-23T07:54:00.869444+07:00,full_training:iteration_1,2.0,257.0,23.17,40.0,31.2,15.48046875,30.63312301948523,400.17997980909337,400.17997980909337
2026-09-23T07:54:01.871520+07:00,full_training:iteration_1,4.0,257.0,23.53,41.0,31.3,15.492057800292969,30.786426781667988,405.5452019339436,405.5452019339436
2026-09-23T07:54:02.872339+07:00,full_training:iteration_1,3.0,257.0,22.82,41.0,31.9,15.510875701904297,31.010704224605995,407.95838598180995,407.95838598180995
2026-09-23T07:54:03.855324+07:00,full_training:iteration_1,2.0,257.0,24.37,40.0,31.4,15.498428344726562,30.775750867485357,411.1802293532188,411.1802293532188
2026-09-23T07:54:04.871076+07:00,full_training:iteration_1,4.0,257.0,22.53,41.0,26.0,15.493522644042969,30.817348503095033,414.14664219596835,414.14664219596835
2026-09-23T07:54:05.851881+07:00,full_training:iteration_1,3.0,257.0,25.0,41.0,34.6,15.478042602539062,30.83985217921627,418.14326405917865,418.14326405917865
2026-09-23T07:54:06.870592+07:00,full_training:iteration_1,4.0,257.0,22.42,41.0,27.7,15.472877502441406,30.87402394468089,420.64062623235577,420.64062623235577
2026-09-23T07:54:07.859006+07:00,full_training:iteration_1,1.0,257.0,22.87,41.0,28.8,15.474899291992188,30.999826022107058,419.9443098461436,419.9443098461436
2026-09-23T07:54:08.853526+07:00,full_training:iteration_1,4.0,257.0,23.14,41.0,34.7,15.467460632324219,31.16229613093867,418.4554417408873,418.4554417408873
2026-09-23T07:54:09.852325+07:00,full_training:iteration_1,4.0,257.0,23.17,40.0,30.8,15.45651626586914,31.30593336954315,418.87991055393934,418.87991055393934
2026-09-23T07:54:10.859895+07:00,full_training:iteration_1,4.0,257.0,23.1,40.0,34.6,15.391693115234375,31.614046114363084,415.37695189661656,415.37695189661656
2026-09-23T07:54:11.879389+07:00,full_training:iteration_1,4.0,257.0,22.23,41.0,25.1,15.392131805419922,31.489571772603448,413.4217432530072,413.4217432530072
2026-09-23T07:54:12.864126+07:00,full_training:iteration_1,2.0,257.0,22.58,40.0,34.4,15.38991928100586,31.528821582936864,412.3434467964658,412.3434467964658
2026-09-23T07:54:13.870440+07:00,full_training:iteration_1,4.0,257.0,21.91,41.0,28.5,15.382457733154297,31.57018517677344,409.83840393120425,409.83840393120425
2026-09-23T07:54:14.854916+07:00,full_training:iteration_1,2.0,257.0,24.73,40.0,32.4,15.39566421508789,31.464346028763316,411.9300944819255,411.9300944819255
2026-09-23T07:54:15.873795+07:00,full_training:iteration_1,3.0,257.0,22.55,41.0,28.2,15.392936706542969,31.473126748007928,410.0731359218895,410.0731359218895
2026-09-23T07:54:16.853578+07:00,full_training:iteration_1,1.0,257.0,24.55,41.0,33.9,15.401817321777344,31.499551526425414,410.748812997549,410.748812997549
2026-09-23T07:54:17.871717+07:00,full_training:iteration_1,4.0,257.0,22.36,41.0,32.1,15.393203735351562,31.55369257146673,409.8617755574043,409.8617755574043
2026-09-23T07:54:18.859398+07:00,full_training:iteration_1,3.0,257.0,24.29,41.0,30.8,15.386112213134766,31.441919878274472,411.00167686044426,411.00167686044426
2026-09-23T07:54:19.871698+07:00,full_training:iteration_1,5.0,257.0,21.98,42.0,32.3,15.3909912109375,31.35651108638522,411.1132570716537,411.1132570716537
2026-09-23T07:54:20.852752+07:00,full_training:iteration_1,2.0,257.0,24.14,40.0,33.3,15.403564453125,31.27199390900041,411.94838130125544,411.94838130125544
2026-09-23T07:54:21.872757+07:00,full_training:iteration_1,3.0,257.0,21.58,41.0,30.2,15.37356185913086,31.357203683211267,408.322273931607,408.322273931607
2026-09-23T07:54:22.854339+07:00,full_training:iteration_1,2.0,257.0,22.24,41.0,35.9,15.344600677490234,31.27379294639049,407.57110748663604,407.57110748663604
2026-09-23T07:54:23.874025+07:00,full_training:iteration_1,1.0,257.0,22.15,42.0,40.5,15.405891418457031,31.165478804029608,407.95611754474754,407.95611754474754
2026-09-23T07:54:24.854624+07:00,full_training:iteration_1,3.0,257.0,23.74,41.0,37.3,15.394493103027344,31.203733872138873,407.0549058080989,407.0549058080989
2026-09-23T07:54:25.871285+07:00,full_training:iteration_1,4.0,257.0,21.88,41.0,30.5,15.380134582519531,31.187505898873898,405.7152736556931,405.7152736556931
2026-09-23T07:54:26.853938+07:00,full_training:iteration_1,4.0,257.0,23.17,41.0,36.4,15.392292022705078,31.23636291357949,404.4897940802371,404.4897940802371
2026-09-23T07:54:27.872397+07:00,full_training:iteration_1,2.0,257.0,21.49,41.0,34.5,15.38144302368164,31.221613173159987,402.71772886379915,402.71772886379915
2026-09-23T07:54:28.873440+07:00,full_training:iteration_1,5.0,257.0,22.09,41.0,36.8,15.393966674804688,31.390280724699263,401.0309582328566,401.0309582328566
2026-09-23T07:54:29.890970+07:00,full_training:iteration_1,3.0,257.0,23.27,41.0,32.7,15.386390686035156,31.39286549720856,401.0046156449679,401.0046156449679
2026-09-23T07:54:30.855262+07:00,full_training:iteration_1,2.0,257.0,21.67,41.0,34.6,15.383926391601562,31.424832028680072,399.2893472088584,399.2893472088584
2026-09-23T07:54:31.874319+07:00,full_training:iteration_1,4.0,257.0,22.17,41.0,32.8,15.360576629638672,31.53060565145778,398.21635390530867,398.21635390530867
2026-09-23T07:54:32.855479+07:00,full_training:iteration_1,4.0,257.0,22.39,41.0,30.7,15.36520767211914,31.465620269892828,396.2420609701504,396.2420609701504
2026-09-23T07:54:33.874087+07:00,full_training:iteration_1,2.0,257.0,21.53,42.0,30.5,15.340946197509766,31.425051984490537,394.7315396075105,394.7315396075105
2026-09-23T07:54:34.855589+07:00,full_training:iteration_1,4.0,257.0,22.11,41.0,33.2,15.36282730102539,31.441705465247228,393.9609554904138,393.9609554904138
2026-09-23T07:54:35.873948+07:00,full_training:iteration_1,2.0,257.0,21.56,41.0,31.7,15.350635528564453,31.345322357892243,392.13350464356427,392.13350464356427
2026-09-23T07:54:36.853433+07:00,full_training:iteration_1,3.0,257.0,24.27,41.0,32.4,15.382301330566406,31.339858611018688,393.0366490472977,393.0366490472977
2026-09-23T07:54:37.882046+07:00,full_training:iteration_1,1.0,257.0,22.06,41.0,36.9,15.399887084960938,31.384681272423887,391.6262402254633,391.6262402254633
2026-09-23T07:54:38.898092+07:00,full_training:iteration_1,4.0,257.0,21.83,41.0,34.3,15.453655242919922,31.439198914549486,389.578498890077,389.578498890077
2026-09-23T07:54:39.855399+07:00,full_training:iteration_1,5.0,257.0,21.75,41.0,27.3,15.454967498779297,31.4474253327536,388.1770875416159,388.1770875416159
2026-09-23T07:54:40.853694+07:00,full_training:iteration_1,2.0,257.0,22.33,41.0,30.7,15.453815460205078,31.529316785076983,386.96548074880565,386.96548074880565
2026-09-23T07:54:41.871384+07:00,full_training:iteration_1,3.0,257.0,20.83,41.0,25.5,15.456268310546875,31.54668477003492,384.94921753980486,384.94921753980486
2026-09-23T07:54:42.870025+07:00,full_training:iteration_1,4.0,257.0,20.65,41.0,29.4,15.444133758544922,31.659761160676986,382.8950322551182,382.8950322551182
2026-09-23T07:54:43.857934+07:00,full_training:iteration_1,2.0,257.0,18.45,41.0,31.1,15.438648223876953,31.524337407279983,379.4973911999911,379.4973911999911
2026-09-23T07:54:44.854371+07:00,full_training:iteration_1,3.0,257.0,18.1,41.0,29.1,15.432350158691406,31.324417968997388,375.9994578249507,375.9994578249507
2026-09-23T07:54:45.862351+07:00,full_training:iteration_1,4.0,257.0,17.87,41.0,27.8,15.429214477539062,31.128407510897524,372.25385020483895,372.25385020483895
2026-09-23T07:54:46.855175+07:00,full_training:iteration_1,3.0,257.0,18.99,41.0,33.1,15.40399169921875,31.103914909279183,370.19583297263046,370.19583297263046
2026-09-23T07:54:47.860020+07:00,full_training:iteration_1,3.0,257.0,20.01,41.0,33.1,15.398204803466797,30.94237965516082,368.53541806264656,368.53541806264656
2026-09-23T07:54:48.854136+07:00,full_training:iteration_1,3.0,257.0,19.35,41.0,34.0,15.384658813476562,30.923696165461724,366.7059054163188,366.7059054163188
2026-09-23T07:54:49.869998+07:00,full_training:iteration_1,3.0,257.0,18.47,41.0,24.7,15.395038604736328,30.789995829172163,362.5592628141511,362.5592628141511
2026-09-23T07:54:50.869892+07:00,full_training:iteration_1,3.0,257.0,18.32,41.0,33.3,15.348560333251953,30.679892210312726,359.9588080602691,359.9588080602691
2026-09-23T07:54:51.854648+07:00,full_training:iteration_1,2.0,257.0,18.33,41.0,29.6,15.347026824951172,30.570226138915906,357.53394210396965,357.53394210396965
2026-09-23T07:54:52.855505+07:00,full_training:iteration_1,3.0,257.0,18.84,41.0,28.3,15.346500396728516,30.41316839133757,355.10089558350126,355.10089558350126
2026-09-23T07:54:53.877175+07:00,full_training:iteration_1,2.0,257.0,17.56,41.0,24.7,15.34292984008789,30.26901118937647,352.165212483834,352.165212483834
2026-09-23T07:54:54.858254+07:00,full_training:iteration_1,3.0,257.0,19.87,41.0,33.7,15.341056823730469,30.201064060771287,350.62375688097194,350.62375688097194
2026-09-23T07:54:55.856422+07:00,full_training:iteration_1,3.0,257.0,19.77,41.0,31.0,15.338523864746094,30.108972224927264,349.0546240893307,349.0546240893307
2026-09-23T07:54:56.871244+07:00,full_training:iteration_1,3.0,257.0,18.47,40.0,25.5,15.339134216308594,29.95488226614442,346.3275030279275,346.3275030279275
2026-09-23T07:54:57.869828+07:00,full_training:iteration_1,3.0,257.0,17.42,40.0,29.7,15.016292572021484,29.837710778335055,343.8732411410854,343.8732411410854
2026-09-23T07:54:58.853821+07:00,full_training:iteration_1,3.0,257.0,19.28,41.0,31.1,15.018375396728516,29.753642325157255,342.34339139716957,342.34339139716957
2026-09-23T07:54:59.854204+07:00,full_training:iteration_1,1.0,257.0,18.75,41.0,26.8,15.027996063232422,29.731419683684223,340.7120758205057,340.7120758205057
2026-09-23T07:55:00.856189+07:00,full_training:iteration_1,1.0,257.0,17.92,41.0,26.0,15.058853149414062,29.64799139928958,339.00007499137695,339.00007499137695
2026-09-23T07:55:01.853681+07:00,full_training:iteration_1,1.0,257.0,19.01,41.0,28.1,15.053943634033203,29.5252864538697,336.7346719532247,336.7346719532247
2026-09-23T07:55:02.855729+07:00,full_training:iteration_1,1.0,257.0,17.95,41.0,28.7,15.041709899902344,29.39116386838428,333.48218125786263,333.48218125786263
2026-09-23T07:55:03.855757+07:00,full_training:iteration_1,4.0,257.0,18.44,41.0,27.0,15.04656982421875,29.39116386838428,333.48218125786263,333.48218125786263
2026-09-23T07:55:04.864310+07:00,full_training:iteration_1,1.0,257.0,17.51,41.0,28.2,15.050155639648438,29.200987221722492,330.8660245687105,330.8660245687105
2026-09-23T07:55:05.853840+07:00,full_training:iteration_1,1.0,257.0,18.5,41.0,33.5,15.044864654541016,29.070022615741074,328.5377675940593,328.5377675940593
2026-09-23T07:55:06.870538+07:00,full_training:iteration_1,2.0,257.0,20.25,41.0,33.1,15.069892883300781,28.965416294121745,326.46532979059737,326.46532979059737
2026-09-23T07:55:07.868251+07:00,full_training:iteration_1,5.0,257.0,22.38,41.0,29.8,15.073360443115234,28.977607075256056,326.3037027962525,326.3037027962525
2026-09-23T07:55:08.855875+07:00,full_training:iteration_1,1.0,257.0,22.16,41.0,32.4,15.082176208496094,29.05884353892029,325.72728311472804,325.72728311472804
2026-09-23T07:55:09.872704+07:00,full_training:iteration_1,3.0,257.0,21.25,41.0,31.7,15.086231231689453,29.1229837170404,324.9308656762973,324.9308656762973
2026-09-23T07:55:10.853334+07:00,full_training:iteration_1,3.0,257.0,21.76,41.0,31.8,15.082904815673828,29.158333202175807,324.3700142051069,324.3700142051069
2026-09-23T07:55:11.874343+07:00,full_training:iteration_1,2.0,257.0,20.89,42.0,27.6,15.08707046508789,29.14723160742052,323.8581289713391,323.8581289713391
2026-09-23T07:55:12.872877+07:00,full_training:iteration_1,3.0,257.0,22.28,42.0,32.8,15.075016021728516,29.277767160120575,323.32699142266,323.32699142266
2026-09-23T07:55:13.854454+07:00,full_training:iteration_1,4.0,257.0,21.01,41.0,27.5,15.060401916503906,29.2917237943441,322.67593124755,322.67593124755
2026-09-23T07:55:14.870914+07:00,full_training:iteration_1,3.0,257.0,22.07,41.0,37.1,15.063179016113281,29.34274689725914,321.8899334629328,321.8899334629328
2026-09-23T07:55:15.872237+07:00,full_training:iteration_1,3.0,257.0,21.47,41.0,34.2,15.065528869628906,29.39912223074791,321.60983431861837,321.60983431861837
2026-09-23T07:55:16.854031+07:00,full_training:iteration_1,4.0,257.0,23.13,41.0,29.3,15.064773559570312,29.41257467076416,322.1602496980273,322.1602496980273
2026-09-23T07:55:17.872730+07:00,full_training:iteration_1,2.0,257.0,21.99,41.0,35.4,15.056461334228516,29.44595626914715,322.2301455866844,322.2301455866844
2026-09-23T07:55:18.854663+07:00,full_training:iteration_1,4.0,257.0,22.24,42.0,32.9,15.035694122314453,29.51979249867669,322.00671613352426,322.00671613352426
2026-09-23T07:55:19.863738+07:00,full_training:iteration_1,3.0,257.0,21.78,41.0,30.0,15.036308288574219,29.525611697532394,321.77929315901946,321.77929315901946
2026-09-23T07:55:20.871444+07:00,full_training:iteration_1,3.0,257.0,19.75,42.0,33.3,15.049625396728516,29.54315982073195,321.39018796980264,321.39018796980264
2026-09-23T07:55:21.854804+07:00,full_training:iteration_1,4.0,257.0,21.48,41.0,31.0,15.053955078125,29.581036946510327,321.1893319579537,321.1893319579537
2026-09-23T07:55:22.865868+07:00,full_training:iteration_1,2.0,257.0,20.76,41.0,36.0,15.05316162109375,29.55876715417855,320.40351233233605,320.40351233233605
2026-09-23T07:55:23.853090+07:00,full_training:iteration_1,4.0,257.0,22.88,41.0,32.0,15.0455322265625,29.566380585405398,320.18086300182193,320.18086300182193
2026-09-23T07:55:24.872870+07:00,full_training:iteration_1,1.0,257.0,21.36,42.0,39.6,15.04150390625,29.571802853710338,320.361197581862,320.361197581862
2026-09-23T07:55:25.854012+07:00,full_training:iteration_1,3.0,257.0,21.88,41.0,36.8,15.043312072753906,29.583833074317607,320.33449825694225,320.33449825694225
2026-09-23T07:55:26.872691+07:00,full_training:iteration_1,2.0,257.0,20.47,41.0,31.9,15.043182373046875,29.575566926184017,319.6486351213895,319.6486351213895
2026-09-23T07:55:27.853873+07:00,full_training:iteration_1,4.0,257.0,20.96,41.0,29.4,15.038421630859375,29.560064779561717,318.81453616781675,318.81453616781675
2026-09-23T07:55:28.854798+07:00,full_training:iteration_1,2.0,257.0,19.94,41.0,35.7,15.04275894165039,29.576357916228545,318.05538966581327,318.05538966581327
2026-09-23T07:55:29.853744+07:00,full_training:iteration_1,4.0,257.0,21.44,41.0,35.5,15.040145874023438,29.57441424520427,317.8251621676339,317.8251621676339
2026-09-23T07:55:30.872103+07:00,full_training:iteration_1,2.0,257.0,21.43,42.0,31.4,15.056583404541016,29.571095772874035,317.34266233350337,317.34266233350337
2026-09-23T07:55:31.853620+07:00,full_training:iteration_1,3.0,257.0,21.88,41.0,32.5,15.04897689819336,29.573264123041163,316.79023050356506,316.79023050356506
2026-09-23T07:55:32.893394+07:00,full_training:iteration_1,3.0,257.0,21.52,42.0,30.7,15.048530578613281,29.543820956350054,316.7343805028695,316.7343805028695
2026-09-23T07:55:33.871162+07:00,full_training:iteration_1,1.0,257.0,21.33,41.0,38.8,15.04043197631836,29.57006746504327,316.45221311998375,316.45221311998375
2026-09-23T07:55:34.872000+07:00,full_training:iteration_1,4.0,257.0,19.48,42.0,28.2,15.04800033569336,29.613749014533592,315.7154686604998,315.7154686604998
2026-09-23T07:55:35.853401+07:00,full_training:iteration_1,4.0,257.0,20.87,41.0,31.1,15.047588348388672,29.623073005052937,315.27044354302126,315.27044354302126
2026-09-23T07:55:36.871884+07:00,full_training:iteration_1,2.0,257.0,19.55,42.0,24.9,15.035709381103516,29.588112154903243,314.4077009701629,314.4077009701629
2026-09-23T07:55:37.853283+07:00,full_training:iteration_1,2.0,257.0,22.07,42.0,33.1,15.036026000976562,29.63944804644881,314.3305807394534,314.3305807394534
2026-09-23T07:55:38.870191+07:00,full_training:iteration_1,1.0,257.0,22.28,41.0,38.4,15.036972045898438,29.684974024314506,313.80539489771115,313.80539489771115
2026-09-23T07:55:39.872100+07:00,full_training:iteration_1,3.0,257.0,21.09,42.0,31.5,15.033939361572266,29.713863076378207,313.14925698566293,313.14925698566293
2026-09-23T07:55:40.853805+07:00,full_training:iteration_1,4.0,257.0,22.3,42.0,27.0,15.032634735107422,29.735101110031,312.91238068122624,312.91238068122624
2026-09-23T07:55:41.872138+07:00,full_training:iteration_1,1.0,257.0,22.24,42.0,37.7,15.033317565917969,29.733200107180277,312.62336112692407,312.62336112692407
2026-09-23T07:55:42.893314+07:00,full_training:iteration_1,4.0,257.0,20.52,42.0,27.5,15.03384780883789,29.7582598755925,311.6207343928893,311.6207343928893
2026-09-23T07:55:43.870390+07:00,full_training:iteration_1,2.0,257.0,21.14,41.0,35.8,15.021961212158203,29.778751937440592,311.56622837897305,311.56622837897305
2026-09-23T07:55:44.871498+07:00,full_training:iteration_1,3.0,257.0,20.29,42.0,32.1,15.01953125,29.80124872308575,310.9688590019103,310.9688590019103
2026-09-23T07:55:45.870898+07:00,full_training:iteration_1,3.0,257.0,21.19,42.0,30.6,15.020294189453125,29.876589081656423,310.43198750559196,310.43198750559196
2026-09-23T07:55:46.890201+07:00,full_training:iteration_1,4.0,257.0,19.88,41.0,29.1,15.037662506103516,29.93860978333597,309.90379791954734,309.90379791954734
2026-09-23T07:55:47.853271+07:00,full_training:iteration_1,2.0,257.0,22.81,41.0,40.5,15.038379669189453,29.952437331266943,309.6801215953021,309.6801215953021
2026-09-23T07:55:48.872571+07:00,full_training:iteration_1,3.0,257.0,20.41,42.0,33.5,15.03982162475586,29.983764819069293,309.5205495613872,309.5205495613872
2026-09-23T07:55:49.872262+07:00,full_training:iteration_1,3.0,257.0,22.6,42.0,34.8,15.041522979736328,30.021675450479346,309.82828580335257,309.82828580335257
2026-09-23T07:55:50.872002+07:00,full_training:iteration_1,2.0,257.0,21.85,42.0,36.0,15.041923522949219,30.106754926396878,309.4609476070855,309.4609476070855
2026-09-23T07:55:51.853268+07:00,full_training:iteration_1,2.0,257.0,22.31,41.0,39.5,15.043937683105469,30.111938505982607,309.78980755426227,309.78980755426227
2026-09-23T07:55:52.853981+07:00,full_training:iteration_1,2.0,257.0,21.55,42.0,34.5,15.04581069946289,30.1469134006538,309.7182894146771,309.7182894146771
2026-09-23T07:55:53.873111+07:00,full_training:iteration_1,4.0,257.0,22.22,42.0,31.6,15.041183471679688,30.201378859049306,310.0253366277335,310.0253366277335
2026-09-23T07:55:54.889173+07:00,full_training:iteration_1,3.0,257.0,22.97,42.0,28.6,15.035884857177734,30.233596179024133,310.37367394515263,310.37367394515263
2026-09-23T07:55:55.890398+07:00,full_training:iteration_1,2.0,257.0,21.38,41.0,36.1,15.032207489013672,30.31252820626333,310.1908834440449,310.1908834440449
2026-09-23T07:55:56.853774+07:00,full_training:iteration_1,1.0,257.0,21.7,41.0,34.1,15.031909942626953,30.325065523176093,309.8259458812573,309.8259458812573
2026-09-23T07:55:57.871440+07:00,full_training:iteration_1,2.0,257.0,21.39,42.0,33.3,15.051410675048828,30.36529385600306,309.9718116148274,309.9718116148274
2026-09-23T07:55:58.873168+07:00,full_training:iteration_1,4.0,257.0,21.42,42.0,30.0,15.052436828613281,30.40589320931565,309.4947026244445,309.4947026244445
2026-09-23T07:55:59.853170+07:00,full_training:iteration_1,3.0,257.0,21.61,42.0,29.4,15.054061889648438,30.442545535391748,309.5992588674442,309.5992588674442
2026-09-23T07:56:00.853603+07:00,full_training:iteration_1,1.0,257.0,21.82,41.0,35.5,15.062850952148438,30.481237104988406,309.00885764666384,309.00885764666384
2026-09-23T07:56:01.872205+07:00,full_training:iteration_1,3.0,257.0,21.64,42.0,32.7,15.05759048461914,30.519099432473492,309.1922310936468,309.1922310936468
2026-09-23T07:56:02.872102+07:00,full_training:iteration_1,4.0,257.0,21.6,42.0,32.3,15.070411682128906,30.536797409688866,309.0282066631185,309.0282066631185
2026-09-23T07:56:03.894780+07:00,full_training:iteration_1,3.0,257.0,21.88,41.0,33.9,15.073650360107422,30.58269366760697,308.767580297955,308.767580297955
2026-09-23T07:56:04.853367+07:00,full_training:iteration_1,1.0,257.0,21.66,42.0,33.7,15.057811737060547,30.61572792241801,308.6603218448643,308.6603218448643
2026-09-23T07:56:05.853342+07:00,full_training:iteration_1,1.0,257.0,22.16,41.0,37.6,15.051727294921875,30.67028951055227,308.2501016745818,308.2501016745818
2026-09-23T07:56:06.871279+07:00,full_training:iteration_1,2.0,257.0,21.53,42.0,33.8,15.047370910644531,30.701176376416367,307.91513908674403,307.91513908674403
2026-09-23T07:56:07.853263+07:00,full_training:iteration_1,4.0,257.0,21.49,42.0,27.4,15.048892974853516,30.6881652612068,307.85502173048513,307.85502173048513
2026-09-23T07:56:08.872072+07:00,full_training:iteration_1,1.0,257.0,21.73,42.0,34.2,15.0458984375,30.700062404500343,307.8318047738589,307.8318047738589
2026-09-23T07:56:09.853448+07:00,full_training:iteration_1,4.0,257.0,22.65,42.0,28.4,15.064990997314453,30.703223254669595,307.8799084930749,307.8799084930749
2026-09-23T07:56:10.871446+07:00,full_training:iteration_1,1.0,257.0,21.39,42.0,34.9,15.065635681152344,30.685402867606992,307.65422991464334,307.65422991464334
2026-09-23T07:56:11.872484+07:00,full_training:iteration_1,5.0,257.0,22.4,42.0,33.2,15.068511962890625,30.701069711517317,307.93566524109707,307.93566524109707
2026-09-23T07:56:12.869191+07:00,full_training:iteration_1,2.0,257.0,21.71,41.0,36.8,15.069305419921875,30.699230233635873,307.71079495884806,307.71079495884806
2026-09-23T07:56:13.869145+07:00,full_training:iteration_1,3.0,257.0,22.15,42.0,32.2,15.066703796386719,30.736642525733245,307.5998681119583,307.5998681119583
2026-09-23T07:56:14.888361+07:00,full_training:iteration_1,4.0,257.0,22.37,42.0,30.2,15.063007354736328,30.75791830971435,307.6692690503519,307.6692690503519
2026-09-23T07:56:15.854899+07:00,full_training:iteration_1,2.0,257.0,21.5,41.0,34.3,15.068649291992188,30.762642929441864,307.4085272403351,307.4085272403351
2026-09-23T07:56:16.872140+07:00,full_training:iteration_1,1.0,257.0,20.76,42.0,35.5,15.06490707397461,30.77898475268876,306.84231266569947,306.84231266569947
2026-09-23T07:56:17.853521+07:00,full_training:iteration_1,4.0,257.0,22.25,42.0,30.6,15.05807876586914,30.788213774006117,306.7354985027988,306.7354985027988
2026-09-23T07:56:18.854374+07:00,full_training:iteration_1,2.0,257.0,20.94,42.0,32.0,15.048149108886719,30.771690765347277,306.56139926554954,306.56139926554954
2026-09-23T07:56:19.888422+07:00,full_training:iteration_1,3.0,257.0,20.51,42.0,29.1,15.048908233642578,30.800517149826945,305.9725867632809,305.9725867632809
2026-09-23T07:56:20.868990+07:00,full_training:iteration_1,3.0,257.0,21.25,41.0,33.3,15.042587280273438,30.800406512624424,305.60088824713426,305.60088824713426
2026-09-23T07:56:21.870833+07:00,full_training:iteration_1,3.0,257.0,21.22,42.0,32.3,15.052082061767578,30.83276839574212,305.2197409031304,305.2197409031304
2026-09-23T07:56:22.870428+07:00,full_training:iteration_1,3.0,257.0,21.09,42.0,36.7,15.056583404541016,30.89979057143667,305.0373373196945,305.0373373196945
2026-09-23T07:56:23.872897+07:00,full_training:iteration_1,4.0,257.0,20.24,42.0,36.5,15.056793212890625,30.939046292951428,304.6887023511366,304.6887023511366
2026-09-23T07:56:24.870401+07:00,full_training:iteration_1,4.0,257.0,21.02,42.0,30.6,15.051132202148438,30.954289631085636,304.62662678121336,304.62662678121336
2026-09-23T07:56:25.873867+07:00,full_training:iteration_1,2.0,257.0,20.06,42.0,30.4,15.048439025878906,30.91886954671845,304.0154993951655,304.0154993951655
2026-09-23T07:56:26.853522+07:00,full_training:iteration_1,3.0,257.0,21.78,42.0,32.6,15.04709243774414,30.90666183924417,303.7418078546339,303.7418078546339
2026-09-23T07:56:27.870433+07:00,full_training:iteration_1,2.0,257.0,20.12,42.0,31.7,15.042755126953125,30.895593013322046,303.32342586848404,303.32342586848404
2026-09-23T07:56:28.853355+07:00,full_training:iteration_1,3.0,257.0,21.74,41.0,34.1,15.043354034423828,30.88942012818691,303.1246256832135,303.1246256832135
2026-09-23T07:56:29.872873+07:00,full_training:iteration_1,2.0,257.0,20.0,42.0,26.7,15.038471221923828,30.892138308330306,302.53152633815796,302.53152633815796
2026-09-23T07:56:30.869881+07:00,full_training:iteration_1,3.0,257.0,21.64,42.0,30.7,15.037445068359375,30.917024596534247,302.3368808698585,302.3368808698585
2026-09-23T07:56:31.869044+07:00,full_training:iteration_1,1.0,257.0,21.27,42.0,39.8,15.031837463378906,30.925874149442393,301.93419235376655,301.93419235376655
2026-09-23T07:56:32.872491+07:00,full_training:iteration_1,3.0,257.0,20.65,42.0,32.9,15.027904510498047,30.94556901355927,301.48258737295737,301.48258737295737
2026-09-23T07:56:33.858706+07:00,full_training:iteration_1,4.0,257.0,20.93,42.0,31.1,15.02560043334961,30.94992257705206,301.36480374004634,301.36480374004634
2026-09-23T07:56:34.873552+07:00,full_training:iteration_1,1.0,257.0,19.17,42.0,38.5,15.050018310546875,30.953167387660613,300.8053934765424,300.8053934765424
2026-09-23T07:56:35.853335+07:00,full_training:iteration_1,4.0,257.0,20.41,42.0,31.9,15.052173614501953,30.948931098743362,300.56873672956056,300.56873672956056
2026-09-23T07:56:36.871222+07:00,full_training:iteration_1,2.0,257.0,19.67,42.0,33.5,15.051399230957031,30.93679462795449,300.081262490679,300.081262490679
2026-09-23T07:56:37.889330+07:00,full_training:iteration_1,5.0,257.0,22.34,42.0,33.7,15.050701141357422,30.954151716970667,299.9580669370431,299.9580669370431
2026-09-23T07:56:38.852288+07:00,full_training:iteration_1,1.0,257.0,21.53,42.0,35.9,15.049762725830078,30.978306603641883,299.81856380398386,299.81856380398386
2026-09-23T07:56:39.869798+07:00,full_training:iteration_1,1.0,257.0,20.25,42.0,36.4,15.011676788330078,31.00220256863627,299.43794040083367,299.43794040083367
2026-09-23T07:56:40.870324+07:00,full_training:iteration_1,4.0,257.0,21.53,42.0,27.0,15.00799560546875,30.991189892537214,299.3029505282304,299.3029505282304
2026-09-23T07:56:41.854284+07:00,full_training:iteration_1,1.0,257.0,21.02,42.0,32.5,15.008373260498047,30.97879709231017,299.02228966407193,299.02228966407193
2026-09-23T07:56:42.871126+07:00,full_training:iteration_1,5.0,257.0,21.27,42.0,31.6,15.000598907470703,31.00551679188657,298.67920013818053,298.67920013818053
2026-09-23T07:56:43.853478+07:00,full_training:iteration_1,3.0,257.0,22.08,42.0,30.1,14.99582290649414,31.018423372362488,298.4570929574071,298.4570929574071
2026-09-23T07:56:44.872431+07:00,full_training:iteration_1,2.0,257.0,20.95,42.0,30.0,15.00033187866211,30.987708750091727,298.51852666290455,298.51852666290455
2026-09-23T07:56:45.853303+07:00,full_training:iteration_1,3.0,257.0,21.7,41.0,30.1,14.996044158935547,30.984861037825056,298.1701150113897,298.1701150113897
2026-09-23T07:56:46.871832+07:00,full_training:iteration_1,3.0,257.0,21.8,42.0,35.8,15.013999938964844,31.017900072821643,298.2371092001801,298.2371092001801
2026-09-23T07:56:47.870654+07:00,full_training:iteration_1,3.0,257.0,20.88,42.0,29.0,15.013763427734375,31.028275229282062,297.8873813835886,297.8873813835886
2026-09-23T07:56:48.870555+07:00,full_training:iteration_1,2.0,257.0,22.4,42.0,33.1,15.013072967529297,31.047209107130037,297.8253866107681,297.8253866107681
2026-09-23T07:56:49.871256+07:00,full_training:iteration_1,1.0,257.0,20.99,42.0,34.8,15.013195037841797,31.053256288680757,297.6586196864494,297.6586196864494
2026-09-23T07:56:50.871595+07:00,full_training:iteration_1,4.0,257.0,21.4,42.0,31.6,15.012832641601562,31.0770426060366,297.41357593019575,297.41357593019575
2026-09-23T07:56:51.853121+07:00,full_training:iteration_1,3.0,257.0,22.87,42.0,32.1,15.012866973876953,31.08891778979795,297.2382218818887,297.2382218818887
2026-09-23T07:56:52.870517+07:00,full_training:iteration_1,1.0,257.0,21.39,42.0,36.9,15.012676239013672,31.10002658470419,297.14520400355616,297.14520400355616
2026-09-23T07:56:53.871774+07:00,full_training:iteration_1,3.0,257.0,20.0,42.0,29.7,15.008678436279297,31.105318682716685,296.79314917278896,296.79314917278896
2026-09-23T07:56:54.888207+07:00,full_training:iteration_1,4.0,257.0,22.25,42.0,37.6,15.002056121826172,31.149341517606278,296.7794499065619,296.7794499065619
2026-09-23T07:56:55.889364+07:00,full_training:iteration_1,2.0,257.0,21.81,42.0,35.9,14.998100280761719,31.184636927687055,296.8858963978364,296.8858963978364
2026-09-23T07:56:56.853872+07:00,full_training:iteration_1,1.0,257.0,22.13,42.0,41.3,14.999889373779297,31.20670206674538,297.0125823088707,297.0125823088707
2026-09-23T07:56:57.872745+07:00,full_training:iteration_1,4.0,257.0,22.33,43.0,35.4,14.995826721191406,31.20196123889527,297.3324756180876,297.3324756180876
2026-09-23T07:56:58.853323+07:00,full_training:iteration_1,3.0,257.0,22.42,42.0,32.1,15.01363754272461,31.197006899117778,297.3628252769618,297.3628252769618
2026-09-23T07:56:59.872434+07:00,full_training:iteration_1,1.0,257.0,20.14,42.0,31.7,15.013442993164062,31.18973288568884,297.1071975093318,297.1071975093318
2026-09-23T07:57:00.872032+07:00,full_training:iteration_1,4.0,257.0,22.35,42.0,27.6,15.015300750732422,31.207511150537066,297.2068195686816,297.2068195686816
2026-09-23T07:57:01.871763+07:00,full_training:iteration_1,1.0,257.0,22.13,42.0,36.5,15.014766693115234,31.20716884181004,297.1863642324434,297.1863642324434
2026-09-23T07:57:02.904580+07:00,full_training:iteration_1,4.0,257.0,22.84,43.0,31.4,15.0140380859375,31.206364402693215,297.6023981885863,297.6023981885863
2026-09-23T07:57:03.869323+07:00,full_training:iteration_1,1.0,257.0,21.02,42.0,32.2,15.014408111572266,31.20425830140463,297.3530312287624,297.3530312287624
2026-09-23T07:57:04.890744+07:00,full_training:iteration_1,3.0,257.0,22.15,43.0,28.5,15.012016296386719,31.188486482044514,297.63562505896107,297.63562505896107
2026-09-23T07:57:05.870838+07:00,full_training:iteration_1,2.0,257.0,22.67,42.0,39.4,15.009624481201172,31.191395582359814,297.99443115950766,297.99443115950766
2026-09-23T07:57:06.888746+07:00,full_training:iteration_1,4.0,257.0,22.51,43.0,31.7,15.004222869873047,31.188023805357698,298.3960042318488,298.3960042318488
2026-09-23T07:57:07.870720+07:00,full_training:iteration_1,2.0,257.0,22.49,42.0,35.3,15.007080078125,31.173150936802,298.5647016343739,298.5647016343739
2026-09-23T07:57:08.872264+07:00,full_training:iteration_1,3.0,257.0,21.21,43.0,31.3,15.002269744873047,31.19680228980385,298.5562687847992,298.5562687847992
2026-09-23T07:57:09.859413+07:00,full_training:iteration_1,4.0,257.0,22.99,43.0,37.8,15.00198745727539,31.20996949716786,298.6832141817376,298.6832141817376
2026-09-23T07:57:10.870305+07:00,full_training:iteration_1,1.0,257.0,23.0,42.0,40.2,15.00594711303711,31.21203530838631,298.9097879875324,298.9097879875324
2026-09-23T07:57:11.853980+07:00,full_training:iteration_1,3.0,257.0,20.86,43.0,24.7,15.02566909790039,31.20167364523325,298.91203352133454,298.91203352133454
2026-09-23T07:57:12.869111+07:00,full_training:iteration_1,1.0,257.0,22.69,42.0,35.5,15.025592803955078,31.204424885888862,298.8011661287027,298.8011661287027
2026-09-23T07:57:13.852637+07:00,full_training:iteration_1,3.0,257.0,21.29,43.0,25.6,15.026355743408203,31.18912826669468,298.7038074118399,298.7038074118399
2026-09-23T07:57:14.870978+07:00,full_training:iteration_1,2.0,257.0,22.14,42.0,34.5,15.025875091552734,31.186459261973027,298.5847466086244,298.5847466086244
2026-09-23T07:57:15.854851+07:00,full_training:iteration_1,3.0,257.0,23.07,43.0,28.9,15.0247802734375,31.172677553305917,298.4876651555093,298.4876651555093
2026-09-23T07:57:16.870325+07:00,full_training:iteration_1,1.0,257.0,22.06,42.0,33.8,15.025238037109375,31.183909486443735,298.4244781800323,298.4244781800323
2026-09-23T07:57:17.872779+07:00,full_training:iteration_1,3.0,257.0,21.3,43.0,31.8,15.024295806884766,31.204008832915953,298.415867413729,298.415867413729
2026-09-23T07:57:18.888825+07:00,full_training:iteration_1,4.0,257.0,21.23,43.0,31.6,15.02060317993164,31.222471004036915,298.2339390422152,298.2339390422152
2026-09-23T07:57:19.854496+07:00,full_training:iteration_1,2.0,257.0,21.63,42.0,32.0,15.01727294921875,31.230910191446135,298.0457722308169,298.0457722308169
2026-09-23T07:57:20.856244+07:00,full_training:iteration_1,1.0,257.0,21.74,42.0,33.9,15.012500762939453,31.24795427789405,297.79753295735605,297.79753295735605
2026-09-23T07:57:21.873673+07:00,full_training:iteration_1,3.0,257.0,20.76,43.0,25.8,15.00872802734375,31.256321115176878,297.56558156768534,297.56558156768534
2026-09-23T07:57:22.853213+07:00,full_training:iteration_1,3.0,257.0,22.16,42.0,30.4,15.008705139160156,31.255120958977187,297.39067965334846,297.39067965334846
2026-09-23T07:57:23.853549+07:00,full_training:iteration_1,1.0,257.0,21.36,42.0,32.2,15.017669677734375,31.279871774781384,297.1498447542018,297.1498447542018
2026-09-23T07:57:24.870943+07:00,full_training:iteration_1,4.0,257.0,21.3,43.0,32.2,15.021499633789062,31.313372494696214,297.0144547877606,297.0144547877606
2026-09-23T07:57:25.872769+07:00,full_training:iteration_1,4.0,257.0,21.19,43.0,32.2,15.046546936035156,31.34369834487899,296.88857322094276,296.88857322094276
2026-09-23T07:57:26.854004+07:00,full_training:iteration_1,4.0,257.0,21.7,43.0,32.1,15.055274963378906,31.344684344812585,296.7679395812664,296.7679395812664
2026-09-23T07:57:27.870611+07:00,full_training:iteration_1,1.0,257.0,21.52,43.0,33.7,15.084732055664062,31.34503042765041,296.4958914597554,296.4958914597554
2026-09-23T07:57:28.872264+07:00,full_training:iteration_1,4.0,257.0,21.31,43.0,24.4,15.096431732177734,31.35248677064423,296.32029975709156,296.32029975709156
2026-09-23T07:57:29.851955+07:00,full_training:iteration_1,5.0,257.0,21.63,42.0,28.7,15.101329803466797,31.36190086845511,296.1826629656031,296.1826629656031
2026-09-23T07:57:30.871363+07:00,full_training:iteration_1,1.0,257.0,19.89,42.0,26.5,15.079299926757812,31.354119495411776,295.84170788536807,295.84170788536807
2026-09-23T07:57:31.853448+07:00,full_training:iteration_1,4.0,257.0,22.92,43.0,30.5,15.069305419921875,31.367232723455235,295.95804980119607,295.95804980119607
2026-09-23T07:57:32.892379+07:00,full_training:iteration_1,2.0,257.0,19.1,43.0,27.4,15.064189910888672,31.32004361723866,295.4252388153702,295.4252388153702
2026-09-23T07:57:33.855556+07:00,full_training:iteration_1,2.0,257.0,18.66,42.0,33.4,15.052650451660156,31.283965927563145,294.9069378231649,294.9069378231649
2026-09-23T07:57:34.910080+07:00,full_training:iteration_1,3.0,257.0,19.98,43.0,31.3,15.051998138427734,31.22134499156117,294.5057579265287,294.5057579265287
2026-09-23T07:57:35.854134+07:00,full_training:iteration_1,3.0,257.0,18.14,42.0,32.1,15.054271697998047,31.18830078253303,293.96668503884257,293.96668503884257
2026-09-23T07:57:36.858269+07:00,full_training:iteration_1,3.0,257.0,18.3,42.0,29.5,15.045238494873047,31.148422890488344,293.5211275740002,293.5211275740002
2026-09-23T07:57:37.854423+07:00,full_training:iteration_1,3.0,257.0,18.92,42.0,34.5,15.059825897216797,31.123298235726946,293.05949969827265,293.05949969827265
2026-09-23T07:57:38.859033+07:00,full_training:iteration_1,2.0,257.0,19.04,42.0,30.8,15.050498962402344,31.083825650704643,292.581745430797,292.581745430797
2026-09-23T07:57:39.856330+07:00,full_training:iteration_1,3.0,257.0,19.16,42.0,29.8,15.050472259521484,31.03876441629214,292.0689325295963,292.0689325295963
2026-09-23T07:57:40.875294+07:00,full_training:iteration_1,3.0,257.0,19.79,42.0,39.6,15.052135467529297,31.02431202282472,291.73666064358633,291.73666064358633
2026-09-23T07:57:41.852529+07:00,full_training:iteration_1,3.0,257.0,18.91,42.0,31.5,15.049362182617188,30.994965907395557,291.3236735453803,291.3236735453803
2026-09-23T07:57:42.854133+07:00,full_training:iteration_1,1.0,257.0,17.49,42.0,29.2,15.04837417602539,30.951571741667006,290.75493806498764,290.75493806498764
2026-09-23T07:57:43.853338+07:00,full_training:iteration_1,1.0,257.0,17.99,42.0,28.5,15.047100067138672,30.881107423861515,290.0647636814439,290.0647636814439
2026-09-23T07:57:44.853828+07:00,full_training:iteration_1,3.0,257.0,17.45,42.0,25.9,15.052936553955078,30.8138391486616,289.4661857743833,289.4661857743833
2026-09-23T07:57:45.854103+07:00,full_training:iteration_1,3.0,257.0,19.98,42.0,32.0,15.051029205322266,30.761816745665293,289.1285252222213,289.1285252222213
2026-09-23T07:57:46.854022+07:00,full_training:iteration_1,3.0,257.0,18.86,42.0,32.8,15.061325073242188,30.747549160168827,288.730844547712,288.730844547712
2026-09-23T07:57:47.854031+07:00,full_training:iteration_1,3.0,257.0,18.79,42.0,27.8,15.078487396240234,30.70335289694737,288.2721643834969,288.2721643834969
2026-09-23T07:57:48.854008+07:00,full_training:iteration_1,3.0,257.0,18.32,42.0,29.6,15.06646728515625,30.686079535343854,287.9256318396345,287.9256318396345
2026-09-23T07:57:49.854246+07:00,full_training:iteration_1,2.0,257.0,17.92,42.0,27.6,15.082794189453125,30.663283407294283,287.4642684246133,287.4642684246133
2026-09-23T07:57:50.854031+07:00,full_training:iteration_1,1.0,257.0,18.84,42.0,30.7,15.066719055175781,30.604595013005923,286.9280666917781,286.9280666917781
2026-09-23T07:57:51.856227+07:00,full_training:iteration_1,3.0,257.0,18.46,42.0,26.6,15.08071517944336,30.562850857602996,286.4710132598189,286.4710132598189
2026-09-23T07:57:52.854507+07:00,full_training:iteration_1,1.0,257.0,18.85,42.0,30.3,15.093902587890625,30.52433342613306,285.95354121567306,285.95354121567306
2026-09-23T07:57:53.870249+07:00,full_training:iteration_1,3.0,257.0,18.82,42.0,20.5,15.127117156982422,30.470532733723232,285.3325248071739,285.3325248071739
2026-09-23T07:57:54.853421+07:00,full_training:iteration_1,1.0,257.0,22.43,42.0,35.6,15.129512786865234,30.479368326606842,285.29238639215055,285.29238639215055
2026-09-23T07:57:55.872703+07:00,full_training:iteration_1,3.0,257.0,19.97,43.0,24.0,15.145885467529297,30.47640518483784,285.1810079014031,285.1810079014031
2026-09-23T07:57:56.853447+07:00,full_training:iteration_1,2.0,257.0,22.22,42.0,34.5,15.146087646484375,30.480259404798133,285.2983462140159,285.2983462140159
2026-09-23T07:57:57.873414+07:00,full_training:iteration_1,3.0,257.0,20.85,43.0,28.1,15.137077331542969,30.479291855068393,285.248945147434,285.248945147434
2026-09-23T07:57:58.872305+07:00,full_training:iteration_1,3.0,257.0,22.3,42.0,30.3,15.148124694824219,30.477810372133813,285.2769463740921,285.2769463740921
2026-09-23T07:57:59.855132+07:00,full_training:iteration_1,1.0,257.0,21.37,42.0,31.6,15.145565032958984,30.503249425999787,285.1668679292773,285.1668679292773
2026-09-23T07:58:00.871069+07:00,full_training:iteration_1,3.0,257.0,20.64,42.0,32.5,15.146015167236328,30.528578855779756,284.9666414751442,284.9666414751442
2026-09-23T07:58:01.871026+07:00,full_training:iteration_1,4.0,257.0,20.26,43.0,28.0,15.1109619140625,30.54887725272696,284.746084872668,284.746084872668
2026-09-23T07:58:02.853399+07:00,full_training:iteration_1,7.0,257.0,20.96,42.0,34.9,15.109737396240234,30.56133927838459,284.67773218591014,284.67773218591014
2026-09-23T07:58:03.870206+07:00,full_training:iteration_1,2.0,257.0,21.83,42.0,34.3,15.103458404541016,30.576158883305343,284.65796949461327,284.65796949461327
2026-09-23T07:58:04.870984+07:00,full_training:iteration_1,3.0,257.0,19.57,43.0,27.9,15.09521484375,30.581544887105288,284.39326545260406,284.39326545260406
2026-09-23T07:58:05.853465+07:00,full_training:iteration_1,4.0,257.0,22.53,42.0,41.7,15.089042663574219,30.57768021113586,284.4176146535307,284.4176146535307
2026-09-23T07:58:06.872649+07:00,full_training:iteration_1,3.0,257.0,21.77,43.0,33.1,15.080364227294922,30.59778931350474,284.4057017232101,284.4057017232101
2026-09-23T07:58:07.871298+07:00,full_training:iteration_1,4.0,257.0,21.4,43.0,32.5,15.094261169433594,30.61558607710057,284.4411963046134,284.4411963046134
2026-09-23T07:58:08.854832+07:00,full_training:iteration_1,7.0,257.0,22.12,42.0,33.0,15.121208190917969,30.621554331676013,284.4749847912539,284.4749847912539
2026-09-23T07:58:09.853392+07:00,full_training:iteration_1,1.0,257.0,22.48,42.0,34.5,15.108291625976562,30.643550979213856,284.6548454096973,284.6548454096973
2026-09-23T07:58:10.870660+07:00,full_training:iteration_1,3.0,257.0,21.58,43.0,30.1,15.10715103149414,30.667631979726597,284.5956247718628,284.5956247718628
2026-09-23T07:58:11.870742+07:00,full_training:iteration_1,4.0,257.0,22.05,43.0,30.0,15.107769012451172,30.681786003773425,284.7667059242309,284.7667059242309
2026-09-23T07:58:12.853198+07:00,full_training:iteration_1,2.0,257.0,22.66,43.0,29.8,15.113819122314453,30.69952940286713,284.8556453719864,284.8556453719864
2026-09-23T07:58:13.871173+07:00,full_training:iteration_1,1.0,257.0,22.12,42.0,35.0,15.086753845214844,30.704329127964364,285.0275562394378,285.0275562394378
2026-09-23T07:58:14.853228+07:00,full_training:iteration_1,4.0,257.0,22.27,43.0,27.4,15.065052032470703,30.697842205170602,285.128995883584,285.128995883584
2026-09-23T07:58:15.853472+07:00,full_training:iteration_1,2.0,257.0,21.75,42.0,36.8,15.084110260009766,30.718245999789847,285.2003960164886,285.2003960164886
2026-09-23T07:58:16.872638+07:00,full_training:iteration_1,2.0,257.0,21.04,43.0,32.8,15.053951263427734,30.725174472598905,285.2163725395228,285.2163725395228
2026-09-23T07:58:17.854442+07:00,full_training:iteration_1,3.0,257.0,21.14,43.0,29.9,15.047847747802734,30.72253785951651,285.11380557232997,285.11380557232997
2026-09-23T07:58:18.853970+07:00,full_training:iteration_1,1.0,257.0,20.85,42.0,33.1,15.044509887695312,30.739178658688406,284.9227397565788,284.9227397565788
2026-09-23T07:58:19.873148+07:00,full_training:iteration_1,3.0,257.0,21.28,43.0,32.0,15.060897827148438,30.753706001319465,284.98315027478515,284.98315027478515
2026-09-23T07:58:20.853766+07:00,full_training:iteration_1,4.0,257.0,21.22,43.0,28.0,15.060619354248047,30.768794898981678,284.9790077894315,284.9790077894315
2026-09-23T07:58:21.869409+07:00,full_training:iteration_1,1.0,257.0,20.41,42.0,32.6,15.03592300415039,30.767240687876548,284.7284299316169,284.7284299316169
2026-09-23T07:58:22.870443+07:00,full_training:iteration_1,3.0,257.0,19.18,42.0,29.7,15.032997131347656,30.781673325755946,284.4898858740297,284.4898858740297
2026-09-23T07:58:23.872987+07:00,full_training:iteration_1,4.0,257.0,21.19,43.0,31.7,15.033821105957031,30.801048387723895,284.3669788848774,284.3669788848774
2026-09-23T07:58:24.853729+07:00,full_training:iteration_1,3.0,257.0,21.41,42.0,34.8,15.033695220947266,30.801757338392576,284.27631019342044,284.27631019342044
2026-09-23T07:58:25.871080+07:00,full_training:iteration_1,1.0,257.0,20.76,42.0,33.7,15.05874252319336,30.812347650805368,284.20189024097385,284.20189024097385
2026-09-23T07:58:26.874213+07:00,full_training:iteration_1,4.0,257.0,21.08,43.0,34.0,15.064716339111328,30.844853740203167,284.1180888578646,284.1180888578646
2026-09-23T07:58:27.873031+07:00,full_training:iteration_1,4.0,257.0,21.04,43.0,29.9,15.063358306884766,30.867786681350058,283.98363746842057,283.98363746842057
2026-09-23T07:58:28.871305+07:00,full_training:iteration_1,3.0,257.0,21.03,43.0,34.5,15.06484603881836,30.902879005194283,283.8630374629595,283.8630374629595
2026-09-23T07:58:29.890380+07:00,full_training:iteration_1,3.0,257.0,23.22,43.0,29.9,15.06601333618164,30.91430268472462,283.9561507759862,283.9561507759862
2026-09-23T07:58:30.874843+07:00,full_training:iteration_1,1.0,257.0,21.39,42.0,31.8,15.057167053222656,30.90917994239078,284.0202552479195,284.0202552479195
2026-09-23T07:58:31.871193+07:00,full_training:iteration_1,4.0,257.0,21.04,43.0,29.7,15.066299438476562,30.933294473584784,283.87299150171333,283.87299150171333
2026-09-23T07:58:32.907512+07:00,full_training:iteration_1,4.0,257.0,19.32,43.0,29.9,15.058330535888672,30.950776842039026,283.6539627757378,283.6539627757378
2026-09-23T07:58:33.872878+07:00,full_training:iteration_1,1.0,257.0,21.5,42.0,31.0,15.05682373046875,30.973701910765325,283.6238058044234,283.6238058044234
2026-09-23T07:58:34.853404+07:00,full_training:iteration_1,1.0,257.0,21.98,42.0,35.8,15.05478286743164,30.989518296268574,283.5303065963757,283.5303065963757
2026-09-23T07:58:35.853443+07:00,full_training:iteration_1,1.0,257.0,21.81,42.0,37.6,15.052051544189453,31.01009332019524,283.47152337043974,283.47152337043974
2026-09-23T07:58:36.871797+07:00,full_training:iteration_1,2.0,257.0,21.38,42.0,34.7,15.04854965209961,31.02764732136611,283.3734794438201,283.3734794438201
2026-09-23T07:58:37.872308+07:00,full_training:iteration_1,4.0,257.0,21.24,43.0,32.6,15.052528381347656,31.03993592139641,283.2696489865618,283.2696489865618
2026-09-23T07:58:38.853701+07:00,full_training:iteration_1,2.0,257.0,22.58,42.0,34.2,15.05230712890625,31.047938961238344,283.2302967465104,283.2302967465104
2026-09-23T07:58:39.853660+07:00,full_training:iteration_1,1.0,257.0,21.75,42.0,33.5,15.04703140258789,31.075597627037837,283.2056211698486,283.2056211698486
2026-09-23T07:58:40.872461+07:00,full_training:iteration_1,2.0,257.0,19.46,43.0,27.4,15.030677795410156,31.07177382108239,282.9261323755646,282.9261323755646
2026-09-23T07:58:41.870624+07:00,full_training:iteration_1,3.0,257.0,19.73,43.0,27.4,15.031375885009766,31.090647679886054,282.72601980798726,282.72601980798726
2026-09-23T07:58:42.871932+07:00,full_training:iteration_1,3.0,257.0,20.1,42.0,30.6,15.031719207763672,31.079539615421407,282.5394657761937,282.5394657761937
2026-09-23T07:58:43.873481+07:00,full_training:iteration_1,4.0,257.0,20.32,43.0,32.8,15.036449432373047,31.098752256099342,282.37601161351216,282.37601161351216
2026-09-23T07:58:44.872397+07:00,full_training:iteration_1,4.0,257.0,21.66,43.0,34.3,15.038249969482422,31.115695688645285,282.28959996855883,282.28959996855883
2026-09-23T07:58:45.853739+07:00,full_training:iteration_1,1.0,257.0,21.62,43.0,35.0,15.03830337524414,31.128863971385893,282.23394109972435,282.23394109972435
2026-09-23T07:58:46.869945+07:00,full_training:iteration_1,1.0,257.0,21.37,42.0,39.7,15.037853240966797,31.141251257802125,282.1906591964862,282.1906591964862
2026-09-23T07:58:47.847432+07:00,full_training:iteration_1,3.0,257.0,21.93,42.0,32.3,15.034194946289062,31.17486971309306,282.0870126387758,282.0870126387758
2026-09-23T07:58:48.869254+07:00,full_training:iteration_1,1.0,257.0,21.64,42.0,32.0,15.039459228515625,31.19754636860509,282.0070098406996,282.0070098406996
2026-09-23T07:58:49.872115+07:00,full_training:iteration_1,3.0,257.0,20.76,43.0,34.9,15.039321899414062,31.211398995325688,281.86219608232165,281.86219608232165
2026-09-23T07:58:50.874202+07:00,full_training:iteration_1,3.0,257.0,21.63,43.0,36.2,15.042152404785156,31.233972142273704,281.77872868022985,281.77872868022985
2026-09-23T07:58:51.853196+07:00,full_training:iteration_1,3.0,257.0,21.57,43.0,27.7,15.045692443847656,31.23483085217672,281.6115639640439,281.6115639640439
2026-09-23T07:58:52.871703+07:00,full_training:iteration_1,2.0,257.0,21.03,42.0,34.8,15.04848861694336,31.245414941425242,281.54487879340604,281.54487879340604
2026-09-23T07:58:53.870914+07:00,full_training:iteration_1,4.0,257.0,21.3,43.0,31.0,15.058231353759766,31.260839606399642,281.47834160288886,281.47834160288886
2026-09-23T07:58:54.870944+07:00,full_training:iteration_1,3.0,257.0,20.23,43.0,25.3,15.065181732177734,31.265575567705135,281.32013503169964,281.32013503169964
2026-09-23T07:58:55.871021+07:00,full_training:iteration_1,1.0,257.0,21.51,43.0,34.7,15.065608978271484,31.267105847909246,281.2644239641134,281.2644239641134
2026-09-23T07:58:56.871909+07:00,full_training:iteration_1,5.0,257.0,21.83,43.0,34.6,15.067485809326172,31.277655549004525,281.3693662160398,281.3693662160398
2026-09-23T07:58:57.888597+07:00,full_training:iteration_1,3.0,257.0,21.4,43.0,30.6,15.070331573486328,31.29421901283237,281.2323939615986,281.2323939615986
2026-09-23T07:58:58.853304+07:00,full_training:iteration_1,1.0,257.0,22.68,42.0,31.7,15.07351303100586,31.294126131723804,281.25752959913535,281.25752959913535
2026-09-23T07:58:59.872348+07:00,full_training:iteration_1,1.0,257.0,20.13,42.0,32.0,15.058849334716797,31.31340113373694,281.11605867812335,281.11605867812335
2026-09-23T07:59:00.873206+07:00,full_training:iteration_1,4.0,257.0,21.51,43.0,32.2,15.066841125488281,31.329613220098093,281.0147727625432,281.0147727625432
2026-09-23T07:59:01.865852+07:00,full_training:iteration_1,4.0,257.0,21.44,43.0,33.5,15.057762145996094,31.358906919087705,280.9297631555018,280.9297631555018
2026-09-23T07:59:02.854185+07:00,full_training:iteration_1,4.0,257.0,21.47,43.0,27.8,15.052017211914062,31.36881079762323,280.87819537562916,280.87819537562916
2026-09-23T07:59:03.853507+07:00,full_training:iteration_1,1.0,257.0,22.1,42.0,36.5,15.046760559082031,31.376753788559196,280.76624802809846,280.76624802809846
2026-09-23T07:59:04.853390+07:00,full_training:iteration_1,2.0,257.0,22.11,42.0,34.7,15.046272277832031,31.398376509614987,280.76872416962294,280.76872416962294
2026-09-23T07:59:05.870396+07:00,full_training:iteration_1,3.0,257.0,21.12,43.0,31.9,15.0537109375,31.415088528379094,280.72855088368664,280.72855088368664
2026-09-23T07:59:06.871726+07:00,full_training:iteration_1,4.0,257.0,21.83,43.0,33.7,15.052543640136719,31.43961763710028,280.7288197453867,280.7288197453867
2026-09-23T07:59:07.872152+07:00,full_training:iteration_1,4.0,257.0,21.06,43.0,33.0,15.049816131591797,31.459654765644945,280.5804141491691,280.5804141491691
2026-09-23T07:59:08.871754+07:00,full_training:iteration_1,4.0,257.0,21.41,43.0,31.6,15.04989242553711,31.47992510881307,280.57929381317336,280.57929381317336
2026-09-23T07:59:09.888286+07:00,full_training:iteration_1,3.0,257.0,20.44,43.0,32.8,15.040611267089844,31.49863064208933,280.45312562060656,280.45312562060656
2026-09-23T07:59:10.853304+07:00,full_training:iteration_1,3.0,257.0,22.53,43.0,32.1,15.042739868164062,31.51264412089749,280.38072100375075,280.38072100375075
2026-09-23T07:59:11.853627+07:00,full_training:iteration_1,2.0,257.0,22.24,42.0,34.1,15.042438507080078,31.52618051436966,280.5860263269814,280.5860263269814
2026-09-23T07:59:12.892998+07:00,full_training:iteration_1,1.0,257.0,21.38,42.0,32.7,15.04476547241211,31.57070019950213,280.56430257294693,280.56430257294693
2026-09-23T07:59:13.853627+07:00,full_training:iteration_1,1.0,257.0,21.68,42.0,33.4,15.034122467041016,31.572957222751036,280.51011851943207,280.51011851943207
2026-09-23T07:59:14.871996+07:00,full_training:iteration_1,2.0,257.0,21.37,43.0,32.7,15.02987289428711,31.589703350664845,280.50220679783536,280.50220679783536
2026-09-23T07:59:15.870356+07:00,full_training:iteration_1,4.0,257.0,22.45,43.0,33.5,15.037025451660156,31.61782617656487,280.4799463240328,280.4799463240328
2026-09-23T07:59:16.869719+07:00,full_training:iteration_1,3.0,257.0,20.29,43.0,33.7,15.042472839355469,31.641026934921324,280.38886340347057,280.38886340347057
2026-09-23T07:59:17.871478+07:00,full_training:iteration_1,5.0,257.0,22.45,43.0,34.2,15.04278564453125,31.659464463591092,280.6664883345323,280.6664883345323
2026-09-23T07:59:18.872753+07:00,full_training:iteration_1,4.0,257.0,21.32,43.0,34.1,15.043880462646484,31.67831700751708,280.5865558004435,280.5865558004435
2026-09-23T07:59:19.871588+07:00,full_training:iteration_1,5.0,257.0,22.52,43.0,30.7,15.046184539794922,31.701138448277362,280.7848790589801,280.7848790589801
2026-09-23T07:59:20.871481+07:00,full_training:iteration_1,3.0,257.0,21.13,43.0,31.5,15.056224822998047,31.725496527813934,280.7471439033549,280.7471439033549
2026-09-23T07:59:21.870243+07:00,full_training:iteration_1,3.0,257.0,20.79,43.0,33.0,15.056297302246094,31.750642470073775,280.6622059155848,280.6622059155848
2026-09-23T07:59:22.863580+07:00,full_training:iteration_1,3.0,257.0,22.04,43.0,36.9,15.061103820800781,31.771402284260752,280.70092321457395,280.70092321457395
2026-09-23T07:59:23.871486+07:00,full_training:iteration_1,2.0,257.0,20.28,43.0,34.0,15.057872772216797,31.79644932491761,280.5774594275697,280.5774594275697
2026-09-23T07:59:24.871470+07:00,full_training:iteration_1,3.0,257.0,19.88,43.0,37.1,15.039844512939453,31.826741454770772,280.4876785690063,280.4876785690063
2026-09-23T07:59:25.869081+07:00,full_training:iteration_1,5.0,257.0,22.84,43.0,26.0,15.037826538085938,31.829577572514324,280.6133823858797,280.6133823858797
2026-09-23T07:59:26.891676+07:00,full_training:iteration_1,4.0,257.0,21.14,42.0,36.3,15.056907653808594,31.861607831913403,280.9131757180365,280.9131757180365
2026-09-23T07:59:27.853476+07:00,full_training:iteration_1,1.0,257.0,22.52,43.0,32.6,15.045787811279297,31.87000653800016,281.11881535571604,281.11881535571604
2026-09-23T07:59:28.870471+07:00,full_training:iteration_1,1.0,257.0,22.58,43.0,31.1,15.044788360595703,31.89264928275069,281.2184631710366,281.2184631710366
2026-09-23T07:59:29.853643+07:00,full_training:iteration_1,2.0,257.0,21.23,43.0,30.8,15.044185638427734,31.916379415978795,281.3024876981937,281.3024876981937
2026-09-23T07:59:30.853932+07:00,full_training:iteration_1,1.0,257.0,21.46,42.0,31.8,15.043701171875,31.9315949787843,281.35219661628656,281.35219661628656
2026-09-23T07:59:31.871433+07:00,full_training:iteration_1,3.0,257.0,21.84,43.0,32.4,15.037403106689453,31.95263434437542,281.4622694110517,281.4622694110517
2026-09-23T07:59:32.870883+07:00,full_training:iteration_1,5.0,257.0,23.1,43.0,33.2,15.031806945800781,31.97679174209526,281.6485146186307,281.6485146186307
2026-09-23T07:59:33.871089+07:00,full_training:iteration_1,4.0,257.0,22.65,43.0,30.9,15.026992797851562,31.99832702551921,281.8741122809056,281.8741122809056
2026-09-23T07:59:34.870669+07:00,full_training:iteration_1,3.0,257.0,20.29,43.0,31.5,15.026252746582031,32.021741241973,281.92686469123316,281.92686469123316
2026-09-23T07:59:35.871957+07:00,full_training:iteration_1,5.0,257.0,22.07,43.0,30.7,15.018058776855469,32.03759469059241,282.0715959955374,282.0715959955374
2026-09-23T07:59:36.871005+07:00,full_training:iteration_1,3.0,257.0,20.82,43.0,30.3,15.032615661621094,32.06515340870732,281.96838010180517,281.96838010180517
2026-09-23T07:59:37.871492+07:00,full_training:iteration_1,4.0,257.0,19.98,43.0,32.0,15.032745361328125,32.08693619484635,281.81905661604446,281.81905661604446
2026-09-23T07:59:38.872382+07:00,full_training:iteration_1,4.0,257.0,20.75,43.0,30.7,15.031879425048828,32.106581898198044,281.68919019135564,281.68919019135564
2026-09-23T07:59:39.871519+07:00,full_training:iteration_1,4.0,257.0,21.8,43.0,28.7,15.031501770019531,32.12346871769987,281.8458585500097,281.8458585500097
2026-09-23T07:59:40.871906+07:00,full_training:iteration_1,3.0,257.0,21.32,43.0,30.2,15.0308837890625,32.14529103926346,281.8070514442097,281.8070514442097
2026-09-23T07:59:41.871198+07:00,full_training:iteration_1,3.0,257.0,21.49,43.0,27.6,15.033943176269531,32.16508655714713,281.82927045863835,281.82927045863835
2026-09-23T07:59:42.890873+07:00,full_training:iteration_1,4.0,257.0,20.65,43.0,30.5,15.033008575439453,32.17819882486897,281.8545285061336,281.8545285061336
2026-09-23T07:59:43.869694+07:00,full_training:iteration_1,1.0,257.0,21.99,43.0,30.6,15.026924133300781,32.174143778453825,281.76892062964583,281.76892062964583
2026-09-23T07:59:44.871038+07:00,full_training:iteration_1,3.0,257.0,21.88,43.0,31.5,15.022113800048828,32.189869499681265,281.9085499528401,281.9085499528401
2026-09-23T07:59:45.872207+07:00,full_training:iteration_1,4.0,257.0,21.56,43.0,30.5,15.019416809082031,32.20613786989947,281.9105124310869,281.9105124310869
2026-09-23T07:59:46.871545+07:00,full_training:iteration_1,4.0,257.0,21.43,43.0,30.2,15.020256042480469,32.22772521402114,281.94343468591785,281.94343468591785
2026-09-23T07:59:47.872915+07:00,full_training:iteration_1,4.0,257.0,22.41,43.0,29.1,15.025867462158203,32.24237494287215,282.12622709724997,282.12622709724997
2026-09-23T07:59:48.887751+07:00,full_training:iteration_1,3.0,257.0,21.48,43.0,32.8,15.026557922363281,32.259362607712326,282.02503370681836,282.02503370681836
2026-09-23T07:59:49.869831+07:00,full_training:iteration_1,2.0,257.0,21.31,43.0,35.4,15.024066925048828,32.288275067948305,281.9535697837868,281.9535697837868
2026-09-23T07:59:50.853548+07:00,full_training:iteration_1,3.0,257.0,20.53,42.0,26.4,15.023170471191406,32.282450272972326,281.8576948121289,281.8576948121289
2026-09-23T07:59:51.859191+07:00,full_training:iteration_1,1.0,257.0,21.56,43.0,32.8,15.021984100341797,32.298773520470235,281.76770612669986,281.76770612669986
2026-09-23T07:59:52.872554+07:00,full_training:iteration_1,2.0,257.0,19.88,42.0,30.1,15.023441314697266,32.307527929229785,281.64262180235795,281.64262180235795
2026-09-23T07:59:53.872208+07:00,full_training:iteration_1,5.0,257.0,22.05,43.0,35.0,15.044624328613281,32.332316954159516,281.5699768182054,281.5699768182054
2026-09-23T07:59:54.872030+07:00,full_training:iteration_1,4.0,257.0,20.68,43.0,29.3,15.047004699707031,32.3353750444908,281.4807759348149,281.4807759348149
2026-09-23T07:59:55.870762+07:00,full_training:iteration_1,5.0,257.0,20.54,43.0,33.9,15.040077209472656,32.336988327353595,281.35581106307086,281.35581106307086
2026-09-23T07:59:56.871050+07:00,full_training:iteration_1,1.0,257.0,20.84,43.0,39.0,15.053234100341797,32.33862327291154,281.17581919394667,281.17581919394667
2026-09-23T07:59:57.873518+07:00,full_training:iteration_1,4.0,257.0,20.18,43.0,30.1,15.06119155883789,32.34722680724007,281.0311156540817,281.0311156540817
2026-09-23T07:59:58.874489+07:00,full_training:iteration_1,3.0,257.0,20.73,43.0,29.0,15.075847625732422,32.366554376109356,280.89885389795495,280.89885389795495
2026-09-23T07:59:59.890163+07:00,full_training:iteration_1,2.0,257.0,22.11,43.0,31.6,15.071571350097656,32.380783107855606,280.91120407541314,280.91120407541314
2026-09-23T08:00:00.853420+07:00,full_training:iteration_1,1.0,257.0,21.19,43.0,34.1,15.076107025146484,32.38972997469938,280.93219126998605,280.93219126998605
2026-09-23T08:00:01.853429+07:00,full_training:iteration_1,1.0,257.0,20.25,43.0,31.0,15.083816528320312,32.410538187522754,280.80553320752085,280.80553320752085
2026-09-23T08:00:02.853655+07:00,full_training:iteration_1,1.0,257.0,20.34,43.0,26.3,15.069591522216797,32.43165041659358,280.6961963237145,280.6961963237145
2026-09-23T08:00:03.869275+07:00,full_training:iteration_1,5.0,257.0,20.91,42.0,29.3,15.071422576904297,32.443587867196165,280.592627563828,280.592627563828
2026-09-23T08:00:04.853295+07:00,full_training:iteration_1,2.0,257.0,22.44,42.0,32.1,15.072059631347656,32.4618096702755,280.6044680856094,280.6044680856094
2026-09-23T08:00:05.869146+07:00,full_training:iteration_1,3.0,257.0,22.34,43.0,30.0,15.066757202148438,32.47797000976505,280.6772150619904,280.6772150619904
2026-09-23T08:00:06.853303+07:00,full_training:iteration_1,3.0,257.0,22.2,43.0,26.1,15.06216049194336,32.49667046214991,280.65047164117806,280.65047164117806
2026-09-23T08:00:07.853497+07:00,full_training:iteration_1,3.0,257.0,22.61,42.0,31.4,15.061683654785156,32.52029077757185,280.6568306152163,280.6568306152163
2026-09-23T08:00:08.863608+07:00,full_training:iteration_1,2.0,257.0,21.58,42.0,29.3,15.077770233154297,32.54573929394934,280.58450358016546,280.58450358016546
2026-09-23T08:00:09.853709+07:00,full_training:iteration_1,2.0,257.0,21.53,42.0,33.4,15.086463928222656,32.560143600419856,280.6113418492109,280.6113418492109
2026-09-23T08:00:10.853297+07:00,full_training:iteration_1,2.0,257.0,22.31,43.0,30.7,15.111343383789062,32.57737899042589,280.57588298998303,280.57588298998303
2026-09-23T08:00:11.873834+07:00,full_training:iteration_1,2.0,257.0,22.63,43.0,32.2,15.146129608154297,32.59832132708052,280.69866924830353,280.69866924830353
2026-09-23T08:00:12.853461+07:00,full_training:iteration_1,3.0,257.0,22.97,43.0,30.2,15.157493591308594,32.61865831691831,280.78845519711535,280.78845519711535
2026-09-23T08:00:13.870255+07:00,full_training:iteration_1,2.0,257.0,21.33,43.0,29.9,15.167217254638672,32.63554900282154,280.7955508313747,280.7955508313747
2026-09-23T08:00:14.869184+07:00,full_training:iteration_1,4.0,257.0,22.73,43.0,33.0,15.177589416503906,32.653061995554204,280.9382108426205,280.9382108426205
2026-09-23T08:00:15.883517+07:00,full_training:iteration_1,3.0,257.0,20.55,43.0,28.0,15.170326232910156,32.663107997589506,280.90526080314555,280.90526080314555
2026-09-23T08:00:16.869981+07:00,full_training:iteration_1,2.0,257.0,19.91,43.0,31.7,15.146034240722656,32.63219035428993,280.6747227168094,280.6747227168094
2026-09-23T08:00:17.854192+07:00,full_training:iteration_1,2.0,257.0,19.14,42.0,33.2,15.13796615600586,32.620413326182046,280.43976050111655,280.43976050111655
2026-09-23T08:00:18.853776+07:00,full_training:iteration_1,3.0,257.0,19.21,43.0,28.8,15.111221313476562,32.597340165654245,280.1359072754558,280.1359072754558
2026-09-23T08:00:19.914369+07:00,full_training:iteration_1,2.0,257.0,18.23,43.0,28.0,15.119522094726562,32.57056699961812,279.8187519501808,279.8187519501808
2026-09-23T08:00:20.855982+07:00,full_training:iteration_1,5.0,257.0,18.8,43.0,34.8,15.126720428466797,32.55960658982916,279.7300332973656,279.7300332973656
2026-09-23T08:00:21.856275+07:00,full_training:iteration_1,3.0,257.0,19.22,42.0,31.9,15.124092102050781,32.53993736060416,279.4516844480045,279.4516844480045
2026-09-23T08:00:22.871611+07:00,full_training:iteration_1,3.0,257.0,18.55,43.0,30.5,15.124813079833984,32.53539567922602,279.26131583842863,279.26131583842863
2026-09-23T08:00:23.855542+07:00,full_training:iteration_1,1.0,257.0,17.79,43.0,30.1,15.113365173339844,32.50735356475959,278.78653823969813,278.78653823969813
2026-09-23T08:00:24.854229+07:00,full_training:iteration_1,3.0,257.0,19.35,43.0,36.0,15.109683990478516,32.49227084473584,278.5840743181014,278.5840743181014
2026-09-23T08:00:25.853955+07:00,full_training:iteration_1,3.0,257.0,19.58,43.0,33.4,15.110736846923828,32.48121994633382,278.4856741197886,278.4856741197886
2026-09-23T08:00:26.896837+07:00,full_training:iteration_1,2.0,257.0,18.25,43.0,26.3,15.113521575927734,32.453733562845564,278.08269697924135,278.08269697924135
2026-09-23T08:00:27.857381+07:00,full_training:iteration_1,2.0,257.0,18.05,43.0,31.2,15.108016967773438,32.44259478430552,277.8609932382482,277.8609932382482
2026-09-23T08:00:28.854150+07:00,full_training:iteration_1,2.0,257.0,19.34,42.0,31.0,15.106391906738281,32.432087610268546,277.6549781811629,277.6549781811629
2026-09-23T08:00:29.854020+07:00,full_training:iteration_1,3.0,257.0,19.49,42.0,29.8,15.094493865966797,32.40748514666553,277.41933225361964,277.41933225361964
2026-09-23T08:00:30.856911+07:00,full_training:iteration_1,3.0,257.0,18.49,43.0,24.7,15.090953826904297,32.397066642347944,277.22702547314753,277.22702547314753
2026-09-23T08:00:31.865517+07:00,full_training:iteration_1,0.0,257.0,18.03,43.0,28.5,15.105823516845703,32.36102695118929,276.80843842872554,276.80843842872554
2026-09-23T08:00:32.877026+07:00,full_training:iteration_1,3.0,257.0,18.25,42.0,32.5,15.074626922607422,32.34922844464062,276.54218802810345,276.54218802810345
2026-09-23T08:00:33.871565+07:00,full_training:iteration_1,3.0,257.0,18.98,43.0,32.0,15.074119567871094,32.34527875708161,276.3678574221079,276.3678574221079
2026-09-23T08:00:34.890610+07:00,full_training:iteration_1,1.0,257.0,17.52,43.0,22.9,15.06723403930664,32.3198483266361,275.90715362967325,275.90715362967325
2026-09-23T08:00:35.866620+07:00,full_training:iteration_1,2.0,257.0,18.5,42.0,26.8,15.091487884521484,32.29260232499203,275.6751983405085,275.6751983405085
2026-09-23T08:00:36.871166+07:00,full_training:iteration_1,6.0,257.0,18.01,42.0,25.7,15.094905853271484,32.26511847979381,275.42437985765577,275.42437985765577
2026-09-23T08:00:37.874124+07:00,full_training:iteration_1,3.0,257.0,19.78,42.0,34.4,15.090118408203125,32.25638496834613,275.22808474814207,275.22808474814207
2026-09-23T08:00:38.854081+07:00,full_training:iteration_1,4.0,257.0,19.58,43.0,31.1,15.088768005371094,32.24728715528468,275.0362975799912,275.0362975799912
2026-09-23T08:00:39.870911+07:00,full_training:iteration_1,2.0,257.0,17.89,42.0,26.9,15.0828857421875,32.22605141077322,274.642345697206,274.642345697206
2026-09-23T08:00:40.857313+07:00,full_training:iteration_1,3.0,257.0,19.02,42.0,33.3,15.08791732788086,32.21779947720241,274.4017623964005,274.4017623964005
2026-09-23T08:00:41.868379+07:00,full_training:iteration_1,4.0,257.0,20.72,42.0,30.2,15.083526611328125,32.19629246119741,274.3390438577007,274.3390438577007
2026-09-23T08:00:42.855529+07:00,full_training:iteration_1,3.0,257.0,19.83,42.0,25.8,15.07883071899414,32.177280359761156,274.21402388003537,274.21402388003537
2026-09-23T08:00:43.869674+07:00,full_training:iteration_1,1.0,257.0,18.1,43.0,26.1,15.087928771972656,32.15040784597522,273.79854681770956,273.79854681770956
2026-09-23T08:00:44.870091+07:00,full_training:iteration_1,5.0,257.0,19.43,43.0,30.8,15.092044830322266,32.13493387196163,273.8004897973224,273.8004897973224
2026-09-23T08:00:45.864623+07:00,full_training:iteration_1,4.0,257.0,19.04,43.0,32.3,15.106494903564453,32.114959348902055,273.6105066698357,273.6105066698357
2026-09-23T08:00:46.854797+07:00,full_training:iteration_1,3.0,257.0,19.02,42.0,29.9,15.094032287597656,32.104360489262994,273.4605241850444,273.4605241850444
2026-09-23T08:00:47.854900+07:00,full_training:iteration_1,2.0,257.0,18.54,42.0,26.2,15.086956024169922,32.07545471233397,273.1407855119826,273.1407855119826
2026-09-23T08:00:48.870929+07:00,full_training:iteration_1,3.0,257.0,18.36,42.0,27.5,15.080806732177734,32.06038490307888,272.80069349417914,272.80069349417914
2026-09-23T08:00:49.872001+07:00,full_training:iteration_1,2.0,257.0,18.57,42.0,33.6,15.077960968017578,32.05609874393438,272.63781973198166,272.63781973198166
2026-09-23T08:00:50.854616+07:00,full_training:iteration_1,3.0,257.0,20.24,42.0,32.4,15.0789794921875,32.04291832206192,272.4835694609584,272.4835694609584
2026-09-23T08:00:51.870374+07:00,full_training:iteration_1,3.0,257.0,18.75,42.0,25.0,15.093318939208984,32.02544366359946,272.26500551138787,272.26500551138787
2026-09-23T08:00:52.854246+07:00,full_training:iteration_1,5.0,257.0,19.11,42.0,28.8,15.092742919921875,32.007832886458665,272.2240710425889,272.2240710425889
2026-09-23T08:00:53.874094+07:00,full_training:iteration_1,2.0,257.0,18.7,42.0,31.3,15.096920013427734,31.99146024028909,271.9990692149608,271.9990692149608
2026-09-23T08:00:54.854509+07:00,full_training:iteration_1,3.0,257.0,19.35,42.0,30.2,15.097465515136719,31.986361251884855,271.830990820762,271.830990820762
2026-09-23T08:00:55.888591+07:00,full_training:iteration_1,2.0,257.0,19.06,43.0,30.0,15.08138656616211,31.965622475184663,271.6020055258424,271.6020055258424
2026-09-23T08:00:56.854377+07:00,full_training:iteration_1,4.0,257.0,19.21,42.0,29.1,15.080242156982422,31.937761657743838,271.42738088166334,271.42738088166334
2026-09-23T08:00:57.866151+07:00,full_training:iteration_1,3.0,257.0,18.48,42.0,36.2,15.075733184814453,31.934293039601997,271.28113211977535,271.28113211977535
2026-09-23T08:00:58.853959+07:00,full_training:iteration_1,3.0,257.0,18.59,43.0,28.9,15.065448760986328,31.930067027031928,271.1471100181629,271.1471100181629
2026-09-23T08:00:59.870289+07:00,full_training:iteration_1,1.0,257.0,17.64,42.0,25.5,15.069564819335938,31.897397322570036,270.7587787871127,270.7587787871127
2026-09-23T08:01:00.868535+07:00,full_training:iteration_1,5.0,257.0,17.95,42.0,33.0,15.074462890625,31.883115331209083,270.6448957690816,270.6448957690816
2026-09-23T08:01:01.854966+07:00,full_training:iteration_1,2.0,257.0,19.21,42.0,35.8,15.065971374511719,31.875938809826597,270.47324375301014,270.47324375301014
2026-09-23T08:01:02.869071+07:00,full_training:iteration_1,3.0,257.0,19.01,42.0,28.3,15.064556121826172,31.867181489580158,270.33161242000034,270.33161242000034
2026-09-23T08:01:03.889036+07:00,full_training:iteration_1,1.0,257.0,18.02,43.0,29.5,15.062847137451172,31.837627083069442,269.94469187291025,269.94469187291025
2026-09-23T08:01:04.854727+07:00,full_training:iteration_1,2.0,257.0,17.95,42.0,29.2,15.068679809570312,31.824339928354043,269.70451934748996,269.70451934748996
2026-09-23T08:01:05.854046+07:00,full_training:iteration_1,3.0,257.0,20.34,42.0,32.0,15.064205169677734,31.817883199755506,269.6644358315912,269.6644358315912
2026-09-23T08:01:06.871246+07:00,full_training:iteration_1,3.0,257.0,18.53,42.0,24.7,15.058231353759766,31.804993829297754,269.4574780879615,269.4574780879615
2026-09-23T08:01:07.852878+07:00,full_training:iteration_1,1.0,257.0,18.07,42.0,27.7,15.061336517333984,31.78652482242781,269.05502472054303,269.05502472054303
2026-09-23T08:01:08.857947+07:00,full_training:iteration_1,5.0,257.0,18.86,42.0,29.9,15.065200805664062,31.77439525113738,268.8690335712804,268.8690335712804
2026-09-23T08:01:09.853930+07:00,full_training:iteration_1,3.0,257.0,19.14,42.0,31.0,15.065170288085938,31.765309633443806,268.6711673364634,268.6711673364634
2026-09-23T08:01:10.854520+07:00,full_training:iteration_1,2.0,257.0,17.89,42.0,28.7,15.068042755126953,31.755394624558665,268.3353083446513,268.3353083446513
2026-09-23T08:01:11.869800+07:00,full_training:iteration_1,2.0,257.0,20.38,42.0,36.1,15.058696746826172,31.746352063866098,268.3365958259831,268.3365958259831
2026-09-23T08:01:12.869567+07:00,full_training:iteration_1,3.0,257.0,18.68,42.0,25.7,15.063335418701172,31.739025997039512,268.1526578388146,268.1526578388146
2026-09-23T08:01:13.931047+07:00,full_training:iteration_1,2.0,257.0,17.96,42.0,31.7,15.076541900634766,31.72467284387536,267.80837684402917,267.80837684402917
2026-09-23T08:01:14.871483+07:00,full_training:iteration_2,0.0,257.0,12.84,41.0,62.7,14.183948516845703,0.0,0.0,0.0
2026-09-23T08:01:15.874180+07:00,full_training:iteration_2,0.0,257.0,12.6,41.0,45.8,14.948688507080078,0.0,0.0,0.0
2026-09-23T08:01:16.854048+07:00,full_training:iteration_2,2.0,257.0,17.64,43.0,36.9,15.08676528930664,0.0,0.0,0.0
2026-09-23T08:01:17.853981+07:00,full_training:iteration_2,1.0,257.0,21.64,43.0,35.1,15.124889373779297,7.789532745246164,113.33770144333168,113.33770144333168
2026-09-23T08:01:18.872132+07:00,full_training:iteration_2,1.0,257.0,22.26,43.0,35.6,15.146114349365234,13.426299417365513,204.0797511439558,204.0797511439558
2026-09-23T08:01:19.872265+07:00,full_training:iteration_2,1.0,257.0,20.92,43.0,31.8,15.13962173461914,14.671104284484715,216.39878819614955,216.39878819614955
2026-09-23T08:01:20.866193+07:00,full_training:iteration_2,1.0,257.0,21.22,42.0,41.7,15.125385284423828,16.557966377108368,222.53906810833647,222.53906810833647
2026-09-23T08:01:21.853856+07:00,full_training:iteration_2,3.0,257.0,20.06,42.0,32.3,15.182304382324219,17.17557686220851,223.71188863026583,223.71188863026583
2026-09-23T08:01:22.864117+07:00,full_training:iteration_2,3.0,257.0,20.08,42.0,35.4,15.177192687988281,18.05863483951802,224.44303300543825,224.44303300543825
2026-09-23T08:01:23.859708+07:00,full_training:iteration_2,1.0,257.0,17.79,42.0,39.3,15.178352355957031,18.308485647873308,222.79138472755832,222.79138472755832
2026-09-23T08:01:24.854162+07:00,full_training:iteration_2,2.0,257.0,17.16,42.0,35.2,15.171546936035156,18.331443123921954,213.05210564024847,213.05210564024847
2026-09-23T08:01:25.887941+07:00,full_training:iteration_2,2.0,257.0,16.94,42.0,30.6,15.193077087402344,18.30851845565864,201.94295856591478,201.94295856591478
2026-09-23T08:01:26.870783+07:00,full_training:iteration_2,2.0,257.0,17.9,42.0,34.9,15.1927490234375,18.220081708623564,198.59889062399685,198.59889062399685
2026-09-23T08:01:27.899128+07:00,full_training:iteration_2,2.0,257.0,16.81,42.0,29.8,15.200931549072266,17.819770529035985,189.40931091487835,189.40931091487835
2026-09-23T08:01:28.853988+07:00,full_training:iteration_2,2.0,257.0,17.86,42.0,40.1,15.200302124023438,17.819770529035985,189.40931091487835,189.40931091487835
2026-09-23T08:01:29.867311+07:00,full_training:iteration_2,1.0,257.0,16.76,42.0,32.9,15.218128204345703,17.514926220110713,184.44564611793513,184.44564611793513
2026-09-23T08:01:30.853411+07:00,full_training:iteration_2,3.0,257.0,16.69,42.0,35.8,15.225715637207031,17.511028007673364,179.05026137846016,179.05026137846016
2026-09-23T08:01:31.870278+07:00,full_training:iteration_2,2.0,257.0,15.77,42.0,30.0,15.220603942871094,17.62374219794124,174.4750477596183,174.4750477596183
2026-09-23T08:01:32.855923+07:00,full_training:iteration_2,2.0,257.0,16.89,41.0,32.9,15.217708587646484,17.693240164351103,170.40801933290655,170.40801933290655
2026-09-23T08:01:33.857559+07:00,full_training:iteration_2,2.0,257.0,17.12,42.0,33.4,15.21683120727539,17.615463326235638,167.709572903014,167.709572903014
2026-09-23T08:01:34.879704+07:00,full_training:iteration_2,1.0,257.0,17.09,42.0,33.1,15.213199615478516,17.67014833708997,164.47963077107914,164.47963077107914
2026-09-23T08:01:35.854167+07:00,full_training:iteration_2,3.0,257.0,16.8,42.0,33.1,15.19997787475586,17.67014833708997,164.47963077107914,164.47963077107914
2026-09-23T08:01:36.854343+07:00,full_training:iteration_2,1.0,257.0,17.03,42.0,37.2,15.199398040771484,17.493645214734503,162.1845055039728,162.1845055039728
2026-09-23T08:01:37.872316+07:00,full_training:iteration_2,2.0,257.0,16.67,41.0,33.8,15.208106994628906,17.4026408821002,159.4516970822431,159.4516970822431
2026-09-23T08:01:38.871977+07:00,full_training:iteration_2,2.0,257.0,16.86,41.0,32.2,15.200721740722656,17.449432127357056,157.83426821864154,157.83426821864154
2026-09-23T08:01:39.856322+07:00,full_training:iteration_2,2.0,257.0,16.93,42.0,31.3,15.197498321533203,17.40116489330586,155.3844928768153,155.3844928768153
2026-09-23T08:01:40.871263+07:00,full_training:iteration_2,3.0,257.0,17.35,42.0,36.1,15.18545913696289,17.61169685594105,154.7915008447167,154.7915008447167
2026-09-23T08:01:41.853929+07:00,full_training:iteration_2,2.0,257.0,16.09,42.0,33.6,15.189441680908203,17.61169685594105,154.7915008447167,154.7915008447167
2026-09-23T08:01:42.868788+07:00,full_training:iteration_2,1.0,257.0,17.17,42.0,36.9,15.188491821289062,17.417788347430903,150.8815915596202,150.8815915596202
2026-09-23T08:01:43.871616+07:00,full_training:iteration_2,1.0,257.0,16.4,42.0,31.5,15.176750183105469,17.358684210329546,149.59714052462004,149.59714052462004
2026-09-23T08:01:44.864167+07:00,full_training:iteration_2,2.0,257.0,17.11,41.0,32.1,15.18045425415039,17.38060399930395,147.8354067094642,147.8354067094642
2026-09-23T08:01:45.854460+07:00,full_training:iteration_2,3.0,257.0,16.64,41.0,30.2,15.18115234375,17.36114320554876,146.57305902610517,146.57305902610517
2026-09-23T08:01:46.855901+07:00,full_training:iteration_2,2.0,257.0,17.15,41.0,33.4,15.179553985595703,17.397074233358662,145.04810642062785,145.04810642062785
2026-09-23T08:01:47.859169+07:00,full_training:iteration_2,2.0,257.0,16.92,41.0,33.1,15.182228088378906,17.50937296355479,144.39194980117682,144.39194980117682
2026-09-23T08:01:48.854330+07:00,full_training:iteration_2,2.0,257.0,16.73,41.0,33.5,15.206218719482422,17.583734726508,143.4539691437611,143.4539691437611
2026-09-23T08:01:49.854452+07:00,full_training:iteration_2,2.0,257.0,17.07,42.0,28.8,15.210201263427734,17.583734726508,143.4539691437611,143.4539691437611
2026-09-23T08:01:50.854633+07:00,full_training:iteration_2,0.0,257.0,16.78,42.0,34.9,15.20965576171875,17.379281248920865,143.37907030359713,143.37907030359713
2026-09-23T08:01:51.865682+07:00,full_training:iteration_2,2.0,257.0,16.2,41.0,28.4,15.197429656982422,17.32516768581765,141.71445755508657,141.71445755508657
2026-09-23T08:01:52.859677+07:00,full_training:iteration_2,2.0,257.0,15.88,41.0,27.8,15.170570373535156,17.311835178135148,140.67177584899818,140.67177584899818
2026-09-23T08:01:53.865714+07:00,full_training:iteration_2,2.0,257.0,16.93,41.0,34.6,15.173057556152344,17.36652249785796,139.77496710408326,139.77496710408326
2026-09-23T08:01:54.854410+07:00,full_training:iteration_2,2.0,257.0,16.57,41.0,33.8,15.166297912597656,17.41924191223353,139.4285891917778,139.4285891917778
2026-09-23T08:01:55.854553+07:00,full_training:iteration_2,2.0,257.0,17.72,42.0,33.9,15.14499282836914,17.41924191223353,139.4285891917778,139.4285891917778
2026-09-23T08:01:56.903821+07:00,full_training:iteration_2,0.0,257.0,16.67,42.0,35.9,15.138275146484375,17.346103377221585,138.76882701777268,138.76882701777268
2026-09-23T08:01:57.853276+07:00,full_training:iteration_2,1.0,257.0,16.88,42.0,45.6,15.13079833984375,17.363938087643486,138.11370214036427,138.11370214036427
2026-09-23T08:01:58.854187+07:00,full_training:iteration_2,2.0,257.0,18.11,42.0,33.6,15.131965637207031,17.374549278746205,138.26483426033823,138.26483426033823
2026-09-23T08:01:59.854038+07:00,full_training:iteration_2,3.0,257.0,16.33,41.0,26.7,15.123729705810547,17.33837086211854,137.8845057150273,137.8845057150273
2026-09-23T08:02:00.859109+07:00,full_training:iteration_2,2.0,257.0,16.62,41.0,29.7,15.1400146484375,17.34312116076991,137.16240948023903,137.16240948023903
2026-09-23T08:02:01.856593+07:00,full_training:iteration_2,2.0,257.0,16.75,41.0,32.8,15.141586303710938,17.4060837187567,136.87125343724782,136.87125343724782
2026-09-23T08:02:02.854453+07:00,full_training:iteration_2,2.0,257.0,17.27,41.0,38.9,15.073444366455078,17.426663697899404,136.30140535142746,136.30140535142746
2026-09-23T08:02:03.865964+07:00,full_training:iteration_2,1.0,257.0,17.11,42.0,41.7,15.239738464355469,17.46731024875685,136.1028441592089,136.1028441592089
2026-09-23T08:02:04.853691+07:00,full_training:iteration_2,3.0,257.0,17.05,42.0,37.7,15.296371459960938,17.46731024875685,136.1028441592089,136.1028441592089
2026-09-23T08:02:05.852688+07:00,full_training:iteration_2,2.0,257.0,16.95,42.0,39.3,15.250297546386719,17.46559373300668,135.45758775883021,135.45758775883021
2026-09-23T08:02:06.853171+07:00,full_training:iteration_2,2.0,257.0,17.05,42.0,43.5,15.248252868652344,17.51947414620527,135.40606906778206,135.40606906778206
2026-09-23T08:02:07.854279+07:00,full_training:iteration_2,1.0,257.0,16.73,42.0,36.6,15.250480651855469,17.501083649970813,134.79638993879695,134.79638993879695
2026-09-23T08:02:08.875030+07:00,full_training:iteration_2,2.0,257.0,16.44,41.0,28.2,15.273048400878906,17.406803778130115,134.81013989870982,134.81013989870982
2026-09-23T08:02:09.861167+07:00,full_training:iteration_2,2.0,257.0,16.37,41.0,30.8,15.28438949584961,17.39079500546236,134.0178140108443,134.0178140108443
2026-09-23T08:02:10.858055+07:00,full_training:iteration_2,1.0,257.0,17.64,41.0,33.0,15.286670684814453,17.395967640252596,134.39272551464532,134.39272551464532
2026-09-23T08:02:11.865096+07:00,full_training:iteration_2,3.0,257.0,17.09,41.0,33.5,15.325271606445312,17.451531647370683,133.88815079862786,133.88815079862786
2026-09-23T08:02:12.852495+07:00,full_training:iteration_2,6.0,257.0,17.24,41.0,36.4,15.330196380615234,17.451531647370683,133.88815079862786,133.88815079862786
2026-09-23T08:02:13.872466+07:00,full_training:iteration_2,1.0,257.0,16.76,41.0,36.8,15.24652099609375,17.435246430619323,134.20011737920814,134.20011737920814
2026-09-23T08:02:14.853640+07:00,full_training:iteration_2,1.0,257.0,16.88,41.0,39.1,15.057327270507812,17.478782761900558,133.72949465042572,133.72949465042572
2026-09-23T08:02:15.852584+07:00,full_training:iteration_2,2.0,257.0,15.88,41.0,25.2,15.116615295410156,17.390612889056545,133.53037575852,133.53037575852
2026-09-23T08:02:16.865318+07:00,full_training:iteration_2,2.0,257.0,16.97,41.0,31.4,15.17934799194336,17.353967914614348,132.91853943489804,132.91853943489804
2026-09-23T08:02:17.854342+07:00,full_training:iteration_2,3.0,257.0,18.25,41.0,39.1,15.124927520751953,17.353967914614348,132.91853943489804,132.91853943489804
2026-09-23T08:02:18.854600+07:00,full_training:iteration_2,1.0,257.0,16.86,41.0,35.3,15.077198028564453,17.29946685274479,133.23734834223077,133.23734834223077
2026-09-23T08:02:19.854923+07:00,full_training:iteration_2,2.0,257.0,15.48,41.0,35.8,15.119640350341797,17.159769154695578,132.55921672002333,132.55921672002333
2026-09-23T08:02:20.854467+07:00,full_training:iteration_2,3.0,257.0,17.04,41.0,44.3,15.125682830810547,17.159769154695578,132.55921672002333,132.55921672002333
2026-09-23T08:02:21.854441+07:00,full_training:iteration_2,1.0,257.0,15.63,41.0,47.1,15.152290344238281,17.104012002560303,131.82092057411825,131.82092057411825
2026-09-23T08:02:22.854374+07:00,full_training:iteration_2,2.0,257.0,16.59,41.0,47.7,15.131179809570312,17.08372310606609,131.08812014404677,131.08812014404677
2026-09-23T08:02:23.854191+07:00,full_training:iteration_2,2.0,257.0,16.39,41.0,46.3,15.17181396484375,17.113400356481566,130.7579810288456,130.7579810288456
2026-09-23T08:02:24.870770+07:00,full_training:iteration_2,2.0,257.0,16.71,41.0,43.9,15.155242919921875,17.113400356481566,130.7579810288456,130.7579810288456
2026-09-23T08:02:25.854785+07:00,full_training:iteration_2,0.0,257.0,15.45,41.0,44.8,15.18023681640625,17.00090536336898,129.7027405013692,129.7027405013692
2026-09-23T08:02:26.858766+07:00,full_training:iteration_2,1.0,257.0,14.86,41.0,42.0,15.22021484375,16.921104999798914,128.85005364600974,128.85005364600974
2026-09-23T08:02:27.864994+07:00,full_training:iteration_2,2.0,257.0,17.43,41.0,42.9,15.189990997314453,16.924353575775033,128.8844119484223,128.8844119484223
2026-09-23T08:02:28.854601+07:00,full_training:iteration_2,2.0,257.0,16.75,41.0,44.0,15.226810455322266,16.924353575775033,128.8844119484223,128.8844119484223
2026-09-23T08:02:29.856448+07:00,full_training:iteration_2,0.0,257.0,17.83,41.0,43.6,15.248001098632812,16.94699470710875,128.54160985383993,128.54160985383993
2026-09-23T08:02:30.854480+07:00,full_training:iteration_2,2.0,257.0,17.64,41.0,43.7,15.21151351928711,16.92720144526272,128.55416035109292,128.55416035109292
2026-09-23T08:02:31.854392+07:00,full_training:iteration_2,2.0,257.0,17.1,41.0,42.9,15.208755493164062,16.930538794571387,128.46371897665549,128.46371897665549
2026-09-23T08:02:32.854067+07:00,full_training:iteration_2,2.0,257.0,16.26,41.0,41.1,15.276958465576172,16.930538794571387,128.46371897665549,128.46371897665549
2026-09-23T08:02:33.870070+07:00,full_training:iteration_2,1.0,257.0,17.45,41.0,48.8,15.319347381591797,16.843929995372566,128.00110741180472,128.00110741180472
2026-09-23T08:02:34.853495+07:00,full_training:iteration_2,4.0,257.0,19.6,42.0,59.5,15.342586517333984,16.8378529923412,129.11114887784018,129.11114887784018
2026-09-23T08:02:35.874086+07:00,full_training:iteration_2,1.0,257.0,18.47,41.0,60.0,15.338581085205078,17.040736223222222,130.64564437803705,130.64564437803705
2026-09-23T08:02:36.863611+07:00,full_training:iteration_2,3.0,257.0,19.89,41.0,51.6,15.349624633789062,17.136033623225675,131.02945709759348,131.02945709759348
2026-09-23T08:02:37.870276+07:00,full_training:iteration_2,2.0,257.0,17.76,42.0,43.6,15.355262756347656,17.16894780138338,131.85026462963785,131.85026462963785
2026-09-23T08:02:38.872566+07:00,full_training:iteration_2,2.0,257.0,18.38,41.0,52.6,15.349849700927734,17.379717469262157,132.78818381480778,132.78818381480778
2026-09-23T08:02:39.871126+07:00,full_training:iteration_2,3.0,257.0,18.94,41.0,49.0,15.344615936279297,17.44801157461289,133.48907774279851,133.48907774279851
2026-09-23T08:02:40.852917+07:00,full_training:iteration_2,3.0,257.0,18.27,41.0,44.0,15.343738555908203,17.525535502639922,134.0586629048603,134.0586629048603
2026-09-23T08:02:41.874067+07:00,full_training:iteration_2,2.0,257.0,19.12,41.0,55.6,15.340408325195312,17.71667112303585,134.89979583683012,134.89979583683012
2026-09-23T08:02:42.855246+07:00,full_training:iteration_2,3.0,257.0,19.98,41.0,48.5,15.351001739501953,17.79525170096867,135.1982840768466,135.1982840768466
2026-09-23T08:02:43.872506+07:00,full_training:iteration_2,2.0,257.0,17.62,42.0,39.6,15.339923858642578,17.945408450157828,136.04862781275904,136.04862781275904
2026-09-23T08:02:44.875951+07:00,full_training:iteration_2,6.0,257.0,18.51,41.0,38.4,15.341842651367188,18.003734514646467,136.51720665303532,136.51720665303532
2026-09-23T08:02:45.852894+07:00,full_training:iteration_2,3.0,257.0,19.34,42.0,37.1,15.33843994140625,18.10189744165654,136.65828794216438,136.65828794216438
2026-09-23T08:02:46.870800+07:00,full_training:iteration_2,2.0,257.0,18.78,41.0,35.1,15.331771850585938,18.2177807908784,138.4442900935384,138.4442900935384
2026-09-23T08:02:47.853383+07:00,full_training:iteration_2,3.0,257.0,16.55,41.0,37.1,15.32611083984375,18.2177807908784,138.4442900935384,138.4442900935384
2026-09-23T08:02:48.869990+07:00,full_training:iteration_2,2.0,257.0,17.3,41.0,44.4,15.323165893554688,18.22731928262297,138.15235820976295,138.15235820976295
2026-09-23T08:02:49.855019+07:00,full_training:iteration_2,2.0,257.0,16.81,41.0,36.3,15.319313049316406,18.1722827278776,137.70786806695153,137.70786806695153
2026-09-23T08:02:50.854653+07:00,full_training:iteration_2,2.0,257.0,17.35,41.0,38.4,15.323867797851562,18.18617560469168,137.71324699276872,137.71324699276872
2026-09-23T08:02:51.869980+07:00,full_training:iteration_2,2.0,257.0,16.45,41.0,38.3,15.320976257324219,18.16290734920558,137.21250915627124,137.21250915627124
2026-09-23T08:02:52.854439+07:00,full_training:iteration_2,2.0,257.0,16.56,41.0,37.7,15.3134765625,18.14777414388985,137.04628092256596,137.04628092256596
2026-09-23T08:02:53.854546+07:00,full_training:iteration_2,1.0,257.0,17.69,41.0,39.7,15.31454849243164,18.14777414388985,137.04628092256596,137.04628092256596
2026-09-23T08:02:54.854544+07:00,full_training:iteration_2,1.0,257.0,17.07,41.0,38.1,15.325504302978516,18.12376381204514,136.61290411212693,136.61290411212693
2026-09-23T08:02:55.869495+07:00,full_training:iteration_2,0.0,257.0,17.31,41.0,39.9,15.322746276855469,18.148837483387275,136.5450723406714,136.5450723406714
2026-09-23T08:02:56.854325+07:00,full_training:iteration_2,2.0,257.0,16.76,41.0,40.1,15.32891845703125,18.152115455567127,136.17046175717013,136.17046175717013
2026-09-23T08:02:57.858644+07:00,full_training:iteration_2,2.0,257.0,16.7,41.0,40.9,15.328563690185547,18.17300715117713,136.0435223510701,136.0435223510701
2026-09-23T08:02:58.854290+07:00,full_training:iteration_2,2.0,257.0,16.14,41.0,31.5,15.334526062011719,18.097821849927733,135.62777236363394,135.62777236363394
2026-09-23T08:02:59.870125+07:00,full_training:iteration_2,2.0,257.0,16.9,41.0,37.2,15.350440979003906,18.072572559079177,135.4491753901513,135.4491753901513
2026-09-23T08:03:00.857503+07:00,full_training:iteration_2,3.0,257.0,17.12,41.0,40.2,15.368595123291016,18.072572559079177,135.4491753901513,135.4491753901513
2026-09-23T08:03:01.869537+07:00,full_training:iteration_2,1.0,257.0,17.24,41.0,40.1,15.368919372558594,18.05832475471245,135.06122056128686,135.06122056128686
2026-09-23T08:03:02.855219+07:00,full_training:iteration_2,2.0,257.0,17.06,41.0,39.4,15.377605438232422,18.032717370739896,135.1152472685954,135.1152472685954
2026-09-23T08:03:03.854702+07:00,full_training:iteration_2,2.0,257.0,16.72,41.0,37.1,15.40523910522461,18.031624883046735,134.73119714909154,134.73119714909154
2026-09-23T08:03:04.854699+07:00,full_training:iteration_2,2.0,257.0,17.2,41.0,37.3,15.42751693725586,18.01901099029468,134.8604665985742,134.8604665985742
2026-09-23T08:03:05.853695+07:00,full_training:iteration_2,2.0,257.0,16.53,41.0,32.4,15.460563659667969,17.98849125469288,134.41000665506522,134.41000665506522
2026-09-23T08:03:06.854233+07:00,full_training:iteration_2,5.0,257.0,17.71,41.0,40.5,15.476432800292969,17.98849125469288,134.41000665506522,134.41000665506522
2026-09-23T08:03:07.854364+07:00,full_training:iteration_2,1.0,257.0,16.99,41.0,39.5,15.489582061767578,17.980624301768977,134.27609781791338,134.27609781791338
2026-09-23T08:03:08.855088+07:00,full_training:iteration_2,2.0,257.0,17.25,41.0,40.1,15.50313949584961,17.99587922416583,134.01637116349377,134.01637116349377
2026-09-23T08:03:09.862066+07:00,full_training:iteration_2,2.0,257.0,16.44,41.0,38.6,15.503368377685547,17.95559691578063,133.89122535111954,133.89122535111954
2026-09-23T08:03:10.855545+07:00,full_training:iteration_2,2.0,257.0,16.08,41.0,31.9,15.516281127929688,17.95559691578063,133.89122535111954,133.89122535111954
2026-09-23T08:03:11.854187+07:00,full_training:iteration_2,2.0,257.0,16.54,41.0,41.6,15.524951934814453,17.898767556679548,133.38884418081236,133.38884418081236
2026-09-23T08:03:12.853819+07:00,full_training:iteration_2,1.0,257.0,17.18,41.0,42.6,15.595081329345703,17.893484874863844,133.14456888315354,133.14456888315354
2026-09-23T08:03:13.870925+07:00,full_training:iteration_2,1.0,257.0,17.59,41.0,36.9,15.607524871826172,17.969248083768047,133.7029613260928,133.7029613260928
2026-09-23T08:03:14.871716+07:00,full_training:iteration_2,3.0,257.0,18.89,41.0,44.9,15.635379791259766,18.01645031029761,133.85555304613706,133.85555304613706
2026-09-23T08:03:15.863697+07:00,full_training:iteration_2,3.0,257.0,20.61,41.0,41.4,15.60391616821289,18.087901002506374,134.82953728932503,134.82953728932503
2026-09-23T08:03:16.873418+07:00,full_training:iteration_2,1.0,257.0,17.76,41.0,40.8,15.557365417480469,18.203389959241882,135.33646453931857,135.33646453931857
2026-09-23T08:03:17.853856+07:00,full_training:iteration_2,3.0,257.0,19.76,41.0,39.8,15.565181732177734,18.26638047759253,135.7257306558259,135.7257306558259
2026-09-23T08:03:18.853476+07:00,full_training:iteration_2,2.0,257.0,18.83,41.0,36.6,15.571754455566406,18.307546353660754,135.97808543918114,135.97808543918114
2026-09-23T08:03:19.873257+07:00,full_training:iteration_2,2.0,257.0,19.06,41.0,39.5,15.584117889404297,18.41532514517773,137.0580590587619,137.0580590587619
2026-09-23T08:03:20.853636+07:00,full_training:iteration_2,3.0,257.0,20.27,41.0,39.0,15.580570220947266,18.474080480462945,137.17004756743736,137.17004756743736
2026-09-23T08:03:21.882418+07:00,full_training:iteration_2,3.0,257.0,17.95,41.0,36.1,15.575237274169922,18.57362123799869,138.05080090497245,138.05080090497245
2026-09-23T08:03:22.871148+07:00,full_training:iteration_2,3.0,257.0,18.81,41.0,42.1,15.58407974243164,18.635928332600606,138.31304120464586,138.31304120464586
2026-09-23T08:03:23.873030+07:00,full_training:iteration_2,3.0,257.0,18.36,41.0,35.8,15.613578796386719,18.753598768122984,139.1718513540168,139.1718513540168
2026-09-23T08:03:24.871164+07:00,full_training:iteration_2,3.0,257.0,19.17,41.0,41.1,15.621292114257812,18.804892743910663,139.37200015609855,139.37200015609855
2026-09-23T08:03:25.874237+07:00,full_training:iteration_2,3.0,257.0,17.95,41.0,34.0,15.633747100830078,18.923985164232136,139.79330976158576,139.79330976158576
2026-09-23T08:03:26.871128+07:00,full_training:iteration_2,3.0,257.0,19.28,41.0,40.7,15.655731201171875,18.981968049063884,140.0413674787737,140.0413674787737
2026-09-23T08:03:27.871729+07:00,full_training:iteration_2,3.0,257.0,18.38,41.0,40.1,15.665763854980469,19.11180488700193,140.4266199236681,140.4266199236681
2026-09-23T08:03:28.868730+07:00,full_training:iteration_2,3.0,257.0,18.93,41.0,38.9,15.651512145996094,19.146909291938478,140.56523954402022,140.56523954402022
2026-09-23T08:03:29.866304+07:00,full_training:iteration_2,2.0,257.0,17.66,41.0,34.9,15.657539367675781,19.268280625414704,140.93265102058132,140.93265102058132
2026-09-23T08:03:30.870319+07:00,full_training:iteration_2,3.0,257.0,18.95,41.0,36.4,15.65713119506836,19.30615221634939,141.45072440650492,141.45072440650492
2026-09-23T08:03:31.873318+07:00,full_training:iteration_2,3.0,257.0,17.91,41.0,30.5,15.657554626464844,19.41225135409359,141.89188085625628,141.89188085625628
2026-09-23T08:03:32.870294+07:00,full_training:iteration_2,3.0,257.0,18.95,41.0,45.4,15.661239624023438,19.456738346287203,142.0269299509017,142.0269299509017
2026-09-23T08:03:33.863670+07:00,full_training:iteration_2,3.0,257.0,18.51,41.0,33.8,15.652145385742188,19.488480735797157,142.3308709737719,142.3308709737719
2026-09-23T08:03:34.874702+07:00,full_training:iteration_2,2.0,257.0,18.03,41.0,40.4,15.654960632324219,19.590837465971227,142.77001551843554,142.77001551843554
2026-09-23T08:03:35.853546+07:00,full_training:iteration_2,3.0,257.0,18.66,41.0,36.0,15.647422790527344,19.6218256256464,143.0758118536717,143.0758118536717
2026-09-23T08:03:36.854929+07:00,full_training:iteration_2,1.0,257.0,17.63,41.0,33.2,15.637264251708984,19.689441443096538,143.25131029786712,143.25131029786712
2026-09-23T08:03:37.873268+07:00,full_training:iteration_2,5.0,257.0,17.24,41.0,38.3,15.653087615966797,19.724915682372693,143.5861947261513,143.5861947261513
2026-09-23T08:03:38.871297+07:00,full_training:iteration_2,4.0,257.0,19.31,41.0,41.3,15.681755065917969,19.772290384845626,143.68328484593098,143.68328484593098
2026-09-23T08:03:39.854051+07:00,full_training:iteration_2,3.0,257.0,19.43,41.0,37.8,15.681987762451172,19.81557380786345,143.91926543249636,143.91926543249636
2026-09-23T08:03:40.872586+07:00,full_training:iteration_2,1.0,257.0,17.67,41.0,44.1,15.568313598632812,19.876789130343777,144.41515412977358,144.41515412977358
2026-09-23T08:03:41.869242+07:00,full_training:iteration_2,3.0,257.0,18.74,41.0,39.5,15.567268371582031,19.90924160846996,144.44427516282056,144.44427516282056
2026-09-23T08:03:42.889634+07:00,full_training:iteration_2,3.0,257.0,18.3,41.0,36.6,15.560100555419922,19.999916054400398,144.92506738203855,144.92506738203855
2026-09-23T08:03:43.888952+07:00,full_training:iteration_2,3.0,257.0,19.31,41.0,47.4,15.565422058105469,20.031484640581798,145.26859549248766,145.26859549248766
2026-09-23T08:03:44.867407+07:00,full_training:iteration_2,3.0,257.0,19.0,41.0,35.4,15.54714584350586,20.06484501768037,145.36980215309427,145.36980215309427
2026-09-23T08:03:45.874434+07:00,full_training:iteration_2,2.0,257.0,19.3,41.0,41.3,15.550228118896484,20.165260050550838,145.91290306972593,145.91290306972593
2026-09-23T08:03:46.855820+07:00,full_training:iteration_2,3.0,257.0,19.35,41.0,41.5,15.547367095947266,20.18873209237343,146.22315992263802,146.22315992263802
2026-09-23T08:03:47.870270+07:00,full_training:iteration_2,3.0,257.0,18.96,41.0,40.1,15.551555633544922,20.26466534121064,146.87960179085866,146.87960179085866
2026-09-23T08:03:48.872448+07:00,full_training:iteration_2,3.0,257.0,19.13,41.0,46.5,15.542304992675781,20.305250536429575,147.01782359549492,147.01782359549492
2026-09-23T08:03:49.869016+07:00,full_training:iteration_2,3.0,257.0,17.61,41.0,37.2,15.546531677246094,20.31181196869834,147.27357423291565,147.27357423291565
2026-09-23T08:03:50.873372+07:00,full_training:iteration_2,2.0,257.0,17.62,41.0,38.5,15.551746368408203,20.394828539504637,147.49052576194595,147.49052576194595
2026-09-23T08:03:51.872401+07:00,full_training:iteration_2,4.0,257.0,16.27,40.0,50.6,12.765018463134766,20.442033838041304,147.57870803950942,147.57870803950942
2026-09-23T08:03:52.870090+07:00,full_training:iteration_3,2.0,257.0,12.38,40.0,59.3,14.976116180419922,0.0,0.0,0.0
2026-09-23T08:03:53.874562+07:00,full_training:iteration_3,0.0,257.0,13.19,40.0,57.9,15.459163665771484,0.0,0.0,0.0
2026-09-23T08:03:54.872240+07:00,full_training:iteration_3,6.0,257.0,17.52,41.0,43.8,15.424335479736328,7.124987419987619,68.39987923188114,68.39987923188114
2026-09-23T08:03:55.862687+07:00,full_training:iteration_3,3.0,257.0,17.57,41.0,48.9,15.421405792236328,10.843555123591653,84.57972996401489,84.57972996401489
2026-09-23T08:03:56.871418+07:00,full_training:iteration_3,3.0,257.0,17.98,41.0,38.1,15.412403106689453,12.792290512988162,102.9779386295547,102.9779386295547
2026-09-23T08:03:57.870127+07:00,full_training:iteration_3,3.0,257.0,18.9,41.0,45.3,15.405967712402344,14.701019396258248,108.05249256249813,108.05249256249813
2026-09-23T08:03:58.853185+07:00,full_training:iteration_3,3.0,257.0,17.84,41.0,40.3,15.402652740478516,16.194529727546776,115.95283284923491,115.95283284923491
2026-09-23T08:03:59.854433+07:00,full_training:iteration_3,2.0,257.0,17.64,41.0,38.3,15.388118743896484,16.684755954641858,124.71855076094789,124.71855076094789
2026-09-23T08:04:00.853500+07:00,full_training:iteration_3,2.0,257.0,17.17,41.0,35.9,15.375205993652344,17.122998238955287,131.1132436582862,131.1132436582862
2026-09-23T08:04:01.853470+07:00,full_training:iteration_3,1.0,257.0,16.85,41.0,36.1,15.370502471923828,17.50456535477059,129.75259069223702,129.75259069223702
2026-09-23T08:04:02.856683+07:00,full_training:iteration_3,0.0,257.0,16.87,41.0,39.3,15.373863220214844,18.41641111443612,133.7952267463784,133.7952267463784
2026-09-23T08:04:03.853644+07:00,full_training:iteration_3,6.0,257.0,17.98,41.0,37.9,15.368217468261719,18.41641111443612,133.7952267463784,133.7952267463784
2026-09-23T08:04:04.869833+07:00,full_training:iteration_3,2.0,257.0,17.89,41.0,39.6,15.250526428222656,18.608553188883757,136.46272338514754,136.46272338514754
2026-09-23T08:04:05.873388+07:00,full_training:iteration_3,2.0,257.0,17.25,41.0,45.3,15.151729583740234,18.77029488503054,138.8279887073605,138.8279887073605
2026-09-23T08:04:06.873159+07:00,full_training:iteration_3,2.0,257.0,17.3,41.0,41.7,15.147453308105469,19.09318656093148,139.03931213478316,139.03931213478316
2026-09-23T08:04:07.873497+07:00,full_training:iteration_3,3.0,257.0,18.49,41.0,42.6,15.147274017333984,19.209390164643207,142.6617376227502,142.6617376227502
2026-09-23T08:04:08.873698+07:00,full_training:iteration_3,3.0,257.0,17.87,40.0,39.4,15.139045715332031,19.258422890965043,142.69287710774412,142.69287710774412
2026-09-23T08:04:09.873249+07:00,full_training:iteration_3,2.0,257.0,17.14,41.0,35.8,15.136310577392578,19.336752131806836,144.05880338196093,144.05880338196093
2026-09-23T08:04:10.872599+07:00,full_training:iteration_3,3.0,257.0,18.08,40.0,41.1,15.135063171386719,19.443907171513878,144.2089781887279,144.2089781887279
2026-09-23T08:04:11.853296+07:00,full_training:iteration_3,3.0,257.0,18.09,41.0,40.1,15.13458251953125,19.74189908707032,145.25881538802267,145.25881538802267
2026-09-23T08:04:12.869322+07:00,full_training:iteration_3,2.0,257.0,17.02,41.0,37.6,15.147018432617188,19.769943493969716,144.32058750597892,144.32058750597892
2026-09-23T08:04:13.852197+07:00,full_training:iteration_3,2.0,257.0,16.76,41.0,37.6,15.144210815429688,19.83829981314942,144.25278006990078,144.25278006990078
2026-09-23T08:04:14.854427+07:00,full_training:iteration_3,1.0,257.0,17.62,41.0,41.4,15.142051696777344,20.02499410540189,144.17995755889362,144.17995755889362
2026-09-23T08:04:15.853794+07:00,full_training:iteration_3,1.0,257.0,18.03,41.0,43.2,15.142127990722656,20.02417727872315,144.8705695295449,144.8705695295449
2026-09-23T08:04:16.853577+07:00,full_training:iteration_3,1.0,257.0,17.29,41.0,42.3,15.136909484863281,19.983349706500142,145.42050109334374,145.42050109334374
2026-09-23T08:04:17.873382+07:00,full_training:iteration_3,2.0,257.0,16.82,41.0,40.5,15.132194519042969,20.12385372833931,144.775647687918,144.775647687918
2026-09-23T08:04:18.870975+07:00,full_training:iteration_3,2.0,257.0,16.78,41.0,41.6,15.12896728515625,20.183316844051184,144.983492663101,144.983492663101
2026-09-23T08:04:19.872060+07:00,full_training:iteration_3,3.0,257.0,18.02,41.0,42.6,15.131275177001953,20.225779436775646,145.22831984870513,145.22831984870513
2026-09-23T08:04:20.872300+07:00,full_training:iteration_3,2.0,257.0,17.22,40.0,40.6,15.129524230957031,20.27644421602198,145.43104817008867,145.43104817008867
2026-09-23T08:04:21.871264+07:00,full_training:iteration_3,3.0,257.0,17.99,40.0,38.6,15.14608383178711,20.278614646141442,145.26247624852653,145.26247624852653
2026-09-23T08:04:22.870600+07:00,full_training:iteration_3,2.0,257.0,17.77,40.0,39.1,15.153156280517578,20.374828489926127,145.41712269019857,145.41712269019857
2026-09-23T08:04:23.873924+07:00,full_training:iteration_3,2.0,257.0,18.9,40.0,36.2,15.154731750488281,20.30931679719626,147.05214693469918,147.05214693469918
2026-09-23T08:04:24.871529+07:00,full_training:iteration_3,3.0,257.0,18.43,40.0,43.6,15.155021667480469,20.351601796538976,147.919142148481,147.919142148481
2026-09-23T08:04:25.870998+07:00,full_training:iteration_3,3.0,257.0,17.8,40.0,38.9,15.154369354248047,20.37203799252246,147.51752216938326,147.51752216938326
2026-09-23T08:04:26.853643+07:00,full_training:iteration_3,3.0,257.0,17.7,41.0,38.3,15.155372619628906,20.470565127258023,147.82672388327043,147.82672388327043
2026-09-23T08:04:27.853771+07:00,full_training:iteration_3,1.0,257.0,17.18,41.0,35.1,15.153343200683594,20.56399715410795,147.40387404493214,147.40387404493214
2026-09-23T08:04:28.869496+07:00,full_training:iteration_3,1.0,257.0,17.29,41.0,40.0,15.018142700195312,20.463683903473765,147.61506037397695,147.61506037397695
2026-09-23T08:04:29.869060+07:00,full_training:iteration_3,3.0,257.0,19.56,41.0,36.8,15.023719787597656,20.516249024413433,149.60664749118322,149.60664749118322
2026-09-23T08:04:30.853445+07:00,full_training:iteration_3,2.0,257.0,17.17,41.0,34.6,15.025325775146484,20.47051182744726,150.64197165326576,150.64197165326576
2026-09-23T08:04:31.872380+07:00,full_training:iteration_3,2.0,257.0,16.62,41.0,32.8,15.041324615478516,20.639461304378504,150.31568647530295,150.31568647530295
2026-09-23T08:04:32.871250+07:00,full_training:iteration_3,2.0,257.0,17.25,40.0,39.3,15.029441833496094,20.706222496388776,150.0708125690653,150.0708125690653
2026-09-23T08:04:33.870494+07:00,full_training:iteration_3,3.0,257.0,18.08,41.0,37.8,15.03268051147461,20.76240011226131,150.40668918533484,150.40668918533484
2026-09-23T08:04:34.870743+07:00,full_training:iteration_3,2.0,257.0,17.88,40.0,36.7,15.019268035888672,20.815300403837348,150.15400791313576,150.15400791313576
2026-09-23T08:04:35.869140+07:00,full_training:iteration_3,3.0,257.0,18.07,41.0,37.4,15.015914916992188,20.887191585342862,150.34136343316786,150.34136343316786
2026-09-23T08:04:36.856589+07:00,full_training:iteration_3,2.0,257.0,17.61,41.0,33.3,15.011859893798828,20.898052320333655,150.44326143214107,150.44326143214107
2026-09-23T08:04:37.873537+07:00,full_training:iteration_3,1.0,257.0,16.63,41.0,35.7,15.021133422851562,20.990405797100895,150.30005150965786,150.30005150965786
2026-09-23T08:04:38.870931+07:00,full_training:iteration_3,2.0,257.0,17.63,40.0,38.5,15.02145004272461,21.06113421440889,150.71605535270365,150.71605535270365
2026-09-23T08:04:39.873522+07:00,full_training:iteration_3,2.0,257.0,17.04,40.0,37.8,15.058094024658203,21.06922956309782,150.32895293270298,150.32895293270298
2026-09-23T08:04:40.869002+07:00,full_training:iteration_3,3.0,257.0,18.01,40.0,34.4,15.066238403320312,21.159073115052173,150.5198377674692,150.5198377674692
2026-09-23T08:04:41.852328+07:00,full_training:iteration_3,2.0,257.0,17.5,41.0,31.0,15.073112487792969,21.178355298905597,149.99977416513332,149.99977416513332
2026-09-23T08:04:42.850413+07:00,full_training:iteration_3,1.0,257.0,17.04,40.0,29.1,15.070991516113281,21.21813581961921,150.04825104138263,150.04825104138263
2026-09-23T08:04:43.852032+07:00,full_training:iteration_3,2.0,257.0,17.56,41.0,31.1,15.063922882080078,21.26204870831622,149.75963381866805,149.75963381866805
2026-09-23T08:04:44.854221+07:00,full_training:iteration_3,1.0,257.0,17.4,40.0,35.3,15.06100082397461,21.216632002468163,150.7345264538988,150.7345264538988
2026-09-23T08:04:45.856013+07:00,full_training:iteration_3,1.0,257.0,16.35,40.0,37.5,15.062488555908203,21.18456374576343,150.22125470433318,150.22125470433318
2026-09-23T08:04:46.864704+07:00,full_training:iteration_3,1.0,257.0,15.88,40.0,33.5,15.053886413574219,21.102440313726657,149.19795520055865,149.19795520055865
2026-09-23T08:04:47.853432+07:00,full_training:iteration_3,2.0,257.0,15.45,40.0,23.0,15.049613952636719,20.88663638193945,147.17876360859745,147.17876360859745
2026-09-23T08:04:48.854204+07:00,full_training:iteration_3,1.0,257.0,16.27,40.0,33.3,15.0416259765625,20.88663638193945,147.17876360859745,147.17876360859745
2026-09-23T08:04:49.853977+07:00,full_training:iteration_3,0.0,257.0,15.84,40.0,36.3,15.041000366210938,20.73595401297038,145.8545917861476,145.8545917861476
2026-09-23T08:04:50.854300+07:00,full_training:iteration_3,2.0,257.0,15.14,40.0,30.0,15.059432983398438,20.645973560588626,144.590634835989,144.590634835989
2026-09-23T08:04:51.868999+07:00,full_training:iteration_3,1.0,257.0,15.2,40.0,31.3,15.04013442993164,20.582819923382107,143.7760585139855,143.7760585139855
2026-09-23T08:04:52.866932+07:00,full_training:iteration_3,2.0,257.0,16.49,40.0,31.3,15.034187316894531,20.46164200273496,143.31400064012348,143.31400064012348
2026-09-23T08:04:53.854079+07:00,full_training:iteration_3,3.0,257.0,17.09,40.0,37.9,15.035724639892578,20.46164200273496,143.31400064012348,143.31400064012348
2026-09-23T08:04:54.870081+07:00,full_training:iteration_3,1.0,257.0,15.38,40.0,28.5,15.028430938720703,20.2776303388862,142.13653266114517,142.13653266114517
2026-09-23T08:04:55.879328+07:00,full_training:iteration_3,2.0,257.0,15.94,40.0,29.6,15.0252685546875,20.161097787352762,141.08043193853024,141.08043193853024
2026-09-23T08:04:56.853731+07:00,full_training:iteration_3,1.0,257.0,16.12,40.0,32.4,15.02004623413086,20.161097787352762,141.08043193853024,141.08043193853024
2026-09-23T08:04:57.870064+07:00,full_training:iteration_3,1.0,257.0,15.91,40.0,38.1,15.015892028808594,20.059467092526916,140.2002446174612,140.2002446174612
2026-09-23T08:04:58.898640+07:00,full_training:iteration_3,2.0,257.0,14.73,40.0,17.0,15.01779556274414,19.813359117715066,138.67850370346176,138.67850370346176
2026-09-23T08:04:59.854012+07:00,full_training:iteration_3,2.0,257.0,16.4,40.0,35.5,15.01431655883789,19.813359117715066,138.67850370346176,138.67850370346176
2026-09-23T08:05:00.864737+07:00,full_training:iteration_3,1.0,257.0,16.35,40.0,37.0,15.026714324951172,19.744514237163695,137.93164012991744,137.93164012991744
2026-09-23T08:05:01.853906+07:00,full_training:iteration_3,2.0,257.0,16.03,40.0,30.9,15.02456283569336,19.64645260873788,136.88954773558837,136.88954773558837
2026-09-23T08:05:02.877854+07:00,full_training:iteration_3,2.0,257.0,15.65,40.0,28.7,15.011016845703125,19.54443895559572,136.0462902952554,136.0462902952554
2026-09-23T08:05:03.854345+07:00,full_training:iteration_3,3.0,257.0,16.54,40.0,36.6,15.008777618408203,19.54443895559572,136.0462902952554,136.0462902952554
2026-09-23T08:05:04.854226+07:00,full_training:iteration_3,2.0,257.0,15.28,40.0,31.0,15.039634704589844,19.427505790986615,135.21544030526684,135.21544030526684
2026-09-23T08:05:05.874750+07:00,full_training:iteration_3,2.0,257.0,15.49,40.0,34.3,15.085556030273438,19.355525606551616,134.52090296553374,134.52090296553374
2026-09-23T08:05:06.871573+07:00,full_training:iteration_3,2.0,257.0,18.04,40.0,38.1,15.08218002319336,19.383938717370796,134.3414641662226,134.3414641662226
2026-09-23T08:05:07.870874+07:00,full_training:iteration_3,2.0,257.0,17.98,40.0,38.0,15.073799133300781,19.44416994348375,134.75076129326615,134.75076129326615
2026-09-23T08:05:08.871542+07:00,full_training:iteration_3,2.0,257.0,17.37,40.0,34.2,15.06918716430664,19.606603077240344,135.11563733962228,135.11563733962228
2026-09-23T08:05:09.871196+07:00,full_training:iteration_3,2.0,257.0,17.43,40.0,35.2,15.063896179199219,19.641514703438865,135.24216637249418,135.24216637249418
2026-09-23T08:05:10.869102+07:00,full_training:iteration_3,3.0,257.0,17.9,40.0,36.0,15.063304901123047,19.717556577764142,135.47497801904052,135.47497801904052
2026-09-23T08:05:11.889272+07:00,full_training:iteration_3,2.0,257.0,17.62,41.0,31.5,15.070487976074219,19.82293979542766,136.27643801135142,136.27643801135142
2026-09-23T08:05:12.858827+07:00,full_training:iteration_3,3.0,257.0,17.25,40.0,33.4,15.08782958984375,19.82293979542766,136.27643801135142,136.27643801135142
2026-09-23T08:05:13.855770+07:00,full_training:iteration_3,2.0,257.0,16.85,40.0,33.4,15.096843719482422,19.8176450162398,136.14722126156744,136.14722126156744
2026-09-23T08:05:14.875200+07:00,full_training:iteration_3,2.0,257.0,17.37,40.0,40.5,15.107978820800781,19.83774740264505,136.31193626854088,136.31193626854088
2026-09-23T08:05:15.874046+07:00,full_training:iteration_3,3.0,257.0,18.15,40.0,39.9,15.122406005859375,19.899142538591775,137.0523473757348,137.0523473757348
2026-09-23T08:05:16.873828+07:00,full_training:iteration_3,3.0,257.0,18.33,40.0,39.9,15.094921112060547,19.95316275333847,137.11860951624564,137.11860951624564
2026-09-23T08:05:17.873576+07:00,full_training:iteration_3,3.0,257.0,17.15,40.0,29.5,15.088508605957031,19.96336937789073,138.08780030271592,138.08780030271592
2026-09-23T08:05:18.858314+07:00,full_training:iteration_3,2.0,257.0,17.63,40.0,29.5,15.08554458618164,20.079536474891142,138.50264182278363,138.50264182278363
2026-09-23T08:05:19.871493+07:00,full_training:iteration_3,2.0,257.0,17.32,40.0,34.1,15.09066390991211,20.10057158814946,138.5112114892481,138.5112114892481
2026-09-23T08:05:20.865503+07:00,full_training:iteration_3,3.0,257.0,16.93,40.0,31.0,15.068286895751953,20.102633021599612,138.45970833978157,138.45970833978157
2026-09-23T08:05:21.853539+07:00,full_training:iteration_3,3.0,257.0,16.64,40.0,41.3,15.05526351928711,20.102633021599612,138.45970833978157,138.45970833978157
2026-09-23T08:05:22.871522+07:00,full_training:iteration_3,1.0,257.0,15.6,40.0,38.9,15.058185577392578,20.03075132066929,137.73367171995767,137.73367171995767
2026-09-23T08:05:23.854343+07:00,full_training:iteration_3,1.0,257.0,14.85,40.0,27.1,15.040611267089844,19.928056758697945,136.92326910303177,136.92326910303177
2026-09-23T08:05:24.867473+07:00,full_training:iteration_3,2.0,257.0,16.26,40.0,37.1,15.039268493652344,19.88382565791427,136.23662503767673,136.23662503767673
2026-09-23T08:05:25.853161+07:00,full_training:iteration_3,2.0,257.0,17.5,40.0,40.0,15.025890350341797,19.88382565791427,136.23662503767673,136.23662503767673
2026-09-23T08:05:26.860286+07:00,full_training:iteration_3,1.0,257.0,16.68,40.0,33.7,15.018150329589844,19.812666761901436,136.08958631723266,136.08958631723266
2026-09-23T08:05:27.854315+07:00,full_training:iteration_3,2.0,257.0,17.05,40.0,27.7,15.007022857666016,19.74216698411739,136.66200060175728,136.66200060175728
2026-09-23T08:05:28.864301+07:00,full_training:iteration_3,2.0,257.0,16.54,40.0,30.8,14.991046905517578,19.702376215936948,136.6515335650616,136.6515335650616
2026-09-23T08:05:29.854246+07:00,full_training:iteration_3,1.0,257.0,16.45,40.0,39.3,14.990928649902344,19.702376215936948,136.6515335650616,136.6515335650616
2026-09-23T08:05:30.869613+07:00,full_training:iteration_3,1.0,257.0,15.56,40.0,31.1,15.020057678222656,19.57754985783378,135.87023534147664,135.87023534147664
2026-09-23T08:05:31.870896+07:00,full_training:iteration_3,3.0,257.0,16.05,39.0,31.2,15.01571273803711,19.533561232770737,135.37563441989823,135.37563441989823
2026-09-23T08:05:32.906119+07:00,full_training:iteration_3,2.0,257.0,16.29,40.0,33.1,15.004528045654297,19.477775904369047,134.87366049698812,134.87366049698812
2026-09-23T08:05:33.854568+07:00,full_training:iteration_3,2.0,257.0,16.46,40.0,39.8,15.009349822998047,19.477775904369047,134.87366049698812,134.87366049698812
2026-09-23T08:05:34.894136+07:00,full_training:iteration_3,1.0,257.0,13.72,39.0,16.8,15.014415740966797,19.330194733187742,133.81766626656787,133.81766626656787
2026-09-23T08:05:35.853920+07:00,full_training:iteration_3,2.0,257.0,15.81,40.0,34.3,15.01388168334961,19.330194733187742,133.81766626656787,133.81766626656787
2026-09-23T08:05:36.854053+07:00,full_training:iteration_3,1.0,257.0,16.07,40.0,36.5,15.011798858642578,19.28737405720915,133.28539842234383,133.28539842234383
2026-09-23T08:05:37.854062+07:00,full_training:iteration_3,1.0,257.0,15.88,40.0,34.0,15.013710021972656,19.27241717377729,133.03692330254975,133.03692330254975
2026-09-23T08:05:38.870039+07:00,full_training:iteration_3,1.0,257.0,16.49,40.0,33.2,15.023998260498047,19.242805380569372,132.46407645065474,132.46407645065474
2026-09-23T08:05:39.874237+07:00,full_training:iteration_3,3.0,257.0,16.14,40.0,30.3,15.02169418334961,19.21098231350434,132.06151482598784,132.06151482598784
2026-09-23T08:05:40.899090+07:00,full_training:iteration_3,2.0,257.0,15.94,40.0,31.5,15.024166107177734,19.164257686428417,131.5792134710982,131.5792134710982
2026-09-23T08:05:41.851533+07:00,full_training:iteration_3,2.0,257.0,16.43,40.0,35.7,15.023235321044922,19.164257686428417,131.5792134710982,131.5792134710982
2026-09-23T08:05:42.871063+07:00,full_training:iteration_3,1.0,257.0,14.76,40.0,28.7,15.024177551269531,19.094832332491613,131.017828132796,131.017828132796
2026-09-23T08:05:43.874078+07:00,full_training:iteration_3,2.0,257.0,16.2,39.0,28.3,15.016059875488281,19.037701551110292,130.80337773277006,130.80337773277006
2026-09-23T08:05:44.870051+07:00,full_training:iteration_3,1.0,257.0,16.37,40.0,33.4,15.007217407226562,19.027283175082534,130.57695360245893,130.57695360245893
2026-09-23T08:05:45.853890+07:00,full_training:iteration_3,2.0,257.0,16.21,40.0,36.9,15.030769348144531,19.027283175082534,130.57695360245893,130.57695360245893
2026-09-23T08:05:46.855350+07:00,full_training:iteration_3,1.0,257.0,15.71,40.0,36.7,15.03408432006836,18.978639375293987,129.95974768517286,129.95974768517286
2026-09-23T08:05:47.869139+07:00,full_training:iteration_3,2.0,257.0,15.46,40.0,31.3,15.032665252685547,18.94282500594291,129.6280107516772,129.6280107516772
2026-09-23T08:05:48.870066+07:00,full_training:iteration_3,1.0,257.0,15.46,39.0,30.7,15.046234130859375,18.902908591893894,129.17560353206036,129.17560353206036
2026-09-23T08:05:49.854025+07:00,full_training:iteration_3,1.0,257.0,17.04,40.0,39.3,15.05221939086914,18.902908591893894,129.17560353206036,129.17560353206036
2026-09-23T08:05:50.875595+07:00,full_training:iteration_3,1.0,257.0,15.34,39.0,30.5,15.053089141845703,18.821469746488475,129.0118491587005,129.0118491587005
2026-09-23T08:05:51.869744+07:00,full_training:iteration_3,2.0,257.0,15.94,40.0,31.0,15.04824447631836,18.7901425180734,128.54470711917713,128.54470711917713
2026-09-23T08:05:52.893951+07:00,full_training:iteration_3,2.0,257.0,15.97,40.0,31.1,15.069408416748047,18.748044308309233,128.18353126194435,128.18353126194435
2026-09-23T08:05:53.854023+07:00,full_training:iteration_3,2.0,257.0,16.78,40.0,40.4,15.06180191040039,18.748044308309233,128.18353126194435,128.18353126194435
2026-09-23T08:05:54.853920+07:00,full_training:iteration_3,1.0,257.0,16.09,40.0,32.9,15.058837890625,18.717115551796756,127.76894142463364,127.76894142463364
2026-09-23T08:05:55.854489+07:00,full_training:iteration_3,2.0,257.0,15.68,39.0,33.3,15.055267333984375,18.695160403880536,127.59853392178985,127.59853392178985
2026-09-23T08:05:56.876854+07:00,full_training:iteration_3,2.0,257.0,15.81,39.0,32.7,15.053081512451172,18.668065578524505,127.18424333368894,127.18424333368894
2026-09-23T08:05:57.898707+07:00,full_training:iteration_3,2.0,257.0,16.65,40.0,34.0,15.058921813964844,18.63846162112075,126.86898149624416,126.86898149624416
2026-09-23T08:05:58.853238+07:00,full_training:iteration_3,2.0,257.0,16.52,40.0,41.4,15.057575225830078,18.63846162112075,126.86898149624416,126.86898149624416
2026-09-23T08:05:59.870150+07:00,full_training:iteration_3,1.0,257.0,15.61,39.0,29.7,15.053997039794922,18.581261960823827,126.40769524619769,126.40769524619769
2026-09-23T08:06:00.873589+07:00,full_training:iteration_3,2.0,257.0,15.65,39.0,33.2,15.019344329833984,18.546891293614642,126.13444641951537,126.13444641951537
2026-09-23T08:06:01.854104+07:00,full_training:iteration_3,1.0,257.0,16.17,40.0,35.7,15.018463134765625,18.546891293614642,126.13444641951537,126.13444641951537
2026-09-23T08:06:02.868450+07:00,full_training:iteration_3,1.0,257.0,15.65,40.0,29.8,15.026641845703125,18.470225562706442,125.65140531762837,125.65140531762837
2026-09-23T08:06:03.861938+07:00,full_training:iteration_3,2.0,257.0,15.79,39.0,30.2,15.026878356933594,18.43739485587866,125.35142874536017,125.35142874536017
2026-09-23T08:06:04.853913+07:00,full_training:iteration_3,2.0,257.0,16.36,39.0,31.4,15.02496337890625,18.43739485587866,125.35142874536017,125.35142874536017
2026-09-23T08:06:05.854103+07:00,full_training:iteration_3,1.0,257.0,16.52,40.0,39.3,15.022541046142578,18.400192364038602,124.90261726457842,124.90261726457842
2026-09-23T08:06:06.855075+07:00,full_training:iteration_3,1.0,257.0,15.35,40.0,32.8,15.02572250366211,18.368331811403646,124.61345105712009,124.61345105712009
2026-09-23T08:06:07.887583+07:00,full_training:iteration_3,2.0,257.0,15.29,39.0,29.4,15.030593872070312,18.33118951671594,124.17163414972221,124.17163414972221
2026-09-23T08:06:08.853919+07:00,full_training:iteration_3,1.0,257.0,16.3,39.0,35.5,15.019229888916016,18.33118951671594,124.17163414972221,124.17163414972221
2026-09-23T08:06:09.854023+07:00,full_training:iteration_3,1.0,257.0,15.61,40.0,34.8,15.01645278930664,18.289272994458695,123.88421955526542,123.88421955526542
2026-09-23T08:06:10.870867+07:00,full_training:iteration_3,1.0,257.0,15.22,39.0,27.0,15.01351547241211,18.250162551896484,123.36965042522088,123.36965042522088
2026-09-23T08:06:11.904674+07:00,full_training:iteration_3,2.0,257.0,16.13,40.0,32.0,15.032779693603516,18.211893435590415,123.23859227201893,123.23859227201893
2026-09-23T08:06:12.854223+07:00,full_training:iteration_3,2.0,257.0,16.31,40.0,42.0,15.02035903930664,18.211893435590415,123.23859227201893,123.23859227201893
2026-09-23T08:06:13.887935+07:00,full_training:iteration_3,1.0,257.0,15.36,39.0,33.0,15.02359390258789,18.176795047726557,122.82827247289912,122.82827247289912
2026-09-23T08:06:14.854695+07:00,full_training:iteration_3,2.0,257.0,15.15,39.0,29.4,15.016788482666016,18.152231234568102,122.57681107311839,122.57681107311839
2026-09-23T08:06:15.894131+07:00,full_training:iteration_3,2.0,257.0,15.87,39.0,32.8,15.063087463378906,18.133316948236963,122.25342799447914,122.25342799447914
2026-09-23T08:06:16.854317+07:00,full_training:iteration_3,5.0,257.0,16.42,39.0,38.1,15.060779571533203,18.133316948236963,122.25342799447914,122.25342799447914
2026-09-23T08:06:17.870787+07:00,full_training:iteration_3,0.0,257.0,16.02,40.0,38.3,15.040416717529297,18.112315495656663,122.0023449875377,122.0023449875377
2026-09-23T08:06:18.855313+07:00,full_training:iteration_3,2.0,257.0,15.5,39.0,33.1,15.042434692382812,18.08589912998624,121.65507452662715,121.65507452662715
2026-09-23T08:06:19.872370+07:00,full_training:iteration_3,2.0,257.0,15.82,39.0,33.9,15.044227600097656,18.068191045691872,121.58669914206185,121.58669914206185
2026-09-23T08:06:20.880087+07:00,full_training:iteration_3,1.0,257.0,15.73,39.0,34.7,15.036067962646484,18.050754968665014,121.27682610663516,121.27682610663516
2026-09-23T08:06:21.854290+07:00,full_training:iteration_3,2.0,257.0,16.73,39.0,38.1,15.037017822265625,18.050754968665014,121.27682610663516,121.27682610663516
2026-09-23T08:06:22.854702+07:00,full_training:iteration_3,1.0,257.0,15.58,39.0,33.1,15.043670654296875,18.022391247150676,121.01034478503504,121.01034478503504
2026-09-23T08:06:23.880002+07:00,full_training:iteration_3,2.0,257.0,16.16,39.0,33.7,15.051502227783203,17.999715147873303,120.69073708342401,120.69073708342401
2026-09-23T08:06:24.867531+07:00,full_training:iteration_3,2.0,257.0,16.46,39.0,31.4,15.04593276977539,17.999715147873303,120.69073708342401,120.69073708342401
2026-09-23T08:06:25.870250+07:00,full_training:iteration_3,1.0,257.0,16.22,39.0,38.1,15.063541412353516,17.94193175637337,120.56454288260822,120.56454288260822
2026-09-23T08:06:26.870287+07:00,full_training:iteration_3,2.0,257.0,15.61,39.0,35.7,15.063549041748047,17.924932909931744,120.26590856018697,120.26590856018697
2026-09-23T08:06:27.873020+07:00,full_training:iteration_3,2.0,257.0,15.96,39.0,36.1,15.064250946044922,17.900461998161497,120.1648999315431,120.1648999315431
2026-09-23T08:06:28.865408+07:00,full_training:iteration_3,1.0,257.0,16.58,39.0,38.0,15.077278137207031,17.900461998161497,120.1648999315431,120.1648999315431
2026-09-23T08:06:29.870649+07:00,full_training:iteration_3,1.0,257.0,16.26,39.0,38.3,15.081554412841797,17.872604677681828,119.82943129075748,119.82943129075748
2026-09-23T08:06:30.854737+07:00,full_training:iteration_3,2.0,257.0,16.03,39.0,34.4,15.080890655517578,17.84735400387398,119.64056031533111,119.64056031533111
2026-09-23T08:06:31.890359+07:00,full_training:iteration_3,2.0,257.0,16.2,39.0,35.4,15.087169647216797,17.8202121593638,119.38914674514612,119.38914674514612
2026-09-23T08:06:32.853368+07:00,full_training:iteration_3,2.0,257.0,16.32,39.0,34.8,15.088516235351562,17.8202121593638,119.38914674514612,119.38914674514612
2026-09-23T08:06:33.865568+07:00,full_training:iteration_3,1.0,257.0,16.05,39.0,37.9,15.071403503417969,17.807971141641147,119.22623476228834,119.22623476228834
2026-09-23T08:06:34.854364+07:00,full_training:iteration_3,1.0,257.0,15.41,39.0,26.7,15.096122741699219,17.777783846355675,118.87041094766363,118.87041094766363
2026-09-23T08:06:35.865604+07:00,full_training:iteration_3,1.0,257.0,16.25,39.0,31.5,15.087043762207031,17.76744662702891,118.76006393735462,118.76006393735462
2026-09-23T08:06:36.880256+07:00,full_training:iteration_3,1.0,257.0,16.46,40.0,33.8,15.103340148925781,17.75469578685831,118.54907662889606,118.54907662889606
2026-09-23T08:06:37.852580+07:00,full_training:iteration_3,2.0,257.0,16.45,40.0,39.3,15.092395782470703,17.75469578685831,118.54907662889606,118.54907662889606
2026-09-23T08:06:38.855669+07:00,full_training:iteration_3,1.0,257.0,15.44,39.0,33.1,15.079841613769531,17.73416701876291,118.39667695383619,118.39667695383619
2026-09-23T08:06:39.870782+07:00,full_training:iteration_3,2.0,257.0,16.25,39.0,33.6,15.078472137451172,17.715623666572814,118.19792290241435,118.19792290241435
2026-09-23T08:06:40.887627+07:00,full_training:iteration_3,2.0,257.0,16.03,39.0,28.3,15.083873748779297,17.695581267031024,118.09128344209597,118.09128344209597
2026-09-23T08:06:41.854018+07:00,full_training:iteration_3,2.0,257.0,17.15,39.0,41.3,14.912715911865234,17.695581267031024,118.09128344209597,118.09128344209597
2026-09-23T08:06:42.853894+07:00,full_training:iteration_3,1.0,257.0,16.12,39.0,33.3,14.915672302246094,17.675659933626058,117.83184100419584,117.83184100419584
2026-09-23T08:06:43.864139+07:00,full_training:iteration_3,2.0,257.0,15.54,39.0,27.6,14.909313201904297,17.645148346119885,117.63821748370125,117.63821748370125
2026-09-23T08:06:44.868019+07:00,full_training:iteration_3,2.0,257.0,15.99,39.0,32.4,14.904590606689453,17.636905143243688,117.43045954091956,117.43045954091956
2026-09-23T08:06:45.854007+07:00,full_training:iteration_3,2.0,257.0,17.0,39.0,36.6,14.898990631103516,17.636905143243688,117.43045954091956,117.43045954091956
2026-09-23T08:06:46.869513+07:00,full_training:iteration_3,1.0,257.0,15.52,39.0,28.3,14.904930114746094,17.604453558541323,117.19043104166234,117.19043104166234
2026-09-23T08:06:47.854344+07:00,full_training:iteration_3,2.0,257.0,16.1,39.0,29.7,14.902473449707031,17.595186952223468,116.95657872495813,116.95657872495813
2026-09-23T08:06:48.853982+07:00,full_training:iteration_3,2.0,257.0,17.81,39.0,30.1,14.916465759277344,17.595186952223468,116.95657872495813,116.95657872495813
2026-09-23T08:06:49.854345+07:00,full_training:iteration_3,3.0,257.0,16.21,39.0,37.9,14.921306610107422,17.567431513389856,117.27110572196442,117.27110572196442
2026-09-23T08:06:50.854120+07:00,full_training:iteration_3,1.0,257.0,15.93,39.0,34.3,14.919769287109375,17.562704597054257,117.07343916972259,117.07343916972259
2026-09-23T08:06:51.881772+07:00,full_training:iteration_3,2.0,257.0,15.39,39.0,27.9,14.91885757446289,17.548657056620716,116.89417547652195,116.89417547652195
2026-09-23T08:06:52.890434+07:00,full_training:iteration_3,2.0,257.0,15.07,39.0,25.7,14.919124603271484,17.516551217394994,116.54604093219297,116.54604093219297
2026-09-23T08:06:53.853862+07:00,full_training:iteration_3,2.0,257.0,16.95,39.0,40.0,14.92177963256836,17.516551217394994,116.54604093219297,116.54604093219297
2026-09-23T08:06:54.858032+07:00,full_training:iteration_3,1.0,257.0,15.81,39.0,31.7,14.921272277832031,17.49379752731606,116.45477982885336,116.45477982885336
2026-09-23T08:06:55.872685+07:00,full_training:iteration_3,2.0,257.0,15.7,39.0,31.3,14.939369201660156,17.4854309408507,116.27811575665716,116.27811575665716
2026-09-23T08:06:56.852927+07:00,full_training:iteration_3,1.0,257.0,15.63,39.0,26.0,14.925621032714844,17.4854309408507,116.27811575665716,116.27811575665716
2026-09-23T08:06:57.886577+07:00,full_training:iteration_3,1.0,257.0,15.61,39.0,31.2,14.923500061035156,17.433856649006003,116.07050274577351,116.07050274577351
2026-09-23T08:06:58.858112+07:00,full_training:iteration_3,2.0,257.0,15.58,39.0,30.7,14.923015594482422,17.424440667576746,115.8456408704539,115.8456408704539
2026-09-23T08:06:59.890556+07:00,full_training:iteration_3,2.0,257.0,16.7,39.0,32.8,14.924545288085938,17.41354440278803,115.76267923227674,115.76267923227674
2026-09-23T08:07:00.853727+07:00,full_training:iteration_3,1.0,257.0,16.61,39.0,35.8,14.925819396972656,17.41354440278803,115.76267923227674,115.76267923227674
2026-09-23T08:07:01.854133+07:00,full_training:iteration_3,1.0,257.0,16.25,39.0,33.2,14.921722412109375,17.393355481857274,115.54384835188662,115.54384835188662
2026-09-23T08:07:02.912653+07:00,full_training:iteration_3,2.0,257.0,15.48,39.0,28.4,14.91897964477539,17.382294712850296,115.39736744518919,115.39736744518919
2026-09-23T08:07:03.860775+07:00,full_training:iteration_3,2.0,257.0,14.96,39.0,25.8,14.900806427001953,17.350028974252343,115.0850415876461,115.0850415876461
2026-09-23T08:07:04.854079+07:00,full_training:iteration_3,2.0,257.0,16.8,40.0,39.3,14.908954620361328,17.350028974252343,115.0850415876461,115.0850415876461
2026-09-23T08:07:05.865427+07:00,full_training:iteration_3,1.0,257.0,15.7,39.0,32.4,14.91489028930664,17.331966544130328,115.15379328766352,115.15379328766352
2026-09-23T08:07:06.866222+07:00,full_training:iteration_3,2.0,257.0,16.05,39.0,30.1,14.920631408691406,17.32482935421209,114.93683664724453,114.93683664724453
2026-09-23T08:07:07.869476+07:00,full_training:iteration_3,2.0,257.0,16.06,39.0,30.7,14.943279266357422,17.31367048188088,114.79270872750016,114.79270872750016
2026-09-23T08:07:08.854897+07:00,full_training:iteration_3,1.0,257.0,16.31,39.0,36.2,14.952007293701172,17.31367048188088,114.79270872750016,114.79270872750016
2026-09-23T08:07:09.853155+07:00,full_training:iteration_3,1.0,257.0,16.39,39.0,36.1,14.979461669921875,17.298837055498737,114.60988338593076,114.60988338593076
2026-09-23T08:07:10.888870+07:00,full_training:iteration_3,2.0,257.0,15.8,39.0,28.6,14.975975036621094,17.273550680197854,114.62162547848249,114.62162547848249
2026-09-23T08:07:11.891168+07:00,full_training:iteration_3,2.0,257.0,15.94,39.0,31.7,14.972404479980469,17.25621090771798,114.43275675199493,114.43275675199493
2026-09-23T08:07:12.855902+07:00,full_training:iteration_3,2.0,257.0,16.57,39.0,38.9,14.970870971679688,17.25621090771798,114.43275675199493,114.43275675199493
2026-09-23T08:07:13.855674+07:00,full_training:iteration_3,1.0,257.0,16.0,39.0,34.3,15.030315399169922,17.2450457902809,114.33066629573803,114.33066629573803
2026-09-23T08:07:14.887881+07:00,full_training:iteration_3,2.0,257.0,16.87,39.0,27.6,15.028495788574219,17.300261414800122,114.43875779298641,114.43875779298641
2026-09-23T08:07:15.872714+07:00,full_training:iteration_3,2.0,257.0,17.1,39.0,31.9,15.062023162841797,17.318257435332796,114.49237749364474,114.49237749364474
2026-09-23T08:07:16.871772+07:00,full_training:iteration_3,3.0,257.0,17.65,39.0,41.1,15.077995300292969,17.343630605444517,114.60024392428042,114.60024392428042
2026-09-23T08:07:17.872306+07:00,full_training:iteration_3,3.0,257.0,17.62,39.0,35.0,15.065692901611328,17.36780348675401,114.66653178445682,114.66653178445682
2026-09-23T08:07:18.871200+07:00,full_training:iteration_3,3.0,257.0,18.51,39.0,36.9,15.065662384033203,17.39475051956759,114.96569610153317,114.96569610153317
2026-09-23T08:07:19.853777+07:00,full_training:iteration_3,3.0,257.0,18.08,39.0,34.7,15.075599670410156,17.422025910651264,115.1644307210467,115.1644307210467
2026-09-23T08:07:20.872899+07:00,full_training:iteration_3,1.0,257.0,16.96,39.0,38.1,15.071022033691406,17.484992530026656,115.46339710006887,115.46339710006887
2026-09-23T08:07:21.872700+07:00,full_training:iteration_3,4.0,257.0,17.48,39.0,41.5,15.044689178466797,17.51109764616308,115.59716672922028,115.59716672922028
2026-09-23T08:07:22.870051+07:00,full_training:iteration_3,3.0,257.0,17.52,39.0,32.1,15.043441772460938,17.53784836263016,115.62589048210135,115.62589048210135
2026-09-23T08:07:23.891237+07:00,full_training:iteration_3,2.0,257.0,17.79,40.0,33.6,15.043319702148438,17.60520117991868,115.95296615838377,115.95296615838377
2026-09-23T08:07:24.872264+07:00,full_training:iteration_3,2.0,257.0,17.27,39.0,40.6,15.004974365234375,17.627140105298427,116.05633635103435,116.05633635103435
2026-09-23T08:07:25.870747+07:00,full_training:iteration_3,4.0,257.0,18.36,39.0,42.2,15.010162353515625,17.65727286803636,116.13413777301575,116.13413777301575
2026-09-23T08:07:26.872478+07:00,full_training:iteration_3,3.0,257.0,17.69,39.0,37.7,14.991832733154297,17.688826321056762,116.32977077120371,116.32977077120371
2026-09-23T08:07:27.875764+07:00,full_training:iteration_3,1.0,257.0,16.9,39.0,35.0,15.005577087402344,17.75463384102034,116.52988996389057,116.52988996389057
2026-09-23T08:07:28.873171+07:00,full_training:iteration_3,4.0,257.0,18.02,39.0,39.8,14.999210357666016,17.787077776088044,116.60263251496465,116.60263251496465
2026-09-23T08:07:29.854140+07:00,full_training:iteration_3,3.0,257.0,17.48,39.0,34.3,14.993648529052734,17.8165721502112,116.72162604521783,116.72162604521783
2026-09-23T08:07:30.869228+07:00,full_training:iteration_3,2.0,257.0,17.21,40.0,30.9,14.99411392211914,17.84142786667872,116.87514744519925,116.87514744519925
2026-09-23T08:07:31.873153+07:00,full_training:iteration_3,1.0,257.0,16.74,39.0,33.3,14.992790222167969,17.881913820611405,117.06267154707396,117.06267154707396
2026-09-23T08:07:32.874724+07:00,full_training:iteration_3,3.0,257.0,17.29,39.0,42.8,14.985862731933594,17.91003703120952,117.18346310343912,117.18346310343912
2026-09-23T08:07:33.872507+07:00,full_training:iteration_3,2.0,257.0,17.37,39.0,41.0,14.974967956542969,17.92619370488888,117.19928157059927,117.19928157059927
2026-09-23T08:07:34.853767+07:00,full_training:iteration_3,2.0,257.0,17.75,39.0,36.7,14.97384262084961,17.950958344419696,117.34424202180081,117.34424202180081
2026-09-23T09:16:00.257165+07:00,full_training:iteration_3,0.0,193.0,12.14,35.0,0.0,12.648330688476562,0.0,0.0,0.0
2026-09-23T09:16:01.269665+07:00,full_training:iteration_3,7.0,193.0,23.38,36.0,42.9,15.283454895019531,0.0,0.0,0.0
2026-09-23T09:16:02.267101+07:00,full_training:iteration_3,0.0,203.0,24.19,36.0,38.7,15.838146209716797,0.0,0.0,0.0
2026-09-23T09:16:03.273951+07:00,full_training:iteration_3,1.0,215.0,25.91,36.0,29.2,16.349018096923828,17.597209492369785,115.49665874154326,115.49665874154326
2026-09-23T09:16:04.237162+07:00,full_training:iteration_3,2.0,215.0,26.03,37.0,33.9,16.352439880371094,17.629458976526045,115.56936740002347,115.56936740002347
2026-09-23T09:16:05.272665+07:00,full_training:iteration_3,1.0,215.0,25.92,37.0,29.3,16.33788299560547,17.684158345854307,115.84491048365436,115.84491048365436
2026-09-23T09:16:06.273225+07:00,full_training:iteration_3,1.0,215.0,25.61,37.0,29.0,16.356918334960938,17.698639193012525,115.97146784036798,115.97146784036798
2026-09-23T09:16:07.257383+07:00,full_training:iteration_3,1.0,215.0,22.25,36.0,35.1,16.354095458984375,17.729322879020586,116.06374584730261,116.06374584730261
2026-09-23T09:16:08.254310+07:00,full_training:iteration_3,3.0,215.0,18.11,36.0,31.6,16.350563049316406,17.76226479875585,116.21660513886475,116.21660513886475
2026-09-23T09:16:09.272404+07:00,full_training:iteration_3,2.0,215.0,16.22,36.0,26.7,16.352096557617188,17.812635269029084,116.44003311415318,116.44003311415318
2026-09-23T09:16:10.271082+07:00,full_training:iteration_3,3.0,215.0,16.16,36.0,32.5,16.362590789794922,17.841540366366242,116.5364812880127,116.5364812880127
2026-09-23T09:16:11.256494+07:00,full_training:iteration_3,3.0,217.0,17.51,36.0,31.7,16.35919952392578,17.863214398029278,116.77298785219189,116.77298785219189
2026-09-23T09:16:12.253708+07:00,full_training:iteration_3,5.0,217.0,17.3,36.0,28.8,16.361629486083984,17.895175777004507,116.84132342718436,116.84132342718436
2026-09-23T09:16:13.255683+07:00,full_training:iteration_3,3.0,217.0,15.46,36.0,29.0,16.36550521850586,17.948837495956017,117.04137783821318,117.04137783821318
2026-09-23T09:16:14.274493+07:00,full_training:iteration_3,3.0,217.0,17.03,36.0,34.7,16.411022186279297,17.970918991637998,117.17039182547974,117.17039182547974
2026-09-23T09:16:15.269984+07:00,full_training:iteration_3,4.0,217.0,18.27,36.0,36.7,16.43692398071289,17.997935836828205,117.2705309562265,117.2705309562265
2026-09-23T09:16:16.274494+07:00,full_training:iteration_3,4.0,217.0,16.9,36.0,27.9,16.433101654052734,18.022805642946786,117.41814343032867,117.41814343032867
2026-09-23T09:16:17.252441+07:00,full_training:iteration_3,1.0,217.0,17.35,36.0,38.1,16.461124420166016,18.079724752187225,117.721499660354,117.721499660354
2026-09-23T09:16:18.254071+07:00,full_training:iteration_3,3.0,217.0,17.86,36.0,33.9,16.475135803222656,18.109003571758734,117.80337990180766,117.80337990180766
2026-09-23T09:16:19.237070+07:00,full_training:iteration_3,4.0,217.0,17.53,36.0,28.9,16.476505279541016,18.13157255540505,118.06145750649763,118.06145750649763
2026-09-23T09:16:20.271939+07:00,full_training:iteration_3,3.0,217.0,16.69,36.0,27.3,16.47686004638672,18.18636765342635,118.45045936900644,118.45045936900644
2026-09-23T09:16:21.254454+07:00,full_training:iteration_3,4.0,237.0,19.84,37.0,34.3,16.48480224609375,18.20676101126981,118.82463909528028,118.82463909528028
2026-09-23T09:16:22.240870+07:00,full_training:iteration_3,3.0,237.0,18.22,36.0,32.4,16.477054595947266,18.233780663458326,119.0581069041673,119.0581069041673
2026-09-23T09:16:23.271193+07:00,full_training:iteration_3,4.0,237.0,14.99,36.0,31.1,16.467491149902344,18.25364403548086,119.21911260673436,119.21911260673436
2026-09-23T09:16:24.254917+07:00,full_training:iteration_3,5.0,237.0,13.4,36.0,33.5,16.453807830810547,18.24752187405221,119.32365686304188,119.32365686304188
2026-09-23T09:16:25.260033+07:00,full_training:iteration_3,4.0,237.0,12.79,36.0,28.3,16.415237426757812,18.23462393419836,119.13984679208914,119.13984679208914
2026-09-23T09:16:26.299315+07:00,full_training:iteration_3,4.0,237.0,12.88,36.0,27.3,16.41176986694336,18.221082284497804,118.96536303419718,118.96536303419718
2026-09-23T09:16:27.271133+07:00,full_training:iteration_3,1.0,237.0,12.68,36.0,36.9,16.417991638183594,18.221082284497804,118.96536303419718,118.96536303419718
2026-09-23T09:16:28.255105+07:00,full_training:iteration_3,3.0,237.0,12.06,36.0,26.9,16.485767364501953,18.193413122156112,118.69548115559395,118.69548115559395
2026-09-23T09:16:29.254700+07:00,full_training:iteration_3,4.0,237.0,12.98,36.0,21.3,16.47264862060547,18.193413122156112,118.69548115559395,118.69548115559395
2026-09-23T09:16:30.238126+07:00,full_training:iteration_3,2.0,237.0,14.03,36.0,35.7,16.47020721435547,18.16279755629611,118.60882096491649,118.60882096491649
2026-09-23T09:16:31.254900+07:00,full_training:iteration_3,3.0,237.0,13.36,36.0,33.1,16.4700927734375,18.15641987089511,118.47472894134529,118.47472894134529
2026-09-23T09:16:32.254878+07:00,full_training:iteration_3,5.0,237.0,13.64,36.0,29.1,16.44495391845703,18.146527033527104,118.65224693984696,118.65224693984696
2026-09-23T09:16:33.266215+07:00,full_training:iteration_3,4.0,237.0,13.15,36.0,26.6,16.44365692138672,18.123636285613962,118.45899949003304,118.45899949003304
2026-09-23T09:16:34.254945+07:00,full_training:iteration_3,6.0,237.0,13.15,36.0,34.0,16.441402435302734,18.123636285613962,118.45899949003304,118.45899949003304
2026-09-23T09:16:35.255292+07:00,full_training:iteration_3,2.0,237.0,13.3,36.0,41.3,16.451332092285156,18.11565264528268,118.35559728251351,118.35559728251351
2026-09-23T09:16:36.255148+07:00,full_training:iteration_3,3.0,237.0,13.58,36.0,35.4,16.456539154052734,18.107844526681504,118.19775329982546,118.19775329982546
2026-09-23T09:16:37.270294+07:00,full_training:iteration_3,5.0,237.0,13.38,36.0,40.7,16.878883361816406,18.090050088966237,118.11527638485158,118.11527638485158
2026-09-23T09:16:38.266362+07:00,full_training:iteration_3,5.0,237.0,14.62,36.0,35.3,16.899356842041016,18.081142904402604,118.13409880501466,118.13409880501466
2026-09-23T09:16:39.266266+07:00,full_training:iteration_3,6.0,237.0,13.74,36.0,43.5,17.210983276367188,18.083020868659876,118.08844348487952,118.08844348487952
2026-09-23T09:16:40.256725+07:00,full_training:iteration_3,5.0,237.0,15.36,36.0,40.6,17.20832061767578,18.083020868659876,118.08844348487952,118.08844348487952
2026-09-23T09:16:41.255400+07:00,full_training:iteration_3,5.0,237.0,15.11,36.0,32.5,17.228633880615234,18.066656862143873,118.14808081022,118.14808081022
2026-09-23T09:16:42.249702+07:00,full_training:iteration_3,3.0,237.0,13.01,36.0,31.5,17.270591735839844,18.05605172731376,118.03264463562833,118.03264463562833
2026-09-23T09:16:43.249798+07:00,full_training:iteration_3,5.0,237.0,12.91,36.0,34.3,17.24866485595703,18.054210934031996,117.8854372130102,117.8854372130102
2026-09-23T09:16:44.255562+07:00,full_training:iteration_3,4.0,237.0,15.76,36.0,34.4,17.207332611083984,18.054210934031996,117.8854372130102,117.8854372130102
2026-09-23T09:16:45.254718+07:00,full_training:iteration_3,1.0,237.0,13.93,36.0,38.0,17.169517517089844,18.0418820292502,117.94590002984508,117.94590002984508
2026-09-23T09:16:46.238771+07:00,full_training:iteration_3,3.0,237.0,13.38,36.0,34.7,17.173633575439453,18.03881335845189,117.82659947746065,117.82659947746065
2026-09-23T09:16:47.259649+07:00,full_training:iteration_3,3.0,237.0,12.5,36.0,29.4,17.19842529296875,18.026319392054575,117.68885330748822,117.68885330748822
2026-09-23T09:16:48.249612+07:00,full_training:iteration_3,3.0,237.0,13.49,36.0,38.6,17.189712524414062,18.019629617851358,117.51318204811072,117.51318204811072
2026-09-23T09:16:49.241217+07:00,full_training:iteration_3,6.0,237.0,14.42,36.0,35.0,17.18942642211914,18.02082523745946,117.51935209179521,117.51935209179521
2026-09-23T09:16:50.266883+07:00,full_training:iteration_3,2.0,237.0,12.89,36.0,36.1,17.20642852783203,18.018564454270035,117.4197165560929,117.4197165560929
2026-09-23T09:16:51.271758+07:00,full_training:iteration_3,3.0,237.0,13.9,36.0,36.3,17.199718475341797,18.01980362167257,117.39261187842757,117.39261187842757
2026-09-23T09:16:52.254929+07:00,full_training:iteration_3,1.0,237.0,14.13,36.0,35.6,17.202713012695312,18.01980362167257,117.39261187842757,117.39261187842757
2026-09-23T09:16:53.254435+07:00,full_training:iteration_3,2.0,237.0,13.32,36.0,32.7,17.216861724853516,18.016779736372005,117.24044063866242,117.24044063866242
2026-09-23T09:16:54.269641+07:00,full_training:iteration_3,3.0,237.0,12.44,36.0,30.2,17.221176147460938,18.002688329489096,117.17060904240715,117.17060904240715
2026-09-23T09:16:55.268093+07:00,full_training:iteration_3,5.0,237.0,13.21,36.0,34.4,17.225872039794922,18.00406205489887,117.04128274697068,117.04128274697068
2026-09-23T09:16:56.283022+07:00,full_training:iteration_3,4.0,237.0,12.79,36.0,34.5,17.228168487548828,17.9993852743209,116.95526493369952,116.95526493369952
2026-09-23T09:16:57.255421+07:00,full_training:iteration_3,7.0,237.0,13.27,36.0,34.1,17.224620819091797,17.9993852743209,116.95526493369952,116.95526493369952
2026-09-23T09:16:58.255225+07:00,full_training:iteration_3,2.0,237.0,13.24,36.0,40.2,17.225513458251953,17.981394868122127,116.81274182565731,116.81274182565731
2026-09-23T09:16:59.255742+07:00,full_training:iteration_3,6.0,237.0,13.07,36.0,37.3,17.23086166381836,17.977796151560337,116.76762047337945,116.76762047337945
2026-09-23T09:17:00.310823+07:00,full_training:iteration_3,4.0,237.0,13.22,36.0,39.4,17.264671325683594,17.971028031260477,116.62539715652761,116.62539715652761
2026-09-23T09:17:01.260561+07:00,full_training:iteration_3,4.0,237.0,16.74,36.0,35.7,17.261852264404297,17.96168548945156,116.6055169325327,116.6055169325327
2026-09-23T09:17:02.254766+07:00,full_training:iteration_3,2.0,237.0,25.34,37.0,35.5,17.288406372070312,17.96168548945156,116.6055169325327,116.6055169325327
2026-09-23T09:17:03.238532+07:00,full_training:iteration_3,0.0,237.0,25.62,37.0,37.0,17.284954071044922,17.95316653437181,116.43497199146621,116.43497199146621
2026-09-23T09:17:04.253567+07:00,full_training:iteration_3,1.0,237.0,21.14,37.0,33.4,17.28216552734375,17.95095470865209,116.55864888734418,116.55864888734418
2026-09-23T09:17:05.255319+07:00,full_training:iteration_3,2.0,237.0,15.41,37.0,27.9,17.303024291992188,17.946416124814107,116.39327641909438,116.39327641909438
2026-09-23T09:17:06.270549+07:00,full_training:iteration_3,1.0,237.0,14.57,36.0,26.5,17.296092987060547,17.94171837008017,116.4639113162216,116.4639113162216
2026-09-23T09:17:07.282974+07:00,full_training:iteration_3,4.0,237.0,13.62,36.0,21.7,17.25031280517578,17.92793770676303,116.24346752367242,116.24346752367242
2026-09-23T09:17:08.246279+07:00,full_training:iteration_3,4.0,237.0,14.08,36.0,36.1,17.25745391845703,17.92793770676303,116.24346752367242,116.24346752367242
2026-09-23T09:17:09.271028+07:00,full_training:iteration_3,3.0,237.0,12.28,36.0,29.4,17.21530532836914,17.906021949466737,116.34313905782963,116.34313905782963
2026-09-23T09:17:10.256720+07:00,full_training:iteration_3,3.0,237.0,12.31,36.0,29.8,17.30059051513672,17.89252855260554,116.1605495403407,116.1605495403407
2026-09-23T09:17:11.283743+07:00,full_training:iteration_3,4.0,237.0,12.98,36.0,31.2,17.296958923339844,17.893964620211307,116.13533900568515,116.13533900568515
2026-09-23T09:17:12.258066+07:00,full_training:iteration_3,6.0,237.0,13.96,36.0,31.6,17.301727294921875,17.903647375135964,116.08696983589135,116.08696983589135
2026-09-23T09:17:13.254175+07:00,full_training:iteration_3,7.0,237.0,17.94,36.0,32.2,17.29791259765625,17.92777066872277,116.26194157597976,116.26194157597976
2026-09-23T09:17:14.237195+07:00,full_training:iteration_3,5.0,237.0,18.73,37.0,26.7,17.290756225585938,17.952455497580214,116.41958640698238,116.41958640698238
2026-09-23T09:17:15.274019+07:00,full_training:iteration_3,5.0,237.0,17.54,37.0,39.9,16.847267150878906,18.00050276788486,116.92365038285519,116.92365038285519
2026-09-23T09:17:16.254043+07:00,full_training:iteration_3,4.0,237.0,19.5,37.0,36.7,16.575763702392578,18.02557846988416,117.35273155565964,117.35273155565964
2026-09-23T09:17:17.257312+07:00,full_training:iteration_3,4.0,237.0,18.79,37.0,33.7,16.30990982055664,18.0725036356532,118.27525953492885,118.27525953492885
2026-09-23T09:17:18.272513+07:00,full_training:iteration_3,1.0,237.0,19.01,37.0,36.9,15.958244323730469,18.089168791804678,118.74100400665877,118.74100400665877
2026-09-23T09:17:19.269512+07:00,full_training:iteration_3,3.0,237.0,18.86,37.0,31.6,15.91440200805664,18.115922622601563,119.04895641935657,119.04895641935657
2026-09-23T09:17:20.290404+07:00,full_training:iteration_3,4.0,237.0,18.12,37.0,24.2,15.907245635986328,18.15679075510508,119.66141143153804,119.66141143153804
2026-09-23T09:17:21.256060+07:00,full_training:iteration_3,2.0,237.0,18.88,37.0,35.1,15.905773162841797,18.184934683595852,119.72879570598836,119.72879570598836
2026-09-23T09:17:22.292043+07:00,full_training:iteration_3,3.0,237.0,17.31,37.0,26.3,15.90201187133789,18.23430387576373,120.09652808248384,120.09652808248384
2026-09-23T09:17:23.256911+07:00,full_training:iteration_3,2.0,237.0,17.15,37.0,31.4,15.900871276855469,18.248961209528165,120.37917160964214,120.37917160964214
2026-09-23T09:17:24.273773+07:00,full_training:iteration_3,4.0,237.0,17.21,37.0,31.7,15.902206420898438,18.267029809752174,120.4112907992469,120.4112907992469
2026-09-23T09:17:25.264446+07:00,full_training:iteration_3,4.0,237.0,17.18,37.0,31.3,15.891590118408203,18.29054222622497,120.54338305283505,120.54338305283505
2026-09-23T09:17:26.271638+07:00,full_training:iteration_3,5.0,237.0,18.26,37.0,26.2,15.887214660644531,18.329749170834276,121.19296883588882,121.19296883588882
2026-09-23T09:17:27.272295+07:00,full_training:iteration_3,4.0,237.0,17.49,37.0,33.2,15.883644104003906,18.351086054850047,121.25014684646574,121.25014684646574
2026-09-23T09:17:28.271797+07:00,full_training:iteration_3,4.0,237.0,18.19,37.0,29.4,15.880584716796875,18.36683440557835,121.52280056615062,121.52280056615062
2026-09-23T09:17:29.272939+07:00,full_training:iteration_3,3.0,237.0,17.68,37.0,26.4,15.886878967285156,18.410388147685577,121.93747762762789,121.93747762762789
2026-09-23T09:17:30.271664+07:00,full_training:iteration_3,1.0,237.0,17.73,37.0,34.0,15.88812255859375,18.43147687465756,122.00979423992067,122.00979423992067
2026-09-23T09:17:31.255308+07:00,full_training:iteration_3,3.0,237.0,18.84,37.0,35.2,15.891571044921875,18.45522400840531,122.22152711189275,122.22152711189275
2026-09-23T09:17:32.253654+07:00,full_training:iteration_3,5.0,237.0,18.26,37.0,26.9,15.890621185302734,18.471226749956735,122.29327625356994,122.29327625356994
2026-09-23T09:17:33.295703+07:00,full_training:iteration_3,4.0,237.0,16.57,37.0,25.5,15.892204284667969,18.49784375259174,122.5123915719628,122.5123915719628
2026-09-23T09:17:34.273677+07:00,full_training:iteration_3,1.0,237.0,16.23,37.0,31.9,15.886795043945312,18.518277070982872,122.68845882606969,122.68845882606969
2026-09-23T09:17:35.258005+07:00,full_training:iteration_3,3.0,237.0,18.25,37.0,33.0,15.885856628417969,18.531521061150535,122.8069645706245,122.8069645706245
2026-09-23T09:17:36.254097+07:00,full_training:iteration_3,5.0,237.0,17.26,37.0,28.9,15.883052825927734,18.553339286337657,122.9433472291183,122.9433472291183
2026-09-23T09:17:37.271806+07:00,full_training:iteration_3,3.0,237.0,15.29,37.0,29.4,15.87606430053711,18.58635513587876,123.06868231147959,123.06868231147959
2026-09-23T09:17:38.274096+07:00,full_training:iteration_3,3.0,237.0,17.28,37.0,34.6,15.88315200805664,18.60465477331075,123.18847619210793,123.18847619210793
2026-09-23T09:17:39.253389+07:00,full_training:iteration_3,3.0,237.0,20.06,37.0,32.1,15.88882827758789,18.62435511429765,123.56075595760497,123.56075595760497
2026-09-23T09:17:40.254514+07:00,full_training:iteration_3,2.0,237.0,17.73,37.0,25.6,15.883731842041016,18.63973302866448,123.58079163302398,123.58079163302398
2026-09-23T09:17:41.237636+07:00,full_training:iteration_3,2.0,237.0,17.83,37.0,28.0,15.876594543457031,18.657218511966587,123.73301758200638,123.73301758200638
2026-09-23T09:17:42.274382+07:00,full_training:iteration_3,2.0,237.0,17.04,37.0,33.4,15.876148223876953,18.683645941862984,124.0245751378074,124.0245751378074
2026-09-23T09:17:43.256643+07:00,full_training:iteration_3,6.0,237.0,18.71,37.0,35.3,15.878253936767578,18.705290623035634,124.0615761862958,124.0615761862958
2026-09-23T09:17:44.307174+07:00,full_training:iteration_3,2.0,237.0,17.41,37.0,28.3,15.875438690185547,18.742577872331925,124.24190714431035,124.24190714431035
2026-09-23T09:17:45.271850+07:00,full_training:iteration_3,2.0,237.0,16.05,37.0,33.3,15.871807098388672,18.75640107665733,124.33172887603622,124.33172887603622
2026-09-23T09:17:46.258304+07:00,full_training:iteration_3,5.0,237.0,17.73,37.0,33.6,15.887840270996094,18.772954694879488,124.35205189888173,124.35205189888173
2026-09-23T09:17:47.254401+07:00,full_training:iteration_3,5.0,237.0,17.96,37.0,34.4,15.89141845703125,18.791000382605926,124.47008824863687,124.47008824863687
2026-09-23T09:17:48.256632+07:00,full_training:iteration_3,4.0,237.0,17.57,38.0,31.8,15.888530731201172,18.831499642360082,124.74470134377239,124.74470134377239
2026-09-23T09:17:49.270684+07:00,full_training:iteration_3,3.0,237.0,18.11,37.0,36.8,15.888774871826172,18.85365218955191,124.79071135923313,124.79071135923313
2026-09-23T09:17:50.237914+07:00,full_training:iteration_3,4.0,237.0,18.32,38.0,32.3,15.894351959228516,18.8712935532662,124.9217760132605,124.9217760132605
2026-09-23T09:17:51.274387+07:00,full_training:iteration_3,3.0,237.0,16.43,38.0,29.9,15.889842987060547,18.90530347130793,125.23377981897517,125.23377981897517
2026-09-23T09:17:52.274380+07:00,full_training:iteration_3,4.0,237.0,18.1,37.0,36.4,15.89150619506836,18.924046789260046,125.27043115676248,125.27043115676248
2026-09-23T09:17:53.255418+07:00,full_training:iteration_3,5.0,237.0,18.21,37.0,34.6,15.881561279296875,18.937235730353017,125.38717618937137,125.38717618937137
2026-09-23T09:17:54.254334+07:00,full_training:iteration_3,4.0,237.0,16.84,38.0,29.6,15.893085479736328,18.953803867538003,125.43443975628254,125.43443975628254
2026-09-23T09:17:55.290508+07:00,full_training:iteration_3,2.0,237.0,14.84,37.0,29.5,15.890190124511719,18.974178458933636,125.52452900051915,125.52452900051915
2026-09-23T09:17:56.258885+07:00,full_training:iteration_3,3.0,237.0,17.62,37.0,37.2,15.886215209960938,18.992800018828472,125.65284549197781,125.65284549197781
2026-09-23T09:17:57.255359+07:00,full_training:iteration_3,4.0,237.0,18.68,37.0,36.8,15.889286041259766,19.01109695438014,125.67909254109011,125.67909254109011
2026-09-23T09:17:58.253687+07:00,full_training:iteration_3,5.0,237.0,16.53,37.0,28.5,15.884319305419922,19.02293375573585,125.83519703754536,125.83519703754536
2026-09-23T09:17:59.257160+07:00,full_training:iteration_3,3.0,237.0,15.02,37.0,31.0,15.894046783447266,19.053725622134603,125.94392423451022,125.94392423451022
2026-09-23T09:18:00.271097+07:00,full_training:iteration_3,4.0,237.0,18.15,37.0,36.7,15.890373229980469,19.070413194581622,125.99066377514633,125.99066377514633
2026-09-23T09:18:01.239893+07:00,full_training:iteration_3,6.0,237.0,18.5,38.0,36.5,15.891838073730469,19.088955603946136,126.21150693436675,126.21150693436675
2026-09-23T09:18:02.288527+07:00,full_training:iteration_3,3.0,237.0,15.32,37.0,26.7,15.908092498779297,19.11739619379084,126.38623779642751,126.38623779642751
2026-09-23T09:18:03.256366+07:00,full_training:iteration_3,3.0,237.0,17.35,38.0,35.0,15.903575897216797,19.13136124835022,126.45413886001924,126.45413886001924
2026-09-23T09:18:04.271848+07:00,full_training:iteration_3,3.0,237.0,18.41,37.0,33.1,15.91061019897461,19.144629182262044,126.62127344293003,126.62127344293003
2026-09-23T09:18:05.253997+07:00,full_training:iteration_3,5.0,237.0,17.08,38.0,27.5,15.910308837890625,19.162230301574084,126.64519091443105,126.64519091443105
2026-09-23T09:18:06.255319+07:00,full_training:iteration_3,2.0,237.0,14.48,37.0,28.0,15.90903091430664,19.19188969673936,126.76066532214476,126.76066532214476
2026-09-23T09:18:07.274386+07:00,full_training:iteration_3,4.0,237.0,17.98,37.0,33.7,15.90530776977539,19.209416293728705,126.92607129983156,126.92607129983156
2026-09-23T09:18:08.236397+07:00,full_training:iteration_3,5.0,237.0,19.26,38.0,29.4,15.897232055664062,19.22399782098892,127.06300632930773,127.06300632930773
2026-09-23T09:18:09.272139+07:00,full_training:iteration_3,2.0,237.0,17.75,38.0,24.6,15.904193878173828,19.234560703568807,127.3778089145913,127.3778089145913
2026-09-23T09:18:10.273479+07:00,full_training:iteration_3,1.0,237.0,17.02,38.0,31.9,15.900497436523438,19.26871867104466,127.51700377318225,127.51700377318225
2026-09-23T09:18:11.237645+07:00,full_training:iteration_3,3.0,237.0,18.38,37.0,29.3,15.899024963378906,19.288374076138474,127.53565895162403,127.53565895162403
2026-09-23T09:18:12.273835+07:00,full_training:iteration_3,5.0,237.0,16.6,38.0,27.9,15.89334487915039,19.32521075014032,127.81833253932629,127.81833253932629
2026-09-23T09:18:13.255199+07:00,full_training:iteration_3,4.0,237.0,17.03,37.0,29.0,15.88677978515625,19.34103058642366,127.87307938609088,127.87307938609088
2026-09-23T09:18:14.289261+07:00,full_training:iteration_3,4.0,237.0,16.63,38.0,24.9,15.890331268310547,19.376850437105187,128.0482074879325,128.0482074879325
2026-09-23T09:18:15.258123+07:00,full_training:iteration_3,2.0,237.0,16.33,38.0,28.4,15.886669158935547,19.390770097211664,128.0307148696665,128.0307148696665
2026-09-23T09:18:16.254216+07:00,full_training:iteration_3,5.0,237.0,18.88,37.0,33.0,15.886802673339844,19.413094552374233,128.15219364020848,128.15219364020848
2026-09-23T09:18:17.254174+07:00,full_training:iteration_3,4.0,237.0,16.52,38.0,24.1,15.905845642089844,19.424778884789145,128.16640503291686,128.16640503291686
2026-09-23T09:18:18.271262+07:00,full_training:iteration_3,1.0,237.0,15.27,37.0,29.6,15.888530731201172,19.457006094282928,128.24840932174646,128.24840932174646
2026-09-23T09:18:19.271787+07:00,full_training:iteration_3,4.0,237.0,18.86,37.0,33.0,15.895984649658203,19.469832067949937,128.41290844233163,128.41290844233163
2026-09-23T09:18:20.277037+07:00,full_training:iteration_3,6.0,237.0,16.97,38.0,27.3,15.892814636230469,19.505448611306416,128.699211438688,128.699211438688
2026-09-23T09:18:21.272702+07:00,full_training:iteration_3,2.0,237.0,16.9,38.0,32.6,15.89596939086914,19.520682300697118,128.6982787001018,128.6982787001018
2026-09-23T09:18:22.240069+07:00,full_training:iteration_3,4.0,237.0,19.6,38.0,32.6,15.907718658447266,19.541841470407842,128.99868032310144,128.99868032310144
2026-09-23T09:18:23.257325+07:00,full_training:iteration_4,6.0,237.0,12.65,37.0,47.7,13.174476623535156,0.0,0.0,0.0
2026-09-23T09:18:24.254519+07:00,full_training:iteration_4,2.0,237.0,11.7,37.0,46.1,15.619647979736328,0.0,0.0,0.0
2026-09-23T09:18:25.270035+07:00,full_training:iteration_4,0.0,237.0,13.64,37.0,42.0,15.951469421386719,0.0,0.0,0.0
2026-09-23T09:18:26.258107+07:00,full_training:iteration_4,6.0,261.0,20.31,38.0,30.9,15.934532165527344,6.954294671624068,184.63652353161902,184.63652353161902
2026-09-23T09:18:27.272896+07:00,full_training:iteration_4,3.0,261.0,18.45,38.0,34.9,16.004962921142578,10.097074791643132,199.922080874534,199.922080874534
2026-09-23T09:18:28.274213+07:00,full_training:iteration_4,2.0,275.0,22.26,39.0,33.9,16.010326385498047,11.664965849861078,258.1845774769252,258.1845774769252
2026-09-23T09:18:29.238714+07:00,full_training:iteration_4,1.0,275.0,21.57,38.0,38.3,16.006793975830078,11.664965849861078,258.1845774769252,258.1845774769252
2026-09-23T09:18:30.255005+07:00,full_training:iteration_4,2.0,275.0,21.77,39.0,38.2,15.98275375366211,12.620512484929025,275.28492857751434,275.28492857751434
2026-09-23T09:18:31.254108+07:00,full_training:iteration_4,4.0,289.0,20.16,38.0,26.1,15.993289947509766,12.83972697808902,304.9435157296142,304.9435157296142
2026-09-23T09:18:32.254826+07:00,full_training:iteration_4,1.0,289.0,17.07,38.0,36.5,15.983558654785156,12.83972697808902,304.9435157296142,304.9435157296142
2026-09-23T09:18:33.239190+07:00,full_training:iteration_4,1.0,289.0,13.11,37.0,24.5,15.961380004882812,12.37903235372987,268.6250020759382,268.6250020759382
2026-09-23T09:18:34.254977+07:00,full_training:iteration_4,5.0,289.0,16.93,38.0,38.3,15.953907012939453,12.37903235372987,268.6250020759382,268.6250020759382
2026-09-23T09:18:35.254857+07:00,full_training:iteration_4,3.0,289.0,15.48,37.0,30.0,15.926929473876953,12.113724895289884,267.79984679230137,267.79984679230137
2026-09-23T09:18:36.254980+07:00,full_training:iteration_4,5.0,289.0,17.18,38.0,36.7,15.905467987060547,12.113724895289884,267.79984679230137,267.79984679230137
2026-09-23T09:18:37.265880+07:00,full_training:iteration_4,2.0,289.0,17.84,37.0,34.1,15.904525756835938,11.906331432109775,256.13495493326155,256.13495493326155
2026-09-23T09:18:38.264625+07:00,full_training:iteration_4,2.0,289.0,25.64,39.0,29.5,15.958946228027344,11.906331432109775,256.13495493326155,256.13495493326155
2026-09-23T09:18:39.278224+07:00,full_training:iteration_4,0.0,289.0,25.15,39.0,33.8,15.963687896728516,11.663829688495298,240.46928874447804,240.46928874447804
2026-09-23T09:18:40.255168+07:00,full_training:iteration_4,1.0,289.0,21.57,39.0,35.2,16.005355834960938,11.663829688495298,240.46928874447804,240.46928874447804
2026-09-23T09:18:41.260311+07:00,full_training:iteration_4,2.0,289.0,16.6,38.0,22.3,16.022201538085938,11.229853901794879,222.07036090799375,222.07036090799375
2026-09-23T09:18:42.268762+07:00,full_training:iteration_4,3.0,289.0,19.43,38.0,30.9,16.02248764038086,11.625432639815049,232.45580992066547,232.45580992066547
2026-09-23T09:18:43.287295+07:00,full_training:iteration_4,2.0,289.0,19.56,39.0,28.6,16.01900863647461,11.927516838007937,234.12721593273082,234.12721593273082
2026-09-23T09:18:44.269397+07:00,full_training:iteration_4,4.0,289.0,18.25,38.0,33.6,16.02573013305664,11.927516838007937,234.12721593273082,234.12721593273082
2026-09-23T09:18:45.272439+07:00,full_training:iteration_4,3.0,289.0,18.33,38.0,37.3,16.019405364990234,12.194756852109341,235.9216421773461,235.9216421773461
2026-09-23T09:18:46.256820+07:00,full_training:iteration_4,3.0,289.0,16.65,38.0,28.2,16.007049560546875,12.34195775972904,234.14457007028807,234.14457007028807
2026-09-23T09:18:47.272698+07:00,full_training:iteration_4,5.0,289.0,17.47,38.0,33.3,15.990039825439453,12.636200551279494,233.5591068561493,233.5591068561493
2026-09-23T09:18:48.273835+07:00,full_training:iteration_4,3.0,289.0,18.81,39.0,32.8,15.948902130126953,12.837063838255146,233.11305613781454,233.11305613781454
2026-09-23T09:18:49.274148+07:00,full_training:iteration_4,3.0,289.0,17.73,38.0,33.0,15.948806762695312,13.097575838270041,231.1722135454662,231.1722135454662
2026-09-23T09:18:50.256824+07:00,full_training:iteration_4,5.0,289.0,18.16,39.0,31.5,15.941417694091797,13.097575838270041,231.1722135454662,231.1722135454662
2026-09-23T09:18:51.254123+07:00,full_training:iteration_4,1.0,289.0,16.97,38.0,35.3,15.931461334228516,13.254176690221177,228.92908516609802,228.92908516609802
2026-09-23T09:18:52.253964+07:00,full_training:iteration_4,2.0,289.0,15.84,38.0,36.3,15.929222106933594,13.423686186838877,226.89562204754236,226.89562204754236
2026-09-23T09:18:53.273188+07:00,full_training:iteration_4,4.0,289.0,17.3,38.0,34.2,15.927955627441406,13.576132092705883,223.90435853895178,223.90435853895178
2026-09-23T09:18:54.272635+07:00,full_training:iteration_4,5.0,289.0,15.47,38.0,25.3,15.928340911865234,13.641170111526256,222.70834155889415,222.70834155889415
2026-09-23T09:18:55.271982+07:00,full_training:iteration_4,4.0,289.0,16.96,38.0,32.4,15.92452621459961,13.73968763451815,220.8030255992678,220.8030255992678
2026-09-23T09:18:56.258022+07:00,full_training:iteration_4,4.0,289.0,18.43,38.0,31.0,15.921222686767578,13.89603217108538,219.82918719345287,219.82918719345287
2026-09-23T09:18:57.254458+07:00,full_training:iteration_4,2.0,289.0,17.1,38.0,36.1,15.914192199707031,13.89603217108538,219.82918719345287,219.82918719345287
2026-09-23T09:18:58.254784+07:00,full_training:iteration_4,3.0,289.0,16.68,38.0,31.7,15.907577514648438,13.966880336667973,217.33047757202726,217.33047757202726
2026-09-23T09:18:59.257807+07:00,full_training:iteration_4,4.0,289.0,17.44,38.0,31.0,15.907447814941406,14.066547943699161,215.80897855223253,215.80897855223253
2026-09-23T09:19:00.271104+07:00,full_training:iteration_4,3.0,289.0,16.18,38.0,32.2,15.898204803466797,14.16179187606694,212.7536887227595,212.7536887227595
2026-09-23T09:19:01.272264+07:00,full_training:iteration_4,4.0,289.0,15.23,38.0,24.0,15.902103424072266,14.165611783294075,209.6248217783388,209.6248217783388
2026-09-23T09:19:02.254133+07:00,full_training:iteration_4,1.0,289.0,15.54,38.0,37.7,15.904010772705078,14.165611783294075,209.6248217783388,209.6248217783388
2026-09-23T09:19:03.269984+07:00,full_training:iteration_4,2.0,289.0,16.3,38.0,37.1,15.901355743408203,14.271206621220125,207.46766625598758,207.46766625598758
2026-09-23T09:19:04.254962+07:00,full_training:iteration_4,3.0,289.0,14.55,38.0,27.5,15.900074005126953,14.290354567985304,204.96803388115472,204.96803388115472
2026-09-23T09:19:05.272846+07:00,full_training:iteration_4,4.0,289.0,15.46,38.0,29.7,15.919857025146484,14.346178509436273,203.09406709858615,203.09406709858615
2026-09-23T09:19:06.253771+07:00,full_training:iteration_4,4.0,289.0,16.95,38.0,31.1,15.919612884521484,14.346178509436273,203.09406709858615,203.09406709858615
2026-09-23T09:19:07.272020+07:00,full_training:iteration_4,1.0,289.0,16.03,38.0,34.5,15.918594360351562,14.311738004834059,201.9340065585296,201.9340065585296
2026-09-23T09:19:08.255944+07:00,full_training:iteration_4,3.0,289.0,16.88,38.0,32.3,15.932563781738281,14.324914349879196,200.90692375705572,200.90692375705572
2026-09-23T09:19:09.270321+07:00,full_training:iteration_4,4.0,289.0,16.11,38.0,35.2,15.915950775146484,14.373605554731723,199.46644435725432,199.46644435725432
2026-09-23T09:19:10.254105+07:00,full_training:iteration_4,4.0,289.0,17.23,38.0,43.7,15.922904968261719,14.373605554731723,199.46644435725432,199.46644435725432
2026-09-23T09:19:11.250357+07:00,full_training:iteration_4,3.0,289.0,17.18,38.0,36.4,15.926338195800781,14.38140273135995,197.61739282621673,197.61739282621673
2026-09-23T09:19:12.273498+07:00,full_training:iteration_4,5.0,289.0,18.99,38.0,34.3,15.933387756347656,14.41369548822453,199.25904462792684,199.25904462792684
2026-09-23T09:19:13.272351+07:00,full_training:iteration_4,4.0,289.0,15.92,38.0,26.5,15.99643325805664,14.412875425183362,198.21707286134117,198.21707286134117
2026-09-23T09:19:14.251343+07:00,full_training:iteration_4,5.0,289.0,18.02,38.0,38.3,15.998733520507812,14.412875425183362,198.21707286134117,198.21707286134117
2026-09-23T09:19:15.270259+07:00,full_training:iteration_4,2.0,289.0,16.74,38.0,40.8,16.000503540039062,14.475089959513227,197.50673421784467,197.50673421784467
2026-09-23T09:19:16.255613+07:00,full_training:iteration_4,4.0,289.0,17.93,38.0,34.9,16.002914428710938,14.50524043896548,197.02315401505348,197.02315401505348
2026-09-23T09:19:17.279994+07:00,full_training:iteration_4,4.0,289.0,17.36,38.0,38.2,16.020462036132812,14.550061128735468,197.78756172818225,197.78756172818225
2026-09-23T09:19:18.256080+07:00,full_training:iteration_4,3.0,289.0,17.8,38.0,33.8,16.014572143554688,14.550061128735468,197.78756172818225,197.78756172818225
2026-09-23T09:19:19.258447+07:00,full_training:iteration_4,1.0,289.0,13.38,38.0,37.9,16.035228729248047,14.478340304277769,196.19960904834412,196.19960904834412
2026-09-23T09:19:20.254531+07:00,full_training:iteration_4,4.0,289.0,15.1,38.0,34.5,16.117881774902344,14.478340304277769,196.19960904834412,196.19960904834412
2026-09-23T09:19:21.256326+07:00,full_training:iteration_4,1.0,289.0,12.56,38.0,35.6,16.068119049072266,14.330227517498138,194.80371480189237,194.80371480189237
2026-09-23T09:19:22.255342+07:00,full_training:iteration_4,4.0,289.0,14.98,38.0,38.0,16.065990447998047,14.330227517498138,194.80371480189237,194.80371480189237
2026-09-23T09:19:23.272824+07:00,full_training:iteration_4,5.0,289.0,12.67,38.0,32.4,16.053821563720703,14.160957168234397,192.79131687610544,192.79131687610544
2026-09-23T09:19:24.255156+07:00,full_training:iteration_4,4.0,289.0,13.77,38.0,32.2,16.041976928710938,14.160957168234397,192.79131687610544,192.79131687610544
2026-09-23T09:19:25.271687+07:00,full_training:iteration_4,3.0,289.0,12.33,38.0,33.9,16.038463592529297,14.028234912240231,190.11520686297663,190.11520686297663
2026-09-23T09:19:26.255283+07:00,full_training:iteration_4,5.0,289.0,14.6,38.0,38.8,16.031909942626953,14.028234912240231,190.11520686297663,190.11520686297663
2026-09-23T09:19:27.255931+07:00,full_training:iteration_4,3.0,289.0,12.77,38.0,22.4,16.024139404296875,13.806186931100507,186.8228113358464,186.8228113358464
2026-09-23T09:19:28.271686+07:00,full_training:iteration_4,3.0,289.0,14.23,38.0,42.0,16.013229370117188,13.806186931100507,186.8228113358464,186.8228113358464
2026-09-23T09:19:29.255622+07:00,full_training:iteration_4,5.0,289.0,13.7,38.0,28.7,15.995121002197266,13.65525692571307,184.58872862025024,184.58872862025024
2026-09-23T09:19:30.267923+07:00,full_training:iteration_4,6.0,289.0,12.85,38.0,41.1,15.98117446899414,13.65525692571307,184.58872862025024,184.58872862025024
2026-09-23T09:19:31.298990+07:00,full_training:iteration_4,4.0,289.0,13.09,38.0,29.1,15.978569030761719,13.55877606585561,181.8497150832526,181.8497150832526
2026-09-23T09:19:32.255485+07:00,full_training:iteration_4,7.0,289.0,14.41,38.0,42.1,15.972122192382812,13.55877606585561,181.8497150832526,181.8497150832526
2026-09-23T09:19:33.259087+07:00,full_training:iteration_4,5.0,289.0,16.16,38.0,30.3,15.972789764404297,13.55877606585561,181.8497150832526,181.8497150832526
2026-09-23T09:19:34.255725+07:00,full_training:iteration_4,1.0,289.0,12.72,38.0,42.9,15.971023559570312,13.417125049188614,180.71725558274153,180.71725558274153
2026-09-23T09:19:35.255135+07:00,full_training:iteration_4,3.0,289.0,13.92,38.0,35.3,15.974746704101562,13.417125049188614,180.71725558274153,180.71725558274153
2026-09-23T09:19:36.255215+07:00,full_training:iteration_4,3.0,289.0,12.09,38.0,25.6,15.975780487060547,13.235658165159567,177.46811656451453,177.46811656451453
2026-09-23T09:19:37.258186+07:00,full_training:iteration_4,4.0,289.0,17.11,38.0,42.4,15.968265533447266,13.235658165159567,177.46811656451453,177.46811656451453
2026-09-23T09:19:38.270847+07:00,full_training:iteration_4,3.0,289.0,14.93,38.0,27.6,16.037769317626953,13.235658165159567,177.46811656451453,177.46811656451453
2026-09-23T09:19:39.256784+07:00,full_training:iteration_4,1.0,289.0,12.57,38.0,36.2,16.042945861816406,13.011916322265526,175.42187596915522,175.42187596915522
2026-09-23T09:19:40.255498+07:00,full_training:iteration_4,4.0,289.0,13.5,38.0,39.3,16.076622009277344,13.011916322265526,175.42187596915522,175.42187596915522
2026-09-23T09:19:41.292302+07:00,full_training:iteration_4,3.0,289.0,11.96,38.0,37.3,16.084720611572266,12.94540204323934,173.0541345140235,173.0541345140235
2026-09-23T09:19:42.255415+07:00,full_training:iteration_4,4.0,289.0,14.58,38.0,44.2,16.089664459228516,12.94540204323934,173.0541345140235,173.0541345140235
2026-09-23T09:19:43.255676+07:00,full_training:iteration_4,2.0,289.0,12.47,38.0,36.2,16.0906982421875,12.861926169663144,171.13927644575313,171.13927644575313
2026-09-23T09:19:44.241401+07:00,full_training:iteration_4,4.0,289.0,13.42,38.0,37.1,16.083702087402344,12.861926169663144,171.13927644575313,171.13927644575313
2026-09-23T09:19:45.271620+07:00,full_training:iteration_4,2.0,289.0,12.27,38.0,31.4,16.05923843383789,12.781772531657696,168.7193974178816,168.7193974178816
2026-09-23T09:19:46.269155+07:00,full_training:iteration_4,4.0,289.0,15.31,38.0,43.9,16.091266632080078,12.781772531657696,168.7193974178816,168.7193974178816
2026-09-23T09:19:47.256900+07:00,full_training:iteration_4,4.0,289.0,12.2,38.0,28.7,16.086318969726562,12.7016615087819,167.05081423955517,167.05081423955517
2026-09-23T09:19:48.271007+07:00,full_training:iteration_4,4.0,289.0,14.98,38.0,43.8,16.106666564941406,12.7016615087819,167.05081423955517,167.05081423955517
2026-09-23T09:19:49.273766+07:00,full_training:iteration_4,4.0,289.0,17.15,38.0,38.0,16.089107513427734,12.667294079314367,165.97673936701628,165.97673936701628
2026-09-23T09:19:50.273861+07:00,full_training:iteration_4,4.0,289.0,17.02,38.0,28.9,16.071407318115234,12.685894294542285,166.36973735733363,166.36973735733363
2026-09-23T09:19:51.237497+07:00,full_training:iteration_4,3.0,289.0,19.09,39.0,40.8,16.069717407226562,12.685894294542285,166.36973735733363,166.36973735733363
2026-09-23T09:19:52.273017+07:00,full_training:iteration_4,3.0,289.0,17.67,38.0,40.4,16.06568145751953,12.692492226417412,166.3283110777932,166.3283110777932
2026-09-23T09:19:53.255495+07:00,full_training:iteration_4,5.0,289.0,16.22,38.0,40.9,16.07189178466797,12.739474105912068,166.39541178686903,166.39541178686903
2026-09-23T09:19:54.256787+07:00,full_training:iteration_4,4.0,289.0,16.42,38.0,36.1,16.0675048828125,12.77053763339729,166.5894616108343,166.5894616108343
2026-09-23T09:19:55.255231+07:00,full_training:iteration_4,4.0,289.0,18.78,39.0,44.4,16.036334991455078,12.77053763339729,166.5894616108343,166.5894616108343
2026-09-23T09:19:56.257300+07:00,full_training:iteration_4,3.0,289.0,17.91,38.0,39.3,16.031776428222656,12.79094749872163,167.83240688364998,167.83240688364998
2026-09-23T09:19:57.271637+07:00,full_training:iteration_4,4.0,289.0,15.66,38.0,35.2,16.055404663085938,12.836070686742037,167.32887812725474,167.32887812725474
2026-09-23T09:19:58.254904+07:00,full_training:iteration_4,4.0,289.0,18.26,38.0,44.0,16.082691192626953,12.836070686742037,167.32887812725474,167.32887812725474
2026-09-23T09:19:59.271591+07:00,full_training:iteration_4,3.0,289.0,19.17,39.0,44.4,16.0858154296875,12.830050458374615,169.15685378930792,169.15685378930792
2026-09-23T09:20:00.272821+07:00,full_training:iteration_4,5.0,289.0,16.6,38.0,32.3,16.08941650390625,12.828128474011427,170.0451191349402,170.0451191349402
2026-09-23T09:20:01.271016+07:00,full_training:iteration_4,3.0,289.0,18.96,39.0,39.9,16.084518432617188,12.828128474011427,170.0451191349402,170.0451191349402
2026-09-23T09:20:02.273922+07:00,full_training:iteration_4,2.0,289.0,17.06,38.0,44.1,16.072166442871094,12.852507154542154,170.2447177851655,170.2447177851655
2026-09-23T09:20:03.271282+07:00,full_training:iteration_4,3.0,289.0,16.05,38.0,33.0,16.06328582763672,12.865958144994263,170.8961096728066,170.8961096728066
2026-09-23T09:20:04.237823+07:00,full_training:iteration_4,4.0,289.0,16.77,38.0,28.7,16.04460906982422,12.865958144994263,170.8961096728066,170.8961096728066
2026-09-23T09:20:05.270853+07:00,full_training:iteration_4,1.0,289.0,16.98,38.0,46.2,16.028118133544922,12.88019157498613,171.09848331418115,171.09848331418115
2026-09-23T09:20:06.259727+07:00,full_training:iteration_4,3.0,289.0,15.43,38.0,36.5,16.009307861328125,12.895535000148785,170.99284023303346,170.99284023303346
2026-09-23T09:20:07.256385+07:00,full_training:iteration_4,4.0,289.0,16.58,38.0,38.9,16.016704559326172,12.922729347067328,171.2068761929002,171.2068761929002
2026-09-23T09:20:08.254882+07:00,full_training:iteration_4,3.0,289.0,17.53,38.0,41.7,16.02517318725586,12.922729347067328,171.2068761929002,171.2068761929002
2026-09-23T09:20:09.274757+07:00,full_training:iteration_4,2.0,289.0,17.71,38.0,47.1,16.01333236694336,12.938020538197343,170.85797710737077,170.85797710737077
2026-09-23T09:20:10.271780+07:00,full_training:iteration_4,5.0,289.0,17.46,38.0,34.8,16.017932891845703,12.965369385638745,171.73477318847145,171.73477318847145
2026-09-23T09:20:11.239975+07:00,full_training:iteration_4,4.0,289.0,18.4,38.0,30.2,16.009990692138672,12.965369385638745,171.73477318847145,171.73477318847145
2026-09-23T09:20:12.256008+07:00,full_training:iteration_4,4.0,289.0,16.84,38.0,42.9,16.023719787597656,12.966110618388276,172.2918255956265,172.2918255956265
2026-09-23T09:20:13.272120+07:00,full_training:iteration_4,3.0,289.0,14.71,38.0,31.6,16.02442169189453,12.97730331978148,171.867018473106,171.867018473106
2026-09-23T09:20:14.253902+07:00,full_training:iteration_4,3.0,289.0,17.49,38.0,40.4,16.048019409179688,12.995959992858712,171.94377068329456,171.94377068329456
2026-09-23T09:20:15.238119+07:00,full_training:iteration_4,4.0,289.0,17.67,39.0,47.8,16.05962371826172,12.995959992858712,171.94377068329456,171.94377068329456
2026-09-23T09:20:16.260842+07:00,full_training:iteration_4,3.0,289.0,18.28,39.0,39.2,16.057376861572266,13.016212547709545,172.39349454456126,172.39349454456126
2026-09-23T09:20:17.260151+07:00,full_training:iteration_4,5.0,289.0,17.89,39.0,33.5,16.056358337402344,13.026657371418501,172.61201196681637,172.61201196681637
2026-09-23T09:20:18.271433+07:00,full_training:iteration_4,3.0,289.0,17.24,38.0,40.5,16.057754516601562,13.077813924878061,172.4004617003592,172.4004617003592
2026-09-23T09:20:19.244817+07:00,full_training:iteration_4,4.0,289.0,18.12,38.0,42.8,16.05755615234375,13.077813924878061,172.4004617003592,172.4004617003592
2026-09-23T09:20:20.255552+07:00,full_training:iteration_4,4.0,289.0,17.4,38.0,39.8,16.06271743774414,13.092345425202502,172.99984070078438,172.99984070078438
2026-09-23T09:20:21.273279+07:00,full_training:iteration_4,3.0,289.0,16.38,38.0,34.5,16.01352310180664,13.126680345616611,172.7437038209521,172.7437038209521
2026-09-23T09:20:22.255708+07:00,full_training:iteration_4,4.0,289.0,16.84,38.0,37.6,16.002681732177734,13.156503682940127,172.56103965169098,172.56103965169098
2026-09-23T09:20:23.273870+07:00,full_training:iteration_4,4.0,289.0,16.61,38.0,35.6,15.994583129882812,13.194069143012179,172.4414732931655,172.4414732931655
2026-09-23T09:20:24.237698+07:00,full_training:iteration_4,4.0,289.0,16.37,38.0,37.6,16.042095184326172,13.194069143012179,172.4414732931655,172.4414732931655
2026-09-23T09:20:25.287709+07:00,full_training:iteration_4,2.0,289.0,12.21,38.0,7.0,16.04092025756836,13.216806598007707,171.97543535245154,171.97543535245154
2026-09-23T09:20:26.287508+07:00,full_training:iteration_4,0.0,289.0,11.69,38.0,7.6,16.039779663085938,13.216806598007707,171.97543535245154,171.97543535245154
2026-09-23T09:20:27.290019+07:00,full_training:iteration_4,0.0,289.0,10.71,38.0,5.6,16.04041290283203,13.216806598007707,171.97543535245154,171.97543535245154
2026-09-23T09:20:28.253811+07:00,full_training:iteration_4,0.0,289.0,10.68,38.0,11.4,15.915523529052734,13.216806598007707,171.97543535245154,171.97543535245154
2026-09-23T09:20:29.287866+07:00,full_training:iteration_4,0.0,289.0,10.73,38.0,6.8,15.915084838867188,13.216806598007707,171.97543535245154,171.97543535245154
2026-09-23T09:20:30.270619+07:00,full_training:iteration_4,0.0,289.0,10.76,38.0,6.7,15.909217834472656,13.216806598007707,171.97543535245154,171.97543535245154
2026-09-23T09:20:31.268601+07:00,full_training:iteration_4,0.0,289.0,10.7,38.0,6.2,15.88833999633789,13.216806598007707,171.97543535245154,171.97543535245154
2026-09-23T09:20:32.287131+07:00,full_training:iteration_4,0.0,289.0,10.6,38.0,9.3,15.888053894042969,13.216806598007707,171.97543535245154,171.97543535245154
2026-09-23T09:20:33.285715+07:00,full_training:iteration_4,0.0,289.0,10.6,38.0,8.2,15.88717269897461,13.216806598007707,171.97543535245154,171.97543535245154
2026-09-23T09:20:34.271079+07:00,full_training:iteration_4,0.0,289.0,10.77,38.0,8.1,15.90816879272461,13.216806598007707,171.97543535245154,171.97543535245154
2026-09-23T09:20:35.271158+07:00,full_training:iteration_4,0.0,289.0,10.77,38.0,12.9,15.973617553710938,13.216806598007707,171.97543535245154,171.97543535245154
2026-09-23T09:20:36.257500+07:00,full_training:iteration_4,0.0,289.0,10.79,38.0,7.4,15.974185943603516,13.216806598007707,171.97543535245154,171.97543535245154
2026-09-23T09:20:37.287549+07:00,full_training:iteration_4,0.0,289.0,10.7,38.0,8.8,15.974292755126953,13.216806598007707,171.97543535245154,171.97543535245154
2026-09-23T09:20:38.288116+07:00,full_training:iteration_4,0.0,289.0,10.66,38.0,7.5,15.970561981201172,13.216806598007707,171.97543535245154,171.97543535245154
2026-09-23T09:20:39.274118+07:00,full_training:iteration_4,0.0,289.0,10.62,38.0,10.7,15.967643737792969,13.216806598007707,171.97543535245154,171.97543535245154
2026-09-23T09:20:40.256800+07:00,full_training:iteration_4,0.0,289.0,10.64,38.0,11.8,15.978515625,13.216806598007707,171.97543535245154,171.97543535245154
2026-09-23T09:20:41.256357+07:00,full_training:iteration_4,0.0,289.0,10.73,38.0,6.0,15.982933044433594,13.216806598007707,171.97543535245154,171.97543535245154
2026-09-23T09:20:42.256878+07:00,full_training:iteration_4,0.0,289.0,10.75,38.0,4.9,15.978347778320312,13.216806598007707,171.97543535245154,171.97543535245154
2026-09-23T09:20:43.290070+07:00,full_training:iteration_4,0.0,289.0,10.76,37.0,7.9,15.95096206665039,13.216806598007707,171.97543535245154,171.97543535245154
2026-09-23T09:20:44.289100+07:00,full_training:iteration_4,0.0,289.0,10.6,37.0,5.7,15.947624206542969,13.216806598007707,171.97543535245154,171.97543535245154
2026-09-23T09:20:45.271440+07:00,full_training:iteration_4,0.0,289.0,10.6,37.0,9.8,15.986858367919922,13.216806598007707,171.97543535245154,171.97543535245154
2026-09-23T09:20:46.295338+07:00,full_training:iteration_4,0.0,289.0,10.67,37.0,7.8,15.985034942626953,13.216806598007707,171.97543535245154,171.97543535245154
2026-09-23T09:20:47.286723+07:00,full_training:iteration_4,0.0,289.0,10.8,37.0,11.0,15.949317932128906,13.216806598007707,171.97543535245154,171.97543535245154
2026-09-23T09:20:48.270566+07:00,full_training:iteration_4,0.0,289.0,10.82,37.0,8.6,15.950706481933594,13.216806598007707,171.97543535245154,171.97543535245154
2026-09-23T09:20:49.253713+07:00,full_training:iteration_4,0.0,289.0,10.77,37.0,10.5,15.973590850830078,13.216806598007707,171.97543535245154,171.97543535245154
2026-09-23T09:20:50.272167+07:00,full_training:iteration_4,0.0,289.0,10.68,37.0,9.1,15.997535705566406,13.216806598007707,171.97543535245154,171.97543535245154
2026-09-23T09:20:51.271157+07:00,full_training:iteration_4,0.0,289.0,10.63,37.0,7.8,15.995307922363281,13.216806598007707,171.97543535245154,171.97543535245154
2026-09-23T09:20:52.270787+07:00,full_training:iteration_4,0.0,289.0,10.61,37.0,6.8,15.989448547363281,13.216806598007707,171.97543535245154,171.97543535245154
2026-09-23T09:20:53.288129+07:00,full_training:iteration_4,0.0,289.0,10.65,37.0,7.6,15.982582092285156,13.216806598007707,171.97543535245154,171.97543535245154
2026-09-23T09:20:54.269327+07:00,full_training:iteration_4,0.0,289.0,10.72,37.0,6.5,15.982013702392578,13.216806598007707,171.97543535245154,171.97543535245154
2026-09-23T09:20:55.270910+07:00,full_training:iteration_4,0.0,289.0,10.65,37.0,7.3,15.983070373535156,13.216806598007707,171.97543535245154,171.97543535245154
2026-09-23T09:20:56.240314+07:00,full_training:iteration_4,0.0,289.0,10.56,37.0,4.4,15.990829467773438,13.216806598007707,171.97543535245154,171.97543535245154
2026-09-23T09:20:57.272940+07:00,full_training:iteration_4,0.0,289.0,10.56,37.0,6.7,15.91915512084961,13.216806598007707,171.97543535245154,171.97543535245154
2026-09-23T09:20:58.309263+07:00,full_training:iteration_4,0.0,289.0,10.58,37.0,6.1,15.915275573730469,13.216806598007707,171.97543535245154,171.97543535245154
2026-09-23T09:20:59.285058+07:00,full_training:iteration_4,0.0,289.0,10.62,37.0,5.3,15.9090576171875,13.216806598007707,171.97543535245154,171.97543535245154
2026-09-23T09:21:00.289294+07:00,full_training:iteration_4,0.0,289.0,10.72,37.0,6.7,15.905811309814453,13.216806598007707,171.97543535245154,171.97543535245154
2026-09-23T09:21:01.264585+07:00,full_training:iteration_4,0.0,289.0,10.7,37.0,7.1,15.908287048339844,13.216806598007707,171.97543535245154,171.97543535245154
2026-09-23T09:21:02.272109+07:00,full_training:iteration_4,0.0,289.0,10.65,37.0,8.1,15.915306091308594,13.216806598007707,171.97543535245154,171.97543535245154
2026-09-23T09:21:03.254516+07:00,full_training:iteration_4,0.0,289.0,10.57,37.0,5.6,15.91543197631836,13.216806598007707,171.97543535245154,171.97543535245154
2026-09-23T09:21:04.254226+07:00,full_training:iteration_4,0.0,289.0,10.55,37.0,4.9,15.912345886230469,13.216806598007707,171.97543535245154,171.97543535245154
2026-09-23T09:21:05.253998+07:00,full_training:iteration_4,0.0,289.0,10.62,37.0,6.1,15.916885375976562,13.216806598007707,171.97543535245154,171.97543535245154
2026-09-23T09:21:06.266098+07:00,full_training:iteration_4,0.0,289.0,10.7,37.0,7.2,15.91845703125,13.216806598007707,171.97543535245154,171.97543535245154
2026-09-23T09:21:07.280846+07:00,full_training:iteration_4,0.0,289.0,10.76,37.0,6.1,15.920612335205078,13.216806598007707,171.97543535245154,171.97543535245154
2026-09-23T09:21:08.252208+07:00,full_training:iteration_4,0.0,289.0,10.75,37.0,6.7,15.915088653564453,13.216806598007707,171.97543535245154,171.97543535245154
2026-09-23T09:21:09.251278+07:00,full_training:iteration_4,0.0,289.0,10.55,37.0,5.6,15.91562271118164,13.216806598007707,171.97543535245154,171.97543535245154
2026-09-23T09:21:10.288505+07:00,full_training:iteration_4,0.0,289.0,10.54,37.0,7.0,15.915531158447266,13.216806598007707,171.97543535245154,171.97543535245154
2026-09-23T09:21:11.254337+07:00,full_training:iteration_4,0.0,289.0,10.58,37.0,10.9,15.956157684326172,13.216806598007707,171.97543535245154,171.97543535245154
2026-09-23T09:21:12.254058+07:00,full_training:iteration_4,0.0,289.0,10.75,37.0,11.7,15.949321746826172,13.216806598007707,171.97543535245154,171.97543535245154
2026-09-23T09:21:13.254765+07:00,full_training:iteration_4,0.0,289.0,10.79,37.0,9.3,15.940689086914062,13.216806598007707,171.97543535245154,171.97543535245154
2026-09-23T09:21:14.237701+07:00,full_training:iteration_4,0.0,289.0,10.77,37.0,8.5,15.948867797851562,13.216806598007707,171.97543535245154,171.97543535245154
2026-09-23T09:21:15.271260+07:00,full_training:iteration_4,0.0,289.0,10.6,37.0,10.3,15.954887390136719,13.216806598007707,171.97543535245154,171.97543535245154
2026-09-23T09:21:16.255420+07:00,full_training:iteration_4,0.0,289.0,10.49,37.0,10.7,15.958972930908203,13.216806598007707,171.97543535245154,171.97543535245154
2026-09-23T09:21:17.264352+07:00,full_training:iteration_4,0.0,289.0,10.55,37.0,10.7,15.963401794433594,13.216806598007707,171.97543535245154,171.97543535245154
2026-09-23T09:21:18.270362+07:00,full_training:iteration_4,0.0,289.0,10.59,37.0,8.9,15.981597900390625,13.216806598007707,171.97543535245154,171.97543535245154
2026-09-23T09:21:19.254018+07:00,full_training:iteration_4,0.0,289.0,10.6,37.0,9.5,15.973247528076172,13.216806598007707,171.97543535245154,171.97543535245154
2026-09-23T09:21:20.288255+07:00,full_training:iteration_4,0.0,289.0,10.57,37.0,11.4,15.979881286621094,13.216806598007707,171.97543535245154,171.97543535245154
2026-09-23T09:21:21.271342+07:00,full_training:iteration_4,0.0,289.0,10.46,37.0,11.3,15.961360931396484,13.216806598007707,171.97543535245154,171.97543535245154
2026-09-23T09:21:22.254703+07:00,full_training:iteration_4,0.0,289.0,10.44,37.0,8.9,15.960136413574219,13.216806598007707,171.97543535245154,171.97543535245154
2026-09-23T09:21:23.254577+07:00,full_training:iteration_4,0.0,289.0,10.42,37.0,9.7,15.975818634033203,13.216806598007707,171.97543535245154,171.97543535245154
2026-09-23T09:21:24.254308+07:00,full_training:iteration_4,0.0,289.0,10.46,37.0,5.4,15.98123550415039,13.216806598007707,171.97543535245154,171.97543535245154
2026-09-23T09:21:25.248552+07:00,full_training:iteration_4,0.0,289.0,10.68,37.0,5.5,15.973808288574219,13.216806598007707,171.97543535245154,171.97543535245154
2026-09-23T09:21:26.255865+07:00,full_training:iteration_4,0.0,289.0,10.7,37.0,10.5,15.971893310546875,13.216806598007707,171.97543535245154,171.97543535245154
2026-09-23T09:21:27.271354+07:00,full_training:iteration_4,0.0,289.0,10.64,37.0,6.2,15.973217010498047,13.216806598007707,171.97543535245154,171.97543535245154
2026-09-23T09:21:28.254849+07:00,full_training:iteration_4,0.0,289.0,10.43,37.0,6.8,16.011432647705078,13.216806598007707,171.97543535245154,171.97543535245154
2026-09-23T09:21:29.257859+07:00,full_training:iteration_4,0.0,289.0,10.45,37.0,8.8,15.980648040771484,13.216806598007707,171.97543535245154,171.97543535245154
2026-09-23T09:21:30.270936+07:00,full_training:iteration_4,0.0,289.0,10.47,37.0,5.4,15.979175567626953,13.216806598007707,171.97543535245154,171.97543535245154
2026-09-23T09:21:31.257512+07:00,full_training:iteration_4,0.0,289.0,10.61,37.0,5.5,15.979534149169922,13.216806598007707,171.97543535245154,171.97543535245154
2026-09-23T09:21:32.286070+07:00,full_training:iteration_4,0.0,289.0,10.65,37.0,6.4,15.981586456298828,13.216806598007707,171.97543535245154,171.97543535245154
2026-09-23T09:21:33.280758+07:00,full_training:iteration_4,0.0,289.0,10.63,37.0,6.5,15.976566314697266,13.216806598007707,171.97543535245154,171.97543535245154
2026-09-23T09:21:34.272015+07:00,full_training:iteration_4,0.0,289.0,10.55,37.0,6.6,15.97640609741211,13.216806598007707,171.97543535245154,171.97543535245154
2026-09-23T09:21:35.287417+07:00,full_training:iteration_4,0.0,289.0,10.46,37.0,8.0,15.983253479003906,13.216806598007707,171.97543535245154,171.97543535245154
2026-09-23T09:21:36.289216+07:00,full_training:iteration_4,0.0,289.0,10.5,37.0,10.5,16.068233489990234,13.216806598007707,171.97543535245154,171.97543535245154
2026-09-23T09:21:37.254880+07:00,full_training:iteration_4,0.0,289.0,10.62,37.0,9.4,16.06908416748047,13.216806598007707,171.97543535245154,171.97543535245154
2026-09-23T09:21:38.254026+07:00,full_training:iteration_4,0.0,289.0,10.65,37.0,5.8,16.07217025756836,13.216806598007707,171.97543535245154,171.97543535245154
2026-09-23T09:21:39.272171+07:00,full_training:iteration_4,0.0,289.0,10.71,37.0,5.0,16.071773529052734,13.216806598007707,171.97543535245154,171.97543535245154
2026-09-23T09:21:40.271779+07:00,full_training:iteration_4,0.0,289.0,10.68,37.0,6.2,16.064655303955078,13.216806598007707,171.97543535245154,171.97543535245154
2026-09-23T09:21:41.288786+07:00,full_training:iteration_4,0.0,289.0,10.65,37.0,4.5,16.05803680419922,13.216806598007707,171.97543535245154,171.97543535245154
2026-09-23T09:21:42.287622+07:00,full_training:iteration_4,0.0,289.0,10.64,37.0,4.8,16.0577392578125,13.216806598007707,171.97543535245154,171.97543535245154
2026-09-23T09:21:43.281767+07:00,full_training:iteration_4,0.0,289.0,10.68,37.0,6.7,15.951770782470703,13.216806598007707,171.97543535245154,171.97543535245154
2026-09-23T09:21:44.270981+07:00,full_training:iteration_4,0.0,289.0,10.73,37.0,5.1,15.935638427734375,13.216806598007707,171.97543535245154,171.97543535245154
2026-09-23T09:21:45.271923+07:00,full_training:iteration_4,0.0,289.0,10.74,37.0,5.4,15.93283462524414,13.216806598007707,171.97543535245154,171.97543535245154
2026-09-23T09:21:46.269309+07:00,full_training:iteration_4,0.0,289.0,10.71,37.0,5.2,15.930923461914062,13.216806598007707,171.97543535245154,171.97543535245154
2026-09-23T09:21:47.287036+07:00,full_training:iteration_4,0.0,289.0,10.66,37.0,5.5,15.918804168701172,13.216806598007707,171.97543535245154,171.97543535245154
2026-09-23T09:21:48.288449+07:00,full_training:iteration_4,0.0,289.0,10.59,37.0,5.0,15.918521881103516,13.216806598007707,171.97543535245154,171.97543535245154
2026-09-23T09:21:49.286891+07:00,full_training:iteration_4,0.0,289.0,10.6,37.0,5.8,15.918785095214844,13.216806598007707,171.97543535245154,171.97543535245154
2026-09-23T09:21:50.286161+07:00,full_training:iteration_4,0.0,289.0,10.76,37.0,5.5,15.918964385986328,13.216806598007707,171.97543535245154,171.97543535245154
2026-09-23T09:21:51.288635+07:00,full_training:iteration_4,0.0,289.0,10.69,37.0,5.5,15.919078826904297,13.216806598007707,171.97543535245154,171.97543535245154
2026-09-23T09:21:52.307444+07:00,full_training:iteration_4,0.0,289.0,10.68,37.0,6.9,15.918792724609375,13.216806598007707,171.97543535245154,171.97543535245154
2026-09-23T09:21:53.286495+07:00,full_training:iteration_4,0.0,289.0,10.61,37.0,6.3,15.917682647705078,13.216806598007707,171.97543535245154,171.97543535245154
2026-09-23T09:21:54.289798+07:00,full_training:iteration_4,0.0,289.0,10.6,37.0,5.2,15.917274475097656,13.216806598007707,171.97543535245154,171.97543535245154
2026-09-23T09:21:55.271493+07:00,full_training:iteration_4,0.0,289.0,10.63,37.0,6.6,15.916545867919922,13.216806598007707,171.97543535245154,171.97543535245154
2026-09-23T09:21:56.254007+07:00,full_training:iteration_4,0.0,289.0,10.65,37.0,6.5,15.917289733886719,13.216806598007707,171.97543535245154,171.97543535245154
2026-09-23T09:21:57.271083+07:00,full_training:iteration_4,0.0,289.0,10.72,37.0,7.1,15.917434692382812,13.216806598007707,171.97543535245154,171.97543535245154
2026-09-23T09:21:58.306227+07:00,full_training:iteration_4,0.0,289.0,10.72,37.0,5.2,15.916545867919922,13.216806598007707,171.97543535245154,171.97543535245154
2026-09-23T09:21:59.287975+07:00,full_training:iteration_4,0.0,289.0,10.68,37.0,5.9,15.91964340209961,13.216806598007707,171.97543535245154,171.97543535245154
2026-09-23T09:22:00.270557+07:00,full_training:iteration_4,0.0,289.0,10.53,37.0,6.1,15.920696258544922,13.216806598007707,171.97543535245154,171.97543535245154
2026-09-23T09:22:01.270788+07:00,full_training:iteration_4,0.0,289.0,10.54,37.0,4.9,15.920730590820312,13.216806598007707,171.97543535245154,171.97543535245154
2026-09-23T09:22:02.287235+07:00,full_training:iteration_4,0.0,289.0,10.62,37.0,5.6,15.920391082763672,13.216806598007707,171.97543535245154,171.97543535245154
2026-09-23T09:22:03.289660+07:00,full_training:iteration_4,0.0,289.0,10.69,37.0,5.5,15.919792175292969,13.216806598007707,171.97543535245154,171.97543535245154
2026-09-23T09:22:04.291237+07:00,full_training:iteration_4,0.0,289.0,10.76,37.0,5.7,15.917701721191406,13.216806598007707,171.97543535245154,171.97543535245154
2026-09-23T09:22:05.293085+07:00,full_training:iteration_4,0.0,289.0,10.74,37.0,5.8,15.918010711669922,13.216806598007707,171.97543535245154,171.97543535245154
2026-09-23T09:22:06.270922+07:00,full_training:iteration_4,0.0,289.0,10.62,37.0,4.4,15.9185791015625,13.216806598007707,171.97543535245154,171.97543535245154
2026-09-23T09:22:07.271037+07:00,full_training:iteration_4,0.0,289.0,10.55,37.0,5.2,15.918285369873047,13.216806598007707,171.97543535245154,171.97543535245154
2026-09-23T09:22:08.271349+07:00,full_training:iteration_4,0.0,289.0,10.59,37.0,6.9,15.918952941894531,13.216806598007707,171.97543535245154,171.97543535245154
2026-09-23T09:22:09.289963+07:00,full_training:iteration_4,0.0,289.0,10.61,37.0,6.9,15.918243408203125,13.216806598007707,171.97543535245154,171.97543535245154
2026-09-23T09:22:10.254103+07:00,full_training:iteration_4,0.0,289.0,10.71,37.0,7.9,15.915252685546875,13.216806598007707,171.97543535245154,171.97543535245154
2026-09-23T09:22:11.243758+07:00,full_training:iteration_4,0.0,289.0,10.69,37.0,7.9,15.914318084716797,13.216806598007707,171.97543535245154,171.97543535245154
2026-09-23T09:22:12.237678+07:00,full_training:iteration_4,0.0,289.0,10.63,37.0,6.6,15.910343170166016,13.216806598007707,171.97543535245154,171.97543535245154
2026-09-23T09:22:13.273768+07:00,full_training:iteration_4,0.0,289.0,10.53,37.0,6.7,15.914958953857422,13.216806598007707,171.97543535245154,171.97543535245154
2026-09-23T09:22:14.271779+07:00,full_training:iteration_4,0.0,289.0,10.6,37.0,7.7,15.920150756835938,13.216806598007707,171.97543535245154,171.97543535245154
2026-09-23T09:22:15.254549+07:00,full_training:iteration_4,0.0,289.0,10.67,37.0,12.6,15.937751770019531,13.216806598007707,171.97543535245154,171.97543535245154
2026-09-23T09:22:16.271186+07:00,full_training:iteration_4,0.0,289.0,10.61,37.0,11.5,15.953483581542969,13.216806598007707,171.97543535245154,171.97543535245154
2026-09-23T09:22:17.256110+07:00,full_training:iteration_4,0.0,289.0,10.59,37.0,11.6,16.003170013427734,13.216806598007707,171.97543535245154,171.97543535245154
2026-09-23T09:22:18.254128+07:00,full_training:iteration_4,0.0,289.0,10.54,37.0,10.5,15.998905181884766,13.216806598007707,171.97543535245154,171.97543535245154
2026-09-23T09:22:19.271967+07:00,full_training:iteration_4,0.0,289.0,10.52,37.0,9.5,16.022327423095703,13.216806598007707,171.97543535245154,171.97543535245154
2026-09-23T09:22:20.237389+07:00,full_training:iteration_4,0.0,289.0,10.5,37.0,7.6,16.026473999023438,13.216806598007707,171.97543535245154,171.97543535245154
2026-09-23T09:22:21.270992+07:00,full_training:iteration_4,0.0,289.0,10.55,37.0,6.9,16.022235870361328,13.216806598007707,171.97543535245154,171.97543535245154
2026-09-23T09:22:22.255012+07:00,full_training:iteration_4,0.0,289.0,10.65,37.0,8.0,16.025482177734375,13.216806598007707,171.97543535245154,171.97543535245154
2026-09-23T09:22:23.274144+07:00,full_training:iteration_4,0.0,289.0,10.66,37.0,6.6,16.02581024169922,13.216806598007707,171.97543535245154,171.97543535245154
2026-09-23T09:22:24.289564+07:00,full_training:iteration_4,0.0,289.0,10.59,37.0,7.5,16.039588928222656,13.216806598007707,171.97543535245154,171.97543535245154
2026-09-23T09:22:25.272175+07:00,full_training:iteration_4,0.0,289.0,10.54,37.0,8.6,16.029582977294922,13.216806598007707,171.97543535245154,171.97543535245154
2026-09-23T09:22:26.286738+07:00,full_training:iteration_4,0.0,289.0,10.5,37.0,9.1,16.027057647705078,13.216806598007707,171.97543535245154,171.97543535245154
2026-09-23T09:22:27.272130+07:00,full_training:iteration_4,0.0,289.0,10.56,37.0,7.1,16.02756118774414,13.216806598007707,171.97543535245154,171.97543535245154
2026-09-23T09:22:28.241104+07:00,full_training:iteration_4,0.0,289.0,10.6,37.0,11.9,16.040203094482422,13.216806598007707,171.97543535245154,171.97543535245154
2026-09-23T09:22:29.255811+07:00,full_training:iteration_4,0.0,289.0,10.63,37.0,9.3,16.027572631835938,13.216806598007707,171.97543535245154,171.97543535245154
2026-09-23T09:22:30.284895+07:00,full_training:iteration_4,0.0,289.0,10.62,37.0,9.6,16.02069091796875,13.216806598007707,171.97543535245154,171.97543535245154
2026-09-23T09:22:31.270770+07:00,full_training:iteration_4,0.0,289.0,10.52,36.0,10.9,16.091514587402344,13.216806598007707,171.97543535245154,171.97543535245154
2026-09-23T09:22:32.258508+07:00,full_training:iteration_4,0.0,289.0,10.41,36.0,7.1,16.091835021972656,13.216806598007707,171.97543535245154,171.97543535245154
2026-09-23T09:22:33.272907+07:00,full_training:iteration_4,0.0,289.0,10.47,36.0,10.7,16.08771514892578,13.216806598007707,171.97543535245154,171.97543535245154
2026-09-23T09:22:34.256746+07:00,full_training:iteration_4,0.0,289.0,10.66,36.0,9.2,16.096664428710938,13.216806598007707,171.97543535245154,171.97543535245154
2026-09-23T09:22:35.286520+07:00,full_training:iteration_4,0.0,289.0,10.69,36.0,6.7,16.09579849243164,13.216806598007707,171.97543535245154,171.97543535245154
2026-09-23T09:22:36.272245+07:00,full_training:iteration_4,0.0,289.0,10.65,36.0,12.6,16.110511779785156,13.216806598007707,171.97543535245154,171.97543535245154
2026-09-23T09:22:37.241487+07:00,full_training:iteration_4,0.0,289.0,10.63,36.0,6.7,16.103652954101562,13.216806598007707,171.97543535245154,171.97543535245154
2026-09-23T09:22:38.256112+07:00,full_training:iteration_4,0.0,289.0,10.55,36.0,9.1,16.104114532470703,13.216806598007707,171.97543535245154,171.97543535245154
2026-09-23T09:22:39.272762+07:00,full_training:iteration_4,0.0,289.0,10.5,36.0,14.3,16.088817596435547,13.216806598007707,171.97543535245154,171.97543535245154
2026-09-23T09:22:40.256890+07:00,full_training:iteration_4,0.0,289.0,10.61,36.0,12.3,16.098922729492188,13.216806598007707,171.97543535245154,171.97543535245154
2026-09-23T09:22:41.287599+07:00,full_training:iteration_4,0.0,289.0,10.62,36.0,14.6,16.08200454711914,13.216806598007707,171.97543535245154,171.97543535245154
2026-09-23T09:22:42.271144+07:00,full_training:iteration_4,0.0,289.0,10.64,36.0,11.5,16.08600616455078,13.216806598007707,171.97543535245154,171.97543535245154
2026-09-23T09:22:43.273063+07:00,full_training:iteration_4,0.0,289.0,10.59,36.0,9.5,16.09687042236328,13.216806598007707,171.97543535245154,171.97543535245154
2026-09-23T09:22:44.257374+07:00,full_training:iteration_4,0.0,289.0,10.52,36.0,8.9,16.096385955810547,13.216806598007707,171.97543535245154,171.97543535245154
2026-09-23T09:22:45.272254+07:00,full_training:iteration_4,0.0,289.0,10.48,36.0,9.8,16.084632873535156,13.216806598007707,171.97543535245154,171.97543535245154
2026-09-23T09:22:46.271993+07:00,full_training:iteration_4,0.0,289.0,10.53,36.0,9.9,16.088871002197266,13.216806598007707,171.97543535245154,171.97543535245154
2026-09-23T09:22:47.271387+07:00,full_training:iteration_4,0.0,289.0,10.61,36.0,9.7,16.08734893798828,13.216806598007707,171.97543535245154,171.97543535245154
2026-09-23T09:22:48.272362+07:00,full_training:iteration_4,0.0,289.0,10.71,36.0,8.9,16.087772369384766,13.216806598007707,171.97543535245154,171.97543535245154
2026-09-23T09:22:49.272262+07:00,full_training:iteration_4,0.0,289.0,10.66,36.0,10.7,16.068912506103516,13.216806598007707,171.97543535245154,171.97543535245154
2026-09-23T09:22:50.270189+07:00,full_training:iteration_4,0.0,289.0,10.6,36.0,9.6,16.054122924804688,13.216806598007707,171.97543535245154,171.97543535245154
2026-09-23T09:22:51.290952+07:00,full_training:iteration_4,0.0,289.0,10.62,36.0,9.3,16.050430297851562,13.216806598007707,171.97543535245154,171.97543535245154
2026-09-23T09:22:52.273304+07:00,full_training:iteration_4,0.0,289.0,10.66,36.0,7.7,16.041046142578125,13.216806598007707,171.97543535245154,171.97543535245154
2026-09-23T09:22:53.272573+07:00,full_training:iteration_4,0.0,289.0,10.73,36.0,9.3,16.021106719970703,13.216806598007707,171.97543535245154,171.97543535245154
2026-09-23T09:22:54.276034+07:00,full_training:iteration_4,0.0,289.0,10.68,36.0,10.6,16.021839141845703,13.216806598007707,171.97543535245154,171.97543535245154
2026-09-23T09:22:55.287654+07:00,full_training:iteration_4,0.0,289.0,10.65,36.0,9.5,16.018451690673828,13.216806598007707,171.97543535245154,171.97543535245154
2026-09-23T09:22:56.271816+07:00,full_training:iteration_4,0.0,289.0,10.62,36.0,8.2,16.01980972290039,13.216806598007707,171.97543535245154,171.97543535245154
2026-09-23T09:22:57.273452+07:00,full_training:iteration_4,0.0,289.0,10.61,36.0,9.8,16.01999282836914,13.216806598007707,171.97543535245154,171.97543535245154
2026-09-23T09:22:58.289135+07:00,full_training:iteration_4,0.0,289.0,10.65,36.0,11.4,16.020484924316406,13.216806598007707,171.97543535245154,171.97543535245154
2026-09-23T09:22:59.272260+07:00,full_training:iteration_4,0.0,289.0,10.72,36.0,9.9,16.020580291748047,13.216806598007707,171.97543535245154,171.97543535245154
2026-09-23T09:23:00.290434+07:00,full_training:iteration_4,0.0,289.0,10.77,36.0,11.1,16.021297454833984,13.216806598007707,171.97543535245154,171.97543535245154
2026-09-23T09:23:01.286512+07:00,full_training:iteration_4,0.0,289.0,10.71,36.0,6.0,16.038318634033203,13.216806598007707,171.97543535245154,171.97543535245154
2026-09-23T09:23:02.270923+07:00,full_training:iteration_4,0.0,289.0,10.66,36.0,8.6,16.030437469482422,13.216806598007707,171.97543535245154,171.97543535245154
2026-09-23T09:23:03.272320+07:00,full_training:iteration_4,0.0,289.0,10.53,36.0,9.4,16.04654312133789,13.216806598007707,171.97543535245154,171.97543535245154
2026-09-23T09:23:04.273099+07:00,full_training:iteration_4,0.0,289.0,10.59,36.0,9.1,16.04654312133789,13.216806598007707,171.97543535245154,171.97543535245154
2026-09-23T09:23:05.273155+07:00,full_training:iteration_4,0.0,289.0,10.74,36.0,6.4,16.05493927001953,13.216806598007707,171.97543535245154,171.97543535245154
2026-09-23T09:23:06.290375+07:00,full_training:iteration_4,0.0,289.0,10.86,36.0,9.0,16.056163787841797,13.216806598007707,171.97543535245154,171.97543535245154
2026-09-23T09:23:07.241879+07:00,full_training:iteration_4,0.0,289.0,10.83,36.0,9.1,16.067615509033203,13.216806598007707,171.97543535245154,171.97543535245154
2026-09-23T09:23:08.289003+07:00,full_training:iteration_4,0.0,289.0,10.67,36.0,8.9,16.062984466552734,13.216806598007707,171.97543535245154,171.97543535245154
2026-09-23T09:23:09.256082+07:00,full_training:iteration_4,0.0,289.0,10.66,36.0,8.2,16.060150146484375,13.216806598007707,171.97543535245154,171.97543535245154
2026-09-23T09:23:10.290467+07:00,full_training:iteration_4,0.0,289.0,10.57,36.0,10.6,16.11463165283203,13.216806598007707,171.97543535245154,171.97543535245154
2026-09-23T09:23:11.253856+07:00,full_training:iteration_4,0.0,289.0,10.59,36.0,8.7,16.11941909790039,13.216806598007707,171.97543535245154,171.97543535245154
2026-09-23T09:23:12.272247+07:00,full_training:iteration_4,0.0,289.0,10.78,36.0,8.1,16.117321014404297,13.216806598007707,171.97543535245154,171.97543535245154
2026-09-23T09:23:13.255728+07:00,full_training:iteration_4,0.0,289.0,10.79,36.0,8.0,16.108383178710938,13.216806598007707,171.97543535245154,171.97543535245154
2026-09-23T09:23:14.254399+07:00,full_training:iteration_4,0.0,289.0,12.99,37.0,32.8,16.128055572509766,13.216806598007707,171.97543535245154,171.97543535245154
2026-09-23T09:23:15.256957+07:00,full_training:iteration_4,3.0,289.0,16.74,37.0,31.0,16.12555694580078,13.253501114815625,171.81282525447097,171.81282525447097
2026-09-23T09:23:16.273869+07:00,full_training:iteration_4,5.0,289.0,16.7,37.0,31.8,16.121810913085938,13.279781792727972,171.80312822945695,171.80312822945695
2026-09-23T09:23:17.273962+07:00,full_training:iteration_4,4.0,289.0,15.44,37.0,32.5,16.076229095458984,13.330714014006057,171.50846939585986,171.50846939585986
2026-09-23T09:23:18.237089+07:00,full_training:iteration_4,4.0,289.0,16.19,37.0,29.7,16.027446746826172,13.330714014006057,171.50846939585986,171.50846939585986
2026-09-23T09:23:19.254117+07:00,full_training:iteration_4,2.0,289.0,17.68,37.0,41.9,16.020286560058594,13.345404866359361,171.194535877923,171.194535877923
2026-09-23T09:23:20.272212+07:00,full_training:iteration_4,3.0,289.0,16.64,37.0,26.5,16.018959045410156,13.341544305692876,171.94896219866524,171.94896219866524
2026-09-23T09:23:21.271557+07:00,full_training:iteration_4,4.0,289.0,17.34,37.0,34.7,16.01152801513672,13.374260155671577,171.898121663623,171.898121663623
2026-09-23T09:23:22.257467+07:00,full_training:iteration_4,4.0,289.0,16.61,37.0,30.5,16.010143280029297,13.408677390291528,171.53859695855715,171.53859695855715
2026-09-23T09:23:23.254747+07:00,full_training:iteration_4,3.0,289.0,17.43,37.0,38.9,16.096641540527344,13.408677390291528,171.53859695855715,171.53859695855715
2026-09-23T09:23:24.253052+07:00,full_training:iteration_4,3.0,289.0,15.88,37.0,47.7,16.10519027709961,13.438710651506398,171.17557692356274,171.17557692356274
2026-09-23T09:23:25.275030+07:00,full_training:iteration_4,1.0,289.0,16.19,37.0,42.6,16.098613739013672,13.46979196161104,170.94528113078283,170.94528113078283
2026-09-23T09:23:26.259239+07:00,full_training:iteration_4,3.0,289.0,17.52,37.0,35.2,16.125267028808594,13.491919716279648,170.71775747665848,170.71775747665848
2026-09-23T09:23:27.271125+07:00,full_training:iteration_4,3.0,289.0,16.34,37.0,31.5,16.133201599121094,13.520238838508451,170.6075852555962,170.6075852555962
2026-09-23T09:23:28.254220+07:00,full_training:iteration_4,3.0,289.0,18.43,37.0,32.3,16.138916015625,13.520238838508451,170.6075852555962,170.6075852555962
2026-09-23T09:23:29.270352+07:00,full_training:iteration_4,4.0,289.0,18.47,38.0,43.4,16.132938385009766,13.539413399085188,170.60396720532069,170.60396720532069
2026-09-23T09:23:30.271335+07:00,full_training:iteration_4,3.0,289.0,16.83,37.0,31.7,16.129913330078125,13.54475926762102,171.07904810441968,171.07904810441968
2026-09-23T09:23:31.293478+07:00,full_training:iteration_4,5.0,289.0,15.13,37.0,31.8,16.114360809326172,13.545691443759523,170.56763486602082,170.56763486602082
2026-09-23T09:23:32.239597+07:00,full_training:iteration_4,3.0,289.0,14.22,37.0,43.9,16.069332122802734,13.545691443759523,170.56763486602082,170.56763486602082
2026-09-23T09:23:33.254347+07:00,full_training:iteration_4,7.0,289.0,14.34,37.0,34.0,16.067485809326172,13.545691443759523,170.56763486602082,170.56763486602082
2026-09-23T09:23:34.255392+07:00,full_training:iteration_4,2.0,289.0,11.93,37.0,28.3,16.063892364501953,13.441069437824167,169.27258395171404,169.27258395171404
2026-09-23T09:23:35.271078+07:00,full_training:iteration_4,3.0,289.0,14.7,37.0,47.6,16.047996520996094,13.441069437824167,169.27258395171404,169.27258395171404
2026-09-23T09:23:36.315237+07:00,full_training:iteration_4,2.0,289.0,14.48,37.0,25.8,16.04831314086914,13.366482581437467,168.31325488094458,168.31325488094458
2026-09-23T09:23:37.264667+07:00,full_training:iteration_4,4.0,289.0,13.9,37.0,42.2,16.037670135498047,13.366482581437467,168.31325488094458,168.31325488094458
2026-09-23T09:23:38.255195+07:00,full_training:iteration_4,4.0,289.0,14.8,37.0,28.3,16.00817108154297,13.366482581437467,168.31325488094458,168.31325488094458
2026-09-23T09:23:39.254082+07:00,full_training:iteration_4,3.0,289.0,12.45,37.0,30.6,16.006744384765625,13.271620199084374,167.30450700453994,167.30450700453994
2026-09-23T09:23:40.254757+07:00,full_training:iteration_4,4.0,289.0,13.08,37.0,39.8,16.00383758544922,13.271620199084374,167.30450700453994,167.30450700453994
2026-09-23T09:23:41.273191+07:00,full_training:iteration_4,2.0,289.0,12.16,37.0,19.7,16.006797790527344,13.186164764050543,165.92366406927476,165.92366406927476
2026-09-23T09:23:42.271395+07:00,full_training:iteration_4,4.0,289.0,13.58,37.0,41.6,16.008209228515625,13.186164764050543,165.92366406927476,165.92366406927476
2026-09-23T09:23:43.255306+07:00,full_training:iteration_4,5.0,289.0,15.51,37.0,28.0,16.00806427001953,13.186164764050543,165.92366406927476,165.92366406927476
2026-09-23T09:23:44.266326+07:00,full_training:iteration_4,1.0,289.0,12.34,37.0,33.0,16.01218032836914,13.096906807490141,165.17977615992112,165.17977615992112
2026-09-23T09:23:45.255387+07:00,full_training:iteration_4,3.0,289.0,14.03,37.0,41.9,16.011913299560547,13.096906807490141,165.17977615992112,165.17977615992112
2026-09-23T09:23:46.260631+07:00,full_training:iteration_4,3.0,289.0,12.79,37.0,24.1,16.03628158569336,13.029220393504932,164.25286689071993,164.25286689071993
2026-09-23T09:23:47.254759+07:00,full_training:iteration_4,3.0,289.0,13.53,37.0,41.7,16.034759521484375,13.029220393504932,164.25286689071993,164.25286689071993
2026-09-23T09:23:48.269516+07:00,full_training:iteration_4,3.0,289.0,15.11,37.0,26.6,16.02416229248047,12.971802543593443,163.83001311492865,163.83001311492865
2026-09-23T09:23:49.254243+07:00,full_training:iteration_4,1.0,289.0,13.23,37.0,41.8,16.050979614257812,12.971802543593443,163.83001311492865,163.83001311492865
2026-09-23T09:23:50.254254+07:00,full_training:iteration_4,3.0,289.0,13.11,37.0,29.7,16.049842834472656,12.971802543593443,163.83001311492865,163.83001311492865
2026-09-23T09:23:51.256946+07:00,full_training:iteration_4,1.0,289.0,12.49,37.0,35.0,16.054752349853516,12.899431374678276,162.36843080342587,162.36843080342587
2026-09-23T09:23:52.259187+07:00,full_training:iteration_4,3.0,289.0,14.11,37.0,40.9,16.096981048583984,12.899431374678276,162.36843080342587,162.36843080342587
2026-09-23T09:23:53.255928+07:00,full_training:iteration_4,2.0,289.0,12.23,37.0,30.3,16.09937286376953,12.857297743013284,161.56505309497177,161.56505309497177
2026-09-23T09:23:54.272438+07:00,full_training:iteration_4,4.0,289.0,14.17,37.0,43.0,16.100479125976562,12.857297743013284,161.56505309497177,161.56505309497177
2026-09-23T09:23:55.238909+07:00,full_training:iteration_4,3.0,289.0,14.01,37.0,18.6,16.098068237304688,12.857297743013284,161.56505309497177,161.56505309497177
2026-09-23T09:23:56.241764+07:00,full_training:iteration_4,2.0,289.0,12.73,37.0,34.2,16.0963134765625,12.75978053574015,160.55852690477258,160.55852690477258
2026-09-23T09:23:57.255091+07:00,full_training:iteration_4,3.0,289.0,15.06,37.0,42.3,16.09161376953125,12.75978053574015,160.55852690477258,160.55852690477258
2026-09-23T09:23:58.259174+07:00,full_training:iteration_4,2.0,289.0,13.13,37.0,27.2,16.093032836914062,12.697638962087566,159.86327453268248,159.86327453268248
2026-09-23T09:23:59.255766+07:00,full_training:iteration_4,4.0,289.0,13.09,37.0,43.5,16.07640838623047,12.697638962087566,159.86327453268248,159.86327453268248
2026-09-23T09:24:00.266228+07:00,full_training:iteration_4,3.0,289.0,12.89,37.0,27.2,16.051956176757812,12.649340508180753,158.89839012894416,158.89839012894416
2026-09-23T09:24:01.266928+07:00,full_training:iteration_4,3.0,289.0,13.65,37.0,44.6,16.054306030273438,12.649340508180753,158.89839012894416,158.89839012894416
2026-09-23T09:24:02.255412+07:00,full_training:iteration_4,4.0,289.0,14.56,37.0,31.2,16.05565643310547,12.649340508180753,158.89839012894416,158.89839012894416
2026-09-23T09:24:03.270922+07:00,full_training:iteration_4,2.0,289.0,12.57,37.0,31.7,16.055095672607422,12.580719498300025,158.1055468164864,158.1055468164864
2026-09-23T09:24:04.271784+07:00,full_training:iteration_4,3.0,289.0,14.03,37.0,42.6,16.04821014404297,12.580719498300025,158.1055468164864,158.1055468164864
2026-09-23T09:24:05.259013+07:00,full_training:iteration_4,2.0,289.0,11.82,37.0,21.0,16.066925048828125,12.517798853921152,156.87235980407021,156.87235980407021
2026-09-23T09:24:06.255461+07:00,full_training:iteration_4,3.0,289.0,15.09,37.0,41.8,16.120220184326172,12.517798853921152,156.87235980407021,156.87235980407021
2026-09-23T09:24:07.270899+07:00,full_training:iteration_4,3.0,289.0,17.35,37.0,31.9,16.140155792236328,12.517798853921152,156.87235980407021,156.87235980407021
2026-09-23T09:24:08.271787+07:00,full_training:iteration_4,1.0,289.0,12.64,37.0,36.4,16.136920928955078,12.456379437691107,156.70468168746726,156.70468168746726
2026-09-23T09:24:09.271318+07:00,full_training:iteration_4,4.0,289.0,15.13,37.0,29.9,16.136844635009766,12.44384172007023,156.35687121268242,156.35687121268242
2026-09-23T09:24:10.273408+07:00,full_training:iteration_4,5.0,289.0,13.76,37.0,28.5,16.15959930419922,12.44384172007023,156.35687121268242,156.35687121268242
2026-09-23T09:24:11.270040+07:00,full_training:iteration_4,4.0,289.0,18.26,37.0,26.5,16.155784606933594,12.44384172007023,156.35687121268242,156.35687121268242
2026-09-23T09:24:12.257949+07:00,full_training:iteration_4,5.0,289.0,18.13,37.0,38.1,16.145462036132812,12.439130139262948,156.90113610794643,156.90113610794643
2026-09-23T09:24:13.273727+07:00,full_training:iteration_4,2.0,289.0,15.87,37.0,34.1,16.150623321533203,12.454474856438027,156.92082315770108,156.92082315770108
2026-09-23T09:24:14.259396+07:00,full_training:iteration_4,4.0,289.0,16.74,37.0,37.1,16.13385772705078,12.484268275261076,156.9482434675742,156.9482434675742
2026-09-23T09:24:15.272340+07:00,full_training:iteration_4,4.0,289.0,16.32,37.0,31.2,16.06591796875,12.508530426872309,156.71323317702084,156.71323317702084
2026-09-23T09:24:16.270891+07:00,full_training:iteration_4,3.0,289.0,17.76,37.0,39.3,16.056758880615234,12.508530426872309,156.71323317702084,156.71323317702084
2026-09-23T09:24:17.288368+07:00,full_training:iteration_4,1.0,289.0,15.2,37.0,38.7,16.176063537597656,12.517496732446169,156.77892537894644,156.77892537894644
2026-09-23T09:24:18.255050+07:00,full_training:iteration_4,5.0,289.0,17.17,37.0,33.4,16.163616180419922,12.52393470350494,157.16998228126997,157.16998228126997
2026-09-23T09:24:19.257109+07:00,full_training:iteration_4,4.0,289.0,17.76,38.0,35.5,16.15015411376953,12.52393470350494,157.16998228126997,157.16998228126997
2026-09-23T09:24:20.265597+07:00,full_training:iteration_4,1.0,289.0,12.43,37.0,34.8,16.152568817138672,12.542646465322367,157.05108608288262,157.05108608288262
2026-09-23T09:24:21.257667+07:00,full_training:iteration_4,3.0,289.0,14.84,37.0,40.0,16.156696319580078,12.542646465322367,157.05108608288262,157.05108608288262
2026-09-23T09:24:22.248409+07:00,full_training:iteration_4,3.0,289.0,13.23,37.0,18.5,16.158313751220703,12.474355803424924,156.41045024540125,156.41045024540125
2026-09-23T09:24:23.254449+07:00,full_training:iteration_4,3.0,289.0,13.3,37.0,40.2,16.13985824584961,12.474355803424924,156.41045024540125,156.41045024540125
2026-09-23T09:24:24.266115+07:00,full_training:iteration_4,6.0,289.0,14.88,37.0,31.2,16.136096954345703,12.439282191126642,155.9457406456494,155.9457406456494
2026-09-23T09:24:25.253850+07:00,full_training:iteration_4,2.0,289.0,12.46,37.0,42.2,16.136184692382812,12.439282191126642,155.9457406456494,155.9457406456494
2026-09-23T09:24:26.255016+07:00,full_training:iteration_4,3.0,289.0,13.04,37.0,31.5,16.12833023071289,12.439282191126642,155.9457406456494,155.9457406456494
2026-09-23T09:24:27.237416+07:00,full_training:iteration_4,12.0,289.0,12.37,37.0,37.8,16.153499603271484,12.406982281978703,155.09761767663545,155.09761767663545
2026-09-23T09:24:28.255637+07:00,full_training:iteration_4,3.0,289.0,13.12,37.0,34.2,16.172203063964844,12.406982281978703,155.09761767663545,155.09761767663545
2026-09-23T09:24:29.256126+07:00,full_training:iteration_4,1.0,289.0,12.2,37.0,33.8,16.163192749023438,12.371283163262078,154.4263313205871,154.4263313205871
2026-09-23T09:24:30.255439+07:00,full_training:iteration_4,4.0,289.0,13.41,37.0,39.0,16.15442657470703,12.371283163262078,154.4263313205871,154.4263313205871
2026-09-23T09:24:31.255545+07:00,full_training:iteration_4,2.0,289.0,11.68,37.0,29.5,16.154930114746094,12.337775650764556,153.54968573228166,153.54968573228166
2026-09-23T09:24:32.254924+07:00,full_training:iteration_4,4.0,289.0,13.47,37.0,41.3,16.1546630859375,12.337775650764556,153.54968573228166,153.54968573228166
2026-09-23T09:24:33.240407+07:00,full_training:iteration_4,3.0,289.0,12.4,37.0,26.5,16.176193237304688,12.304066530910571,153.13561177922315,153.13561177922315
2026-09-23T09:24:34.255545+07:00,full_training:iteration_4,4.0,289.0,12.78,37.0,44.2,16.170909881591797,12.304066530910571,153.13561177922315,153.13561177922315
2026-09-23T09:24:35.255100+07:00,full_training:iteration_4,2.0,289.0,11.95,37.0,29.3,16.173294067382812,12.291696248010043,152.38729550053097,152.38729550053097
2026-09-23T09:24:36.255478+07:00,full_training:iteration_4,3.0,289.0,14.66,37.0,38.8,16.16537857055664,12.291696248010043,152.38729550053097,152.38729550053097
2026-09-23T09:24:37.255544+07:00,full_training:iteration_4,3.0,289.0,12.17,37.0,30.7,16.156543731689453,12.265940712176088,151.89159702701895,151.89159702701895
2026-09-23T09:24:38.255123+07:00,full_training:iteration_4,4.0,289.0,14.97,37.0,42.5,16.155807495117188,12.265940712176088,151.89159702701895,151.89159702701895
2026-09-23T09:24:39.271523+07:00,full_training:iteration_4,2.0,289.0,13.3,37.0,29.1,16.151031494140625,12.228555309071512,151.63893843379986,151.63893843379986
2026-09-23T09:24:40.254259+07:00,full_training:iteration_4,3.0,289.0,13.71,37.0,42.2,16.175251007080078,12.228555309071512,151.63893843379986,151.63893843379986
2026-09-23T09:24:41.272622+07:00,full_training:iteration_4,3.0,289.0,12.49,37.0,26.9,16.15357208251953,12.216619700211314,151.16383486533127,151.16383486533127
2026-09-23T09:24:42.261148+07:00,full_training:iteration_4,4.0,289.0,14.79,37.0,40.9,16.145458221435547,12.216619700211314,151.16383486533127,151.16383486533127
2026-09-23T09:24:43.292248+07:00,full_training:iteration_4,3.0,289.0,12.45,37.0,14.8,16.13654327392578,12.1717504856037,150.41145570784104,150.41145570784104
2026-09-23T09:24:44.255419+07:00,full_training:iteration_4,7.0,289.0,12.71,37.0,44.0,16.131664276123047,12.1717504856037,150.41145570784104,150.41145570784104
2026-09-23T09:24:45.255047+07:00,full_training:iteration_4,6.0,289.0,14.49,37.0,29.5,16.126544952392578,12.1717504856037,150.41145570784104,150.41145570784104
2026-09-23T09:24:46.253993+07:00,full_training:iteration_4,4.0,289.0,12.5,37.0,37.0,16.119068145751953,12.145704389194487,150.26307689872047,150.26307689872047
2026-09-23T09:24:47.256769+07:00,full_training:iteration_4,4.0,289.0,13.99,37.0,43.6,16.06927490234375,12.145704389194487,150.26307689872047,150.26307689872047
2026-09-23T09:24:48.255268+07:00,full_training:iteration_4,2.0,289.0,11.99,37.0,27.3,16.08344268798828,12.105584280337547,149.5877737533403,149.5877737533403
2026-09-23T09:24:49.255116+07:00,full_training:iteration_4,3.0,289.0,14.17,37.0,40.1,16.074810028076172,12.105584280337547,149.5877737533403,149.5877737533403
2026-09-23T09:24:50.255425+07:00,full_training:iteration_4,2.0,289.0,12.11,37.0,28.4,16.067604064941406,12.087313623436566,148.98306062657903,148.98306062657903
2026-09-23T09:24:51.254698+07:00,full_training:iteration_4,3.0,289.0,14.57,37.0,39.2,16.064178466796875,12.087313623436566,148.98306062657903,148.98306062657903
2026-09-23T09:24:52.256467+07:00,full_training:iteration_4,2.0,289.0,13.29,37.0,31.0,16.058456420898438,12.075146004715242,148.57918288529163,148.57918288529163
2026-09-23T09:24:53.253658+07:00,full_training:iteration_4,4.0,289.0,14.42,37.0,37.2,16.01614761352539,12.075146004715242,148.57918288529163,148.57918288529163
2026-09-23T09:24:54.256083+07:00,full_training:iteration_4,1.0,289.0,11.92,37.0,26.2,16.014469146728516,12.047229494745904,148.02693564145682,148.02693564145682
2026-09-23T09:24:55.254783+07:00,full_training:iteration_4,3.0,289.0,13.54,37.0,41.3,16.01378631591797,12.047229494745904,148.02693564145682,148.02693564145682
2026-09-23T09:24:56.238969+07:00,full_training:iteration_4,2.0,289.0,12.01,37.0,27.2,16.012516021728516,12.02989495690342,147.35723568851697,147.35723568851697
2026-09-23T09:24:57.250737+07:00,full_training:iteration_4,3.0,289.0,14.57,37.0,42.2,15.997886657714844,12.02989495690342,147.35723568851697,147.35723568851697
2026-09-23T09:24:58.255221+07:00,full_training:iteration_4,3.0,289.0,13.59,37.0,28.0,15.997428894042969,12.003271830503266,147.07564517353316,147.07564517353316
2026-09-23T09:24:59.271514+07:00,full_training:iteration_4,3.0,289.0,13.96,37.0,41.2,16.00119400024414,12.003271830503266,147.07564517353316,147.07564517353316
2026-09-23T09:25:00.265887+07:00,full_training:iteration_4,4.0,289.0,13.58,37.0,27.0,16.002418518066406,11.980771488996554,146.70718970000303,146.70718970000303
2026-09-23T09:25:01.255489+07:00,full_training:iteration_4,3.0,289.0,14.48,37.0,41.4,16.00564193725586,11.980771488996554,146.70718970000303,146.70718970000303
2026-09-23T09:25:02.255582+07:00,full_training:iteration_4,2.0,289.0,14.05,37.0,31.5,15.986228942871094,11.969569295689112,146.45685409024568,146.45685409024568
2026-09-23T09:25:03.256389+07:00,full_training:iteration_4,3.0,289.0,13.68,37.0,41.9,15.980430603027344,11.969569295689112,146.45685409024568,146.45685409024568
2026-09-23T09:25:04.255355+07:00,full_training:iteration_4,3.0,289.0,13.48,37.0,26.6,15.981273651123047,11.969569295689112,146.45685409024568,146.45685409024568
2026-09-23T09:25:05.256610+07:00,full_training:iteration_4,6.0,289.0,12.44,37.0,39.2,15.98764419555664,11.929898784006374,145.89488175962578,145.89488175962578
2026-09-23T09:25:06.243170+07:00,full_training:iteration_4,5.0,289.0,13.07,37.0,29.8,15.983901977539062,11.929898784006374,145.89488175962578,145.89488175962578
2026-09-23T09:25:07.238908+07:00,full_training:iteration_4,1.0,289.0,12.17,37.0,32.2,15.986778259277344,11.902126709085396,145.2616032778987,145.2616032778987
2026-09-23T09:25:08.255195+07:00,full_training:iteration_4,4.0,289.0,14.13,37.0,41.1,15.990856170654297,11.902126709085396,145.2616032778987,145.2616032778987
2026-09-23T09:25:09.255902+07:00,full_training:iteration_4,3.0,289.0,12.61,37.0,19.7,16.006282806396484,11.863282336548712,144.89728308129622,144.89728308129622
2026-09-23T09:25:10.255587+07:00,full_training:iteration_4,3.0,289.0,13.33,37.0,42.3,15.996261596679688,11.863282336548712,144.89728308129622,144.89728308129622
2026-09-23T09:25:11.271889+07:00,full_training:iteration_4,4.0,289.0,13.87,37.0,25.9,15.986129760742188,11.863282336548712,144.89728308129622,144.89728308129622
2026-09-23T09:25:12.238870+07:00,full_training:iteration_4,7.0,289.0,12.77,37.0,43.6,15.995460510253906,11.835904387460975,144.58690434171743,144.58690434171743
2026-09-23T09:25:13.255305+07:00,full_training:iteration_4,4.0,289.0,12.7,37.0,33.5,15.995914459228516,11.835904387460975,144.58690434171743,144.58690434171743
2026-09-23T09:25:14.255642+07:00,full_training:iteration_4,2.0,289.0,12.09,37.0,20.7,15.988330841064453,11.786889286504014,143.80834992160706,143.80834992160706
2026-09-23T09:25:15.255357+07:00,full_training:iteration_4,4.0,289.0,13.63,37.0,41.9,15.985702514648438,11.786889286504014,143.80834992160706,143.80834992160706
2026-09-23T09:25:16.271210+07:00,full_training:iteration_4,4.0,289.0,12.95,37.0,29.8,15.98636245727539,11.77030356469178,143.41250640517987,143.41250640517987
2026-09-23T09:25:17.255522+07:00,full_training:iteration_4,3.0,289.0,14.32,37.0,47.1,15.997806549072266,11.77030356469178,143.41250640517987,143.41250640517987
2026-09-23T09:25:18.271825+07:00,full_training:iteration_4,3.0,289.0,14.42,37.0,30.6,15.983070373535156,11.77030356469178,143.41250640517987,143.41250640517987
2026-09-23T09:25:19.249531+07:00,full_training:iteration_4,3.0,289.0,13.07,37.0,36.5,15.980712890625,11.73451251190223,143.00622227178627,143.00622227178627
2026-09-23T09:25:20.255688+07:00,full_training:iteration_4,4.0,289.0,13.43,37.0,37.1,15.982574462890625,11.73451251190223,143.00622227178627,143.00622227178627
2026-09-23T09:25:21.255598+07:00,full_training:iteration_4,5.0,289.0,13.65,37.0,33.5,15.979873657226562,11.71623393561224,142.78857102977358,142.78857102977358
2026-09-23T09:25:22.255340+07:00,full_training:iteration_4,4.0,289.0,14.81,37.0,41.7,15.974246978759766,11.71623393561224,142.78857102977358,142.78857102977358
2026-09-23T09:25:23.278746+07:00,full_training:iteration_4,2.0,289.0,11.99,37.0,16.7,15.972911834716797,11.671996026776217,142.1345324383934,142.1345324383934
2026-09-23T09:25:24.255529+07:00,full_training:iteration_4,3.0,289.0,12.73,37.0,41.4,15.974468231201172,11.671996026776217,142.1345324383934,142.1345324383934
2026-09-23T09:25:25.255554+07:00,full_training:iteration_4,5.0,289.0,14.2,37.0,32.3,15.972511291503906,11.671996026776217,142.1345324383934,142.1345324383934
2026-09-23T09:25:26.261138+07:00,full_training:iteration_4,2.0,289.0,12.35,37.0,36.4,15.971138000488281,11.648220276949171,141.75170920703655,141.75170920703655
2026-09-23T09:25:27.254175+07:00,full_training:iteration_4,4.0,289.0,14.39,37.0,41.8,15.971359252929688,11.648220276949171,141.75170920703655,141.75170920703655
2026-09-23T09:25:28.266727+07:00,full_training:iteration_4,2.0,289.0,13.03,37.0,24.3,15.97067642211914,11.608983408032298,141.3511388543554,141.3511388543554
2026-09-23T09:25:29.256147+07:00,full_training:iteration_4,3.0,289.0,13.11,37.0,41.9,15.97305679321289,11.608983408032298,141.3511388543554,141.3511388543554
2026-09-23T09:25:30.254976+07:00,full_training:iteration_4,5.0,289.0,13.55,37.0,24.5,15.972023010253906,11.608983408032298,141.3511388543554,141.3511388543554
2026-09-23T09:25:31.237777+07:00,full_training:iteration_4,7.0,289.0,12.82,37.0,41.9,15.983131408691406,11.583644298053155,140.93563466929973,140.93563466929973
2026-09-23T09:25:32.253945+07:00,full_training:iteration_4,4.0,289.0,18.2,37.0,42.4,15.980571746826172,11.583644298053155,140.93563466929973,140.93563466929973
2026-09-23T09:25:33.263304+07:00,full_training:iteration_4,2.0,289.0,15.36,37.0,13.8,15.980777740478516,11.583644298053155,140.93563466929973,140.93563466929973
2026-09-23T09:25:34.269148+07:00,full_training:iteration_4,8.0,289.0,12.86,37.0,38.5,16.00299072265625,11.524524810936988,140.77975358213595,140.77975358213595
2026-09-23T09:25:35.250196+07:00,full_training:iteration_4,3.0,289.0,16.12,37.0,35.7,16.001808166503906,11.524524810936988,140.77975358213595,140.77975358213595
2026-09-23T09:25:36.254120+07:00,full_training:iteration_4,3.0,289.0,13.78,37.0,34.6,16.000137329101562,11.50838526616427,140.74907609462826,140.74907609462826
2026-09-23T09:25:37.252178+07:00,full_training:iteration_4,3.0,289.0,13.78,37.0,38.6,15.982864379882812,11.50838526616427,140.74907609462826,140.74907609462826
2026-09-23T09:25:38.270555+07:00,full_training:iteration_4,2.0,289.0,12.4,37.0,31.3,15.98068618774414,11.492774321722434,140.21940776075166,140.21940776075166
2026-09-23T09:25:39.241994+07:00,full_training:iteration_4,4.0,289.0,13.83,37.0,44.4,15.996498107910156,11.492774321722434,140.21940776075166,140.21940776075166
2026-09-23T09:25:40.257285+07:00,full_training:iteration_4,3.0,289.0,12.37,37.0,33.2,16.015926361083984,11.480396032970122,139.87324343176212,139.87324343176212
2026-09-23T09:25:41.271948+07:00,full_training:iteration_4,4.0,289.0,15.42,38.0,41.9,16.016483306884766,11.480396032970122,139.87324343176212,139.87324343176212
2026-09-23T09:25:42.273173+07:00,full_training:iteration_4,5.0,289.0,18.17,37.0,34.1,16.01544189453125,11.465903653570708,140.07015937313358,140.07015937313358
2026-09-23T09:25:43.277503+07:00,full_training:iteration_4,3.0,289.0,17.55,37.0,25.3,16.02193832397461,11.473966806659217,140.3747306804379,140.3747306804379
2026-09-23T09:25:44.271188+07:00,full_training:iteration_4,5.0,289.0,16.82,38.0,39.7,16.018238067626953,11.473966806659217,140.3747306804379,140.3747306804379
2026-09-23T09:25:45.273969+07:00,full_training:iteration_4,1.0,289.0,15.59,38.0,38.4,16.010894775390625,11.496553221884414,140.30585161208103,140.30585161208103
2026-09-23T09:25:46.258173+07:00,full_training:iteration_4,4.0,289.0,17.04,37.0,31.9,16.007755279541016,11.509170389680985,140.67944863896366,140.67944863896366
2026-09-23T09:25:47.282623+07:00,full_training:iteration_4,4.0,289.0,17.36,38.0,31.5,15.977470397949219,11.526081620544055,140.77139052635357,140.77139052635357
2026-09-23T09:25:48.254393+07:00,full_training:iteration_4,5.0,289.0,16.77,38.0,39.6,15.958820343017578,11.526081620544055,140.77139052635357,140.77139052635357
2026-09-23T09:25:49.255651+07:00,full_training:iteration_4,2.0,289.0,16.45,38.0,33.6,15.943031311035156,11.546266001521055,140.96247955253205,140.96247955253205
2026-09-23T09:25:50.276693+07:00,full_training:iteration_4,4.0,289.0,15.58,37.0,19.4,15.972434997558594,11.546941197114265,140.8835078621663,140.8835078621663
2026-09-23T09:25:51.270126+07:00,full_training:iteration_4,6.0,289.0,16.24,38.0,36.5,15.954578399658203,11.546941197114265,140.8835078621663,140.8835078621663
2026-09-23T09:25:52.272051+07:00,full_training:iteration_4,3.0,289.0,17.82,38.0,35.3,15.950424194335938,11.569884020918572,141.15258505520657,141.15258505520657
2026-09-23T09:25:53.271968+07:00,full_training:iteration_4,4.0,289.0,17.18,37.0,28.4,15.94797134399414,11.58139210924421,141.4860069346001,141.4860069346001
2026-09-23T09:25:54.281157+07:00,full_training:iteration_4,3.0,289.0,17.03,37.0,25.7,15.95357894897461,11.595970274130021,141.53842122021706,141.53842122021706
2026-09-23T09:25:55.253685+07:00,full_training:iteration_4,6.0,289.0,16.75,38.0,37.7,15.945781707763672,11.595970274130021,141.53842122021706,141.53842122021706
2026-09-23T09:25:56.275583+07:00,full_training:iteration_4,1.0,289.0,16.73,38.0,32.9,15.943553924560547,11.614614686803902,141.4362621403419,141.4362621403419
2026-09-23T09:25:57.274439+07:00,full_training:iteration_4,5.0,289.0,18.1,38.0,33.0,15.941871643066406,11.636940141282983,141.85782666773693,141.85782666773693
2026-09-23T09:25:58.273514+07:00,full_training:iteration_4,4.0,289.0,15.49,37.0,26.2,15.941673278808594,11.651193281303023,141.74799633286457,141.74799633286457
2026-09-23T09:25:59.284852+07:00,full_training:iteration_4,5.0,289.0,18.94,38.0,31.5,15.945518493652344,11.651193281303023,141.74799633286457,141.74799633286457
2026-09-23T09:26:00.256809+07:00,full_training:iteration_4,4.0,289.0,17.09,38.0,38.3,15.943832397460938,11.66699462973407,141.97754392980278,141.97754392980278
2026-09-23T09:26:01.273146+07:00,full_training:iteration_4,4.0,289.0,16.85,38.0,29.6,15.942878723144531,11.681476730852921,142.25326886794912,142.25326886794912
2026-09-23T09:26:02.272437+07:00,full_training:iteration_4,6.0,289.0,16.39,37.0,31.7,15.943031311035156,11.703809884069141,142.53716865911898,142.53716865911898
2026-09-23T09:26:03.254166+07:00,full_training:iteration_4,4.0,289.0,17.36,38.0,29.1,15.94381332397461,11.703809884069141,142.53716865911898,142.53716865911898
2026-09-23T09:26:04.254326+07:00,full_training:iteration_4,8.0,289.0,16.28,38.0,29.8,15.959587097167969,11.717642672003883,142.59337222181196,142.59337222181196
2026-09-23T09:26:05.253996+07:00,full_training:iteration_4,4.0,289.0,16.42,38.0,34.9,15.959835052490234,11.748072047003927,142.72189982716932,142.72189982716932
2026-09-23T09:26:06.254073+07:00,full_training:iteration_4,1.0,289.0,16.09,38.0,32.6,15.955440521240234,11.768288497113838,142.62549875964334,142.62549875964334
2026-09-23T09:26:07.255093+07:00,full_training:iteration_4,1.0,289.0,15.81,38.0,28.9,15.950031280517578,11.791784048501281,142.58857017492633,142.58857017492633
2026-09-23T09:26:08.273912+07:00,full_training:iteration_4,3.0,289.0,14.63,38.0,28.5,15.946773529052734,11.813822111381405,142.44482063033442,142.44482063033442
2026-09-23T09:26:09.257333+07:00,full_training:iteration_4,5.0,289.0,14.86,37.0,26.7,15.947540283203125,11.83385740399838,142.61150612664218,142.61150612664218
2026-09-23T09:26:10.272920+07:00,full_training:iteration_4,5.0,289.0,17.72,38.0,30.0,15.943599700927734,11.851406023511519,142.77914069291276,142.77914069291276
2026-09-23T09:26:11.268046+07:00,full_training:iteration_4,3.0,289.0,17.79,38.0,30.6,15.945838928222656,11.851406023511519,142.77914069291276,142.77914069291276
2026-09-23T09:26:12.272810+07:00,full_training:iteration_4,3.0,289.0,17.74,38.0,37.6,15.944339752197266,11.870131423059979,142.81042296839675,142.81042296839675
2026-09-23T09:26:13.256241+07:00,full_training:iteration_4,2.0,289.0,18.52,38.0,34.3,15.945384979248047,11.88895763000166,143.12167645824468,143.12167645824468
2026-09-23T09:26:14.274488+07:00,full_training:iteration_4,3.0,289.0,17.22,38.0,31.2,15.941810607910156,11.910424192194718,143.41082268959372,143.41082268959372
2026-09-23T09:26:15.271215+07:00,full_training:iteration_4,4.0,289.0,16.16,38.0,20.5,15.939994812011719,11.931542903841716,143.57291862542203,143.57291862542203
2026-09-23T09:26:16.254271+07:00,full_training:iteration_4,0.0,289.0,13.02,37.0,8.0,15.94082260131836,11.931542903841716,143.57291862542203,143.57291862542203
2026-09-23T09:26:17.254492+07:00,full_training:iteration_4,0.0,289.0,10.87,37.0,8.1,15.896907806396484,11.931542903841716,143.57291862542203,143.57291862542203
2026-09-23T09:26:18.254630+07:00,full_training:iteration_4,0.0,289.0,10.47,37.0,8.4,15.906085968017578,11.931542903841716,143.57291862542203,143.57291862542203
2026-09-23T09:26:19.254381+07:00,full_training:iteration_4,0.0,289.0,10.51,37.0,7.7,15.917316436767578,11.931542903841716,143.57291862542203,143.57291862542203
2026-09-23T09:26:20.288399+07:00,full_training:iteration_4,0.0,289.0,10.56,37.0,13.3,15.949748992919922,11.931542903841716,143.57291862542203,143.57291862542203
2026-09-23T09:26:21.289889+07:00,full_training:iteration_4,0.0,289.0,10.79,37.0,7.2,15.951309204101562,11.931542903841716,143.57291862542203,143.57291862542203
2026-09-23T09:26:22.267173+07:00,full_training:iteration_4,0.0,289.0,10.8,37.0,8.8,15.945884704589844,11.931542903841716,143.57291862542203,143.57291862542203
2026-09-23T09:26:23.286092+07:00,full_training:iteration_4,0.0,289.0,10.66,37.0,7.9,15.944091796875,11.931542903841716,143.57291862542203,143.57291862542203
2026-09-23T09:26:24.285643+07:00,full_training:iteration_4,0.0,289.0,10.62,37.0,7.2,15.944129943847656,11.931542903841716,143.57291862542203,143.57291862542203
2026-09-23T09:26:25.286280+07:00,full_training:iteration_4,0.0,289.0,10.58,37.0,6.5,15.944129943847656,11.931542903841716,143.57291862542203,143.57291862542203
2026-09-23T09:26:26.286228+07:00,full_training:iteration_4,0.0,289.0,10.6,37.0,7.9,15.94293212890625,11.931542903841716,143.57291862542203,143.57291862542203
2026-09-23T09:26:27.285987+07:00,full_training:iteration_4,0.0,289.0,10.66,37.0,6.8,15.943504333496094,11.931542903841716,143.57291862542203,143.57291862542203
2026-09-23T09:26:28.300693+07:00,full_training:iteration_4,0.0,289.0,10.66,37.0,7.2,15.92690658569336,11.931542903841716,143.57291862542203,143.57291862542203
2026-09-23T09:26:29.287666+07:00,full_training:iteration_4,0.0,289.0,10.57,37.0,7.1,15.92752456665039,11.931542903841716,143.57291862542203,143.57291862542203
2026-09-23T09:26:30.254258+07:00,full_training:iteration_4,0.0,289.0,10.58,37.0,6.5,15.930469512939453,11.931542903841716,143.57291862542203,143.57291862542203
2026-09-23T09:26:31.256514+07:00,full_training:iteration_4,0.0,289.0,10.56,37.0,5.8,15.930736541748047,11.931542903841716,143.57291862542203,143.57291862542203
2026-09-23T09:26:32.268715+07:00,full_training:iteration_4,0.0,289.0,10.59,37.0,6.1,15.929023742675781,11.931542903841716,143.57291862542203,143.57291862542203
2026-09-23T09:26:33.274389+07:00,full_training:iteration_4,0.0,289.0,10.66,37.0,5.1,15.930767059326172,11.931542903841716,143.57291862542203,143.57291862542203
2026-09-23T09:26:34.286573+07:00,full_training:iteration_4,0.0,289.0,10.75,37.0,4.5,15.93265151977539,11.931542903841716,143.57291862542203,143.57291862542203
2026-09-23T09:26:35.291203+07:00,full_training:iteration_4,0.0,289.0,10.74,37.0,5.4,15.927726745605469,11.931542903841716,143.57291862542203,143.57291862542203
2026-09-23T09:26:36.252964+07:00,full_training:iteration_4,0.0,289.0,10.69,37.0,9.4,15.778785705566406,11.931542903841716,143.57291862542203,143.57291862542203
2026-09-23T09:26:37.281080+07:00,full_training:iteration_4,0.0,289.0,10.55,37.0,7.8,15.723007202148438,11.931542903841716,143.57291862542203,143.57291862542203
2026-09-23T09:26:38.287586+07:00,full_training:iteration_4,0.0,289.0,10.53,37.0,6.8,15.723621368408203,11.931542903841716,143.57291862542203,143.57291862542203
2026-09-23T09:26:39.240206+07:00,full_training:iteration_4,0.0,289.0,10.58,37.0,7.4,15.722480773925781,11.931542903841716,143.57291862542203,143.57291862542203
2026-09-23T09:26:40.271162+07:00,full_training:iteration_4,0.0,289.0,10.71,37.0,6.2,15.728565216064453,11.931542903841716,143.57291862542203,143.57291862542203
2026-09-23T09:26:41.237095+07:00,full_training:iteration_4,0.0,289.0,10.7,37.0,7.3,15.732200622558594,11.931542903841716,143.57291862542203,143.57291862542203
2026-09-23T09:26:42.253943+07:00,full_training:iteration_4,0.0,289.0,10.66,37.0,7.2,15.731372833251953,11.931542903841716,143.57291862542203,143.57291862542203
2026-09-23T09:26:43.304964+07:00,full_training:iteration_4,0.0,289.0,10.61,37.0,7.3,15.730979919433594,11.931542903841716,143.57291862542203,143.57291862542203
2026-09-23T09:26:44.287621+07:00,full_training:iteration_4,0.0,289.0,10.56,37.0,6.0,15.728282928466797,11.931542903841716,143.57291862542203,143.57291862542203
2026-09-23T09:26:45.254283+07:00,full_training:iteration_4,0.0,289.0,10.55,37.0,7.0,15.729633331298828,11.931542903841716,143.57291862542203,143.57291862542203
2026-09-23T09:26:46.272208+07:00,full_training:iteration_4,0.0,289.0,10.54,37.0,6.4,15.73040771484375,11.931542903841716,143.57291862542203,143.57291862542203
2026-09-23T09:26:47.248562+07:00,full_training:iteration_4,0.0,289.0,10.72,37.0,7.1,15.73604965209961,11.931542903841716,143.57291862542203,143.57291862542203
2026-09-23T09:26:48.270894+07:00,full_training:iteration_4,0.0,289.0,10.65,37.0,6.1,15.733596801757812,11.931542903841716,143.57291862542203,143.57291862542203
2026-09-23T09:26:49.238178+07:00,full_training:iteration_4,0.0,289.0,10.55,37.0,7.1,15.732452392578125,11.931542903841716,143.57291862542203,143.57291862542203
2026-09-23T09:26:50.252749+07:00,full_training:iteration_4,0.0,289.0,10.4,37.0,6.4,15.734004974365234,11.931542903841716,143.57291862542203,143.57291862542203
2026-09-23T09:26:51.271491+07:00,full_training:iteration_4,0.0,289.0,10.43,37.0,5.8,15.732269287109375,11.931542903841716,143.57291862542203,143.57291862542203
2026-09-23T09:26:52.273951+07:00,full_training:iteration_4,0.0,289.0,10.69,37.0,6.7,15.759147644042969,11.931542903841716,143.57291862542203,143.57291862542203
2026-09-23T09:26:53.252980+07:00,full_training:iteration_4,10.0,289.0,14.49,38.0,39.7,15.758167266845703,11.931542903841716,143.57291862542203,143.57291862542203
2026-09-23T09:26:54.254634+07:00,full_training:iteration_4,4.0,289.0,17.95,38.0,37.2,15.75528335571289,11.952508074794835,143.85933061293122,143.85933061293122
2026-09-23T09:26:55.257315+07:00,full_training:iteration_4,2.0,289.0,15.71,38.0,29.7,15.753257751464844,11.968390170304307,143.9034517015215,143.9034517015215
2026-09-23T09:26:56.273271+07:00,full_training:iteration_4,4.0,289.0,15.5,37.0,24.4,15.74930191040039,11.979861005246427,144.04309925078675,144.04309925078675
2026-09-23T09:26:57.269736+07:00,full_training:iteration_4,3.0,289.0,19.29,38.0,35.2,15.74884033203125,11.979861005246427,144.04309925078675,144.04309925078675
2026-09-23T09:26:58.254238+07:00,full_training:iteration_4,5.0,289.0,17.75,38.0,37.6,15.747962951660156,11.995078868962059,144.4526929988564,144.4526929988564
2026-09-23T09:26:59.273752+07:00,full_training:iteration_4,2.0,289.0,16.06,38.0,31.7,15.737445831298828,12.009979051350518,144.66182064365907,144.66182064365907
2026-09-23T09:27:00.257494+07:00,full_training:iteration_4,4.0,289.0,15.67,37.0,26.6,15.740772247314453,12.025123434836196,144.6538302649153,144.6538302649153
2026-09-23T09:27:01.272747+07:00,full_training:iteration_4,4.0,289.0,17.53,37.0,29.1,15.740764617919922,12.040253274795944,144.95949851805128,144.95949851805128
2026-09-23T09:27:02.254123+07:00,full_training:iteration_4,3.0,289.0,18.17,38.0,39.7,15.73952865600586,12.040253274795944,144.95949851805128,144.95949851805128
2026-09-23T09:27:03.256112+07:00,full_training:iteration_4,2.0,289.0,18.09,38.0,32.4,15.739112854003906,12.051048342064284,145.15744133300302,145.15744133300302
2026-09-23T09:27:04.273169+07:00,full_training:iteration_4,4.0,289.0,18.31,38.0,34.9,15.732479095458984,12.073713532079749,145.36367800130935,145.36367800130935
2026-09-23T09:27:05.258187+07:00,full_training:iteration_4,5.0,289.0,16.71,38.0,26.8,15.750690460205078,12.086470761950002,145.36525611405287,145.36525611405287
2026-09-23T09:27:06.273021+07:00,full_training:iteration_4,4.0,289.0,17.48,38.0,31.4,15.751148223876953,12.105356412844484,145.5906779254749,145.5906779254749
2026-09-23T09:27:07.269611+07:00,full_training:iteration_4,2.0,289.0,18.55,38.0,35.8,15.748950958251953,12.105356412844484,145.5906779254749,145.5906779254749
2026-09-23T09:27:08.271612+07:00,full_training:iteration_4,1.0,289.0,17.05,38.0,34.9,15.745758056640625,12.118908977654637,145.66676113870508,145.66676113870508
2026-09-23T09:27:09.257574+07:00,full_training:iteration_4,3.0,289.0,15.46,38.0,27.8,15.742473602294922,12.131759204856104,145.76968702622437,145.76968702622437
2026-09-23T09:27:10.273264+07:00,full_training:iteration_4,6.0,289.0,16.7,37.0,29.4,15.742351531982422,12.142219933156134,146.06652458249036,146.06652458249036
2026-09-23T09:27:11.269777+07:00,full_training:iteration_4,4.0,289.0,18.99,38.0,36.4,15.645130157470703,12.142219933156134,146.06652458249036,146.06652458249036
2026-09-23T09:27:12.272623+07:00,full_training:iteration_4,2.0,289.0,16.7,38.0,34.9,15.631355285644531,12.150823063346866,146.29902527835353,146.29902527835353
2026-09-23T09:27:13.271302+07:00,full_training:iteration_4,4.0,289.0,16.94,37.0,28.5,15.631229400634766,12.16242068153162,146.30895654548598,146.30895654548598
2026-09-23T09:27:14.254170+07:00,full_training:iteration_4,4.0,289.0,15.87,38.0,24.1,15.630756378173828,12.16242068153162,146.30895654548598,146.30895654548598
2026-09-23T09:27:15.256122+07:00,full_training:iteration_4,5.0,289.0,16.49,38.0,38.0,15.629474639892578,12.16849268442965,146.29060735618762,146.29060735618762
2026-09-23T09:27:16.273718+07:00,full_training:iteration_4,3.0,289.0,14.78,37.0,31.7,15.707775115966797,12.174435582343856,146.36069564864746,146.36069564864746
2026-09-23T09:27:17.274879+07:00,full_training:iteration_4,4.0,289.0,17.26,37.0,33.8,15.728824615478516,12.195144349098419,146.54396322612587,146.54396322612587
2026-09-23T09:27:18.254422+07:00,full_training:iteration_4,3.0,289.0,19.29,38.0,34.8,15.741931915283203,12.195144349098419,146.54396322612587,146.54396322612587
2026-09-23T09:27:19.257039+07:00,full_training:iteration_4,1.0,289.0,16.07,38.0,31.6,15.763168334960938,12.194750048528526,146.70894045882244,146.70894045882244
2026-09-23T09:27:20.273098+07:00,full_training:iteration_4,5.0,289.0,17.72,38.0,31.5,15.750167846679688,12.212625629110153,146.84922827361356,146.84922827361356
2026-09-23T09:27:21.235802+07:00,full_training:iteration_4,3.0,289.0,14.45,37.0,25.6,15.751350402832031,12.212625629110153,146.84922827361356,146.84922827361356
2026-09-23T09:27:22.271234+07:00,full_training:iteration_4,0.0,289.0,12.55,37.0,34.8,15.750675201416016,12.211378396635933,146.58188003585633,146.58188003585633
2026-09-23T09:27:23.255111+07:00,full_training:iteration_4,5.0,289.0,12.53,37.0,18.0,15.748973846435547,12.211378396635933,146.58188003585633,146.58188003585633
2026-09-23T09:27:24.271164+07:00,full_training:iteration_4,6.0,289.0,12.49,37.0,42.0,15.748554229736328,12.2029880291256,146.27355059739568,146.27355059739568
2026-09-23T09:27:25.250635+07:00,full_training:iteration_4,4.0,289.0,13.64,37.0,26.9,15.800590515136719,12.192735868969288,146.05881509702795,146.05881509702795
2026-09-23T09:27:26.277080+07:00,full_training:iteration_4,6.0,289.0,12.8,37.0,41.8,15.799640655517578,12.192735868969288,146.05881509702795,146.05881509702795
2026-09-23T09:27:27.254854+07:00,full_training:iteration_4,4.0,289.0,13.69,37.0,22.0,15.79397201538086,12.192735868969288,146.05881509702795,146.05881509702795
2026-09-23T09:27:28.257047+07:00,full_training:iteration_4,1.0,289.0,13.06,37.0,29.8,15.8026123046875,12.166438364101127,145.87262856158128,145.87262856158128
2026-09-23T09:27:29.255142+07:00,full_training:iteration_4,4.0,289.0,13.94,37.0,27.5,15.801094055175781,12.166438364101127,145.87262856158128,145.87262856158128
2026-09-23T09:27:30.281330+07:00,full_training:iteration_4,6.0,289.0,12.88,37.0,36.0,15.795089721679688,12.161753205666939,145.56024570986466,145.56024570986466
2026-09-23T09:27:31.255290+07:00,full_training:iteration_4,4.0,289.0,14.17,37.0,17.7,15.788158416748047,12.161753205666939,145.56024570986466,145.56024570986466
2026-09-23T09:27:32.271045+07:00,full_training:iteration_4,6.0,289.0,12.64,37.0,36.1,15.786033630371094,12.148578677178087,145.31930271768434,145.31930271768434
2026-09-23T09:27:33.270537+07:00,full_training:iteration_4,4.0,289.0,15.79,38.0,22.5,15.77999496459961,12.148578677178087,145.31930271768434,145.31930271768434
2026-09-23T09:27:34.255242+07:00,full_training:iteration_4,4.0,289.0,13.31,37.0,36.3,15.751720428466797,12.138403102783123,145.29026579251925,145.29026579251925
2026-09-23T09:27:35.263787+07:00,full_training:iteration_4,1.0,289.0,12.41,37.0,24.5,15.747978210449219,12.144249122634532,145.0801971741335,145.0801971741335
2026-09-23T09:27:36.249063+07:00,full_training:iteration_4,5.0,289.0,16.11,38.0,40.6,15.739887237548828,12.144249122634532,145.0801971741335,145.0801971741335
2026-09-23T09:27:37.277717+07:00,full_training:iteration_4,5.0,289.0,15.24,38.0,18.9,15.754589080810547,12.125950834319523,145.03503337191458,145.03503337191458
2026-09-23T09:28:53.219991+07:00,final_benchmark:idle,0.0,175.0,10.76,37.0,0.0,11.962821960449219,0.0,0.0,0.0
2026-09-23T09:28:54.264285+07:00,final_benchmark:RandomAgent,0.0,183.0,24.13,38.0,9.9,12.202983856201172,2.24290253121603,0.0,0.0
2026-09-23T09:28:55.304746+07:00,final_benchmark:RandomAgent,0.0,183.0,23.93,38.0,11.6,12.204082489013672,1.8729014431928206,0.0,0.0
2026-09-23T09:28:56.262391+07:00,final_benchmark:RandomAgent,0.0,183.0,23.81,38.0,8.0,12.195484161376953,1.9054353037498162,0.0,0.0
2026-09-23T09:28:57.363937+07:00,final_benchmark:RandomAgent,0.0,183.0,24.0,38.0,7.4,12.182418823242188,1.7013367913599384,0.0,0.0
2026-09-23T09:28:58.270351+07:00,final_benchmark:RandomAgent,0.0,183.0,24.23,38.0,8.3,12.160404205322266,1.5990768848942631,0.0,0.0
2026-09-23T09:28:59.278361+07:00,final_benchmark:RandomAgent,0.0,183.0,24.17,38.0,7.6,12.163349151611328,1.717467140602292,0.0,0.0
2026-09-23T09:29:00.348018+07:00,final_benchmark:RandomAgent,0.0,183.0,19.48,37.0,9.2,12.153339385986328,1.8357875600649263,0.0,0.0
2026-09-23T09:29:01.271317+07:00,final_benchmark:RandomAgent,0.0,183.0,12.55,37.0,8.6,12.154949188232422,1.8357875600649263,0.0,0.0
2026-09-23T09:29:02.346018+07:00,final_benchmark:RandomAgent,1.0,183.0,11.59,37.0,8.1,12.153385162353516,1.6861081493370753,0.0,0.0
2026-09-23T09:29:03.246287+07:00,final_benchmark:RandomAgent,0.0,183.0,11.32,37.0,7.9,12.160587310791016,1.7862274717028388,0.0,0.0
2026-09-23T09:29:04.303284+07:00,final_benchmark:RandomAgent,0.0,183.0,11.4,37.0,8.3,12.16080093383789,1.8130494707053806,0.0,0.0
2026-09-23T09:29:05.290146+07:00,final_benchmark:RandomAgent,0.0,183.0,11.45,37.0,7.8,12.157768249511719,1.8463913204849451,0.0,0.0
2026-09-23T09:29:06.323542+07:00,final_benchmark:RandomAgent,0.0,183.0,11.43,37.0,7.1,12.158687591552734,1.7621095558832323,0.0,0.0
2026-09-23T09:29:07.255154+07:00,final_benchmark:RandomAgent,0.0,183.0,11.44,37.0,6.7,12.158432006835938,1.7990135576908772,0.0,0.0
2026-09-23T09:29:08.286557+07:00,final_benchmark:RandomAgent,0.0,183.0,11.15,37.0,6.5,12.159011840820312,1.8315722268918446,0.0,0.0
2026-09-23T09:29:09.298342+07:00,final_benchmark:RandomAgent,0.0,183.0,11.31,37.0,6.6,12.160327911376953,1.8198513463838413,0.0,0.0
2026-09-23T09:29:10.355190+07:00,final_benchmark:RandomAgent,0.0,183.0,11.53,37.0,7.3,12.144428253173828,1.855806648989418,0.0,0.0
2026-09-23T09:29:11.319459+07:00,final_benchmark:RandomAgent,0.0,183.0,11.66,37.0,7.5,12.145011901855469,1.7906558463376425,0.0,0.0
2026-09-23T09:29:12.347439+07:00,final_benchmark:RandomAgent,0.0,183.0,11.64,37.0,7.1,12.138145446777344,1.8347312015448427,0.0,0.0
2026-09-23T09:29:13.311931+07:00,final_benchmark:RandomAgent,0.0,183.0,11.51,37.0,7.3,12.138835906982422,1.836869095349743,0.0,0.0
2026-09-23T09:29:14.335094+07:00,final_benchmark:RandomAgent,0.0,183.0,11.41,37.0,7.9,12.141071319580078,1.8748833876614126,0.0,0.0
2026-09-23T09:29:15.251887+07:00,final_benchmark:RandomAgent,0.0,183.0,11.36,37.0,8.6,12.214332580566406,1.9108757539037415,0.0,0.0
2026-09-23T09:29:16.266698+07:00,final_benchmark:RandomAgent,0.0,183.0,11.45,37.0,8.3,12.214176177978516,1.892260188047269,0.0,0.0
2026-09-23T09:29:17.285787+07:00,final_benchmark:RandomAgent,0.0,183.0,11.54,37.0,8.3,12.217281341552734,1.8916870841013305,0.0,0.0
2026-09-23T09:29:18.237514+07:00,final_benchmark:RandomAgent,0.0,183.0,11.52,37.0,7.4,12.224662780761719,1.9147687063718535,0.0,0.0
2026-09-23T09:29:19.332307+07:00,final_benchmark:RandomAgent,0.0,183.0,11.5,37.0,8.7,12.231464385986328,1.8931893698565772,0.0,0.0
2026-09-23T09:29:20.295880+07:00,final_benchmark:RandomAgent,0.0,183.0,11.29,37.0,7.2,12.232559204101562,1.8931893698565772,0.0,0.0
2026-09-23T09:29:21.349251+07:00,final_benchmark:RandomAgent,0.0,183.0,11.27,37.0,10.7,12.323463439941406,1.8320738479068113,0.0,0.0
2026-09-23T09:29:22.330809+07:00,final_benchmark:RandomAgent,0.0,183.0,11.35,37.0,9.5,12.368297576904297,1.8320738479068113,0.0,0.0
2026-09-23T09:29:23.398816+07:00,final_benchmark:RandomAgent,0.0,183.0,11.47,37.0,7.6,12.373146057128906,1.7336608810221144,0.0,0.0
2026-09-23T09:29:24.314413+07:00,final_benchmark:RandomAgent,0.0,183.0,11.57,37.0,7.3,12.369476318359375,1.684928919977608,0.0,0.0
2026-09-23T09:29:25.290202+07:00,final_benchmark:RandomAgent,0.0,183.0,11.44,37.0,9.6,12.377971649169922,1.6705634766165787,0.0,0.0
2026-09-23T09:29:26.332984+07:00,final_benchmark:RandomAgent,0.0,183.0,11.24,37.0,7.3,12.389453887939453,1.6705634766165787,0.0,0.0
2026-09-23T09:29:27.370576+07:00,final_benchmark:RandomAgent,0.0,183.0,11.24,37.0,7.7,12.259017944335938,1.6178039953274521,0.0,0.0
2026-09-23T09:29:28.283511+07:00,final_benchmark:RandomAgent,0.0,183.0,11.23,37.0,9.8,12.26220703125,1.6152094117558065,0.0,0.0
2026-09-23T09:29:29.280863+07:00,final_benchmark:RandomAgent,0.0,183.0,11.47,37.0,8.2,12.271141052246094,1.6068401505072347,0.0,0.0
2026-09-23T09:29:30.346758+07:00,final_benchmark:RandomAgent,0.0,183.0,11.53,37.0,7.5,12.267135620117188,1.566212053365299,0.0,0.0
2026-09-23T09:29:31.364769+07:00,final_benchmark:RandomAgent,0.0,183.0,11.4,37.0,6.9,12.266918182373047,1.5517202250747086,0.0,0.0
2026-09-23T09:29:32.363924+07:00,final_benchmark:RandomAgent,0.0,183.0,11.28,37.0,7.3,12.265037536621094,1.5436512027694818,0.0,0.0
2026-09-23T09:29:33.275429+07:00,final_benchmark:RandomAgent,0.0,183.0,11.29,37.0,6.9,12.269916534423828,1.5287381009791783,0.0,0.0
2026-09-23T09:29:34.320378+07:00,final_benchmark:RandomAgent,0.0,183.0,11.33,37.0,7.4,12.26718521118164,1.5281770962043721,0.0,0.0
2026-09-23T09:29:35.331974+07:00,final_benchmark:RandomAgent,0.0,183.0,11.37,37.0,7.8,12.267822265625,1.5076352716593036,0.0,0.0
2026-09-23T09:29:36.329527+07:00,final_benchmark:RandomAgent,0.0,183.0,11.43,37.0,7.6,12.26626968383789,1.508451273854907,0.0,0.0
2026-09-23T09:29:37.365496+07:00,final_benchmark:RandomAgent,0.0,183.0,11.44,37.0,6.7,12.26590347290039,1.48917103461536,0.0,0.0
2026-09-23T09:29:38.381116+07:00,final_benchmark:RandomAgent,0.0,183.0,11.39,37.0,7.7,12.29623794555664,1.464400942274657,0.0,0.0
2026-09-23T09:29:39.447692+07:00,final_benchmark:RandomAgent,0.0,183.0,11.23,37.0,8.5,12.315925598144531,1.464916644592278,0.0,0.0
2026-09-23T09:29:40.415020+07:00,final_benchmark:RandomAgent,0.0,183.0,11.17,37.0,8.2,12.33184814453125,1.464916644592278,0.0,0.0
2026-09-23T09:29:41.378927+07:00,final_benchmark:RandomAgent,0.0,183.0,11.34,37.0,7.7,12.325996398925781,1.464916644592278,0.0,0.0
2026-09-23T09:29:42.262726+07:00,final_benchmark:RandomAgent,0.0,183.0,11.43,37.0,8.1,12.333755493164062,1.407357670038353,0.0,0.0
2026-09-23T09:29:43.255905+07:00,final_benchmark:RandomAgent,0.0,183.0,11.45,37.0,9.0,12.360885620117188,1.407357670038353,0.0,0.0
2026-09-23T09:29:44.365284+07:00,final_benchmark:RandomAgent,0.0,183.0,11.39,37.0,9.3,12.422008514404297,1.3628736930534517,0.0,0.0
2026-09-23T09:29:45.292044+07:00,final_benchmark:RandomAgent,0.0,183.0,11.26,37.0,8.9,12.43509292602539,1.3621591116724792,0.0,0.0
2026-09-23T09:29:46.355069+07:00,final_benchmark:RandomAgent,0.0,183.0,11.16,37.0,7.9,12.432735443115234,1.3800627130368888,0.0,0.0
2026-09-23T09:29:47.285388+07:00,final_benchmark:RandomAgent,0.0,183.0,11.15,37.0,7.2,12.43255615234375,1.395858882746588,0.0,0.0
2026-09-23T09:29:48.295822+07:00,final_benchmark:RandomAgent,0.0,183.0,11.28,37.0,7.9,12.430843353271484,1.4043344092142007,0.0,0.0
2026-09-23T09:29:49.329827+07:00,final_benchmark:RandomAgent,0.0,183.0,11.44,37.0,7.2,12.431621551513672,1.4256306402326255,0.0,0.0
2026-09-23T09:29:50.287700+07:00,final_benchmark:RandomAgent,0.0,183.0,11.34,37.0,7.5,12.429946899414062,1.4278842812964592,0.0,0.0
2026-09-23T09:29:51.295575+07:00,final_benchmark:RandomAgent,0.0,183.0,11.3,37.0,7.7,12.431018829345703,1.4238937515488777,0.0,0.0
2026-09-23T09:29:52.363477+07:00,final_benchmark:RandomAgent,0.0,183.0,11.15,37.0,8.1,12.242206573486328,1.4238198559794921,0.0,0.0
2026-09-23T09:29:53.282266+07:00,final_benchmark:RandomAgent,0.0,183.0,11.22,37.0,7.1,12.213836669921875,1.4395450807219308,0.0,0.0
2026-09-23T09:29:54.319170+07:00,final_benchmark:RandomAgent,0.0,183.0,11.32,36.0,7.8,12.213741302490234,1.4272945647603374,0.0,0.0
2026-09-23T09:29:55.283767+07:00,final_benchmark:RandomAgent,0.0,183.0,11.58,37.0,10.2,12.305042266845703,1.4273177986658996,0.0,0.0
2026-09-23T09:29:56.274568+07:00,final_benchmark:RandomAgent,0.0,183.0,11.54,37.0,11.6,12.304141998291016,1.444349209101476,0.0,0.0
2026-09-23T09:29:57.279672+07:00,final_benchmark:RandomAgent,0.0,183.0,11.39,36.0,9.6,12.299392700195312,1.4524651249150697,0.0,0.0
2026-09-23T09:29:58.367592+07:00,final_benchmark:RandomAgent,0.0,183.0,11.27,37.0,9.1,12.298210144042969,1.4635971550452083,0.0,0.0
2026-09-23T09:29:59.305685+07:00,final_benchmark:RandomAgent,0.0,183.0,11.16,36.0,9.1,12.297637939453125,1.4578559339205308,0.0,0.0
2026-09-23T09:30:00.260041+07:00,final_benchmark:RandomAgent,0.0,183.0,11.24,36.0,11.8,12.292182922363281,1.4578559339205308,0.0,0.0
2026-09-23T09:30:01.347139+07:00,final_benchmark:RandomAgent,0.0,183.0,11.43,36.0,10.3,12.293560028076172,1.458397464458929,0.0,0.0
2026-09-23T09:30:02.237824+07:00,final_benchmark:RandomAgent,0.0,183.0,11.51,36.0,9.2,12.290096282958984,1.463692266581445,0.0,0.0
2026-09-23T09:30:03.324748+07:00,final_benchmark:RuleBasedThink3Agent,0.0,183.0,11.43,36.0,8.2,12.248291015625,1.450225183859112,0.0,0.0
2026-09-23T09:30:04.291377+07:00,final_benchmark:RuleBasedThink3Agent,0.0,183.0,11.29,36.0,7.4,12.21036148071289,1.4362044064290735,0.0,0.0
2026-09-23T09:30:05.321068+07:00,final_benchmark:RuleBasedThink3Agent,0.0,183.0,11.2,36.0,6.7,12.208023071289062,1.439477742493173,0.0,0.0
2026-09-23T09:30:06.342552+07:00,final_benchmark:RuleBasedThink3Agent,0.0,183.0,11.16,36.0,8.0,12.207649230957031,1.4311312879950022,0.0,0.0
2026-09-23T09:30:07.340404+07:00,final_benchmark:RuleBasedThink3Agent,0.0,183.0,11.23,36.0,10.3,12.207683563232422,1.4195495614849196,0.0,0.0
2026-09-23T09:30:08.423497+07:00,final_benchmark:RuleBasedThink3Agent,0.0,183.0,11.3,36.0,7.9,12.209510803222656,1.4244281854777052,0.0,0.0
2026-09-23T09:30:09.278748+07:00,final_benchmark:RuleBasedThink3Agent,0.0,183.0,11.33,36.0,8.2,12.20648193359375,1.4083963705663298,0.0,0.0
2026-09-23T09:30:10.314110+07:00,final_benchmark:RuleBasedThink3Agent,0.0,183.0,11.24,36.0,8.3,12.198493957519531,1.4083963705663298,0.0,0.0
2026-09-23T09:30:11.335343+07:00,final_benchmark:RuleBasedThink3Agent,0.0,183.0,11.1,36.0,7.3,12.198406219482422,1.3878986563956726,0.0,0.0
2026-09-23T09:30:12.309134+07:00,final_benchmark:RuleBasedThink3Agent,0.0,183.0,11.14,36.0,6.9,12.198287963867188,1.379706411791599,0.0,0.0
2026-09-23T09:30:13.347695+07:00,final_benchmark:RuleBasedThink3Agent,0.0,183.0,11.36,36.0,7.4,12.19942855834961,1.3779953864663517,0.0,0.0
2026-09-23T09:30:14.280202+07:00,final_benchmark:RuleBasedThink3Agent,0.0,183.0,11.51,36.0,7.9,12.199237823486328,1.3684897596423875,0.0,0.0
2026-09-23T09:30:15.363910+07:00,final_benchmark:RuleBasedThink3Agent,0.0,183.0,11.49,36.0,7.1,12.200096130371094,1.3684897596423875,0.0,0.0
2026-09-23T09:30:16.279092+07:00,final_benchmark:RuleBasedThink3Agent,0.0,183.0,11.29,36.0,6.8,12.197776794433594,1.3576663937385303,0.0,0.0
2026-09-23T09:30:17.257189+07:00,final_benchmark:RuleBasedThink3Agent,0.0,183.0,11.32,36.0,7.3,12.195598602294922,1.358361959439217,0.0,0.0
2026-09-23T09:30:18.283729+07:00,final_benchmark:RuleBasedThink3Agent,0.0,183.0,11.25,36.0,8.0,12.19509506225586,1.3528746455440432,0.0,0.0
2026-09-23T09:30:19.271834+07:00,final_benchmark:RuleBasedThink3Agent,0.0,183.0,11.31,36.0,7.4,12.19540786743164,1.3480355087323015,0.0,0.0
2026-09-23T09:30:20.329169+07:00,final_benchmark:RuleBasedThink3Agent,0.0,183.0,11.56,36.0,7.6,12.195472717285156,1.3420467725398098,0.0,0.0
2026-09-23T09:30:21.303208+07:00,final_benchmark:RuleBasedThink3Agent,0.0,183.0,11.6,36.0,6.9,12.195728302001953,1.3329526147240234,0.0,0.0
2026-09-23T09:30:22.313741+07:00,final_benchmark:RuleBasedThink3Agent,0.0,183.0,11.49,36.0,6.9,12.192543029785156,1.3329526147240234,0.0,0.0
2026-09-23T09:30:23.319445+07:00,final_benchmark:RuleBasedThink3Agent,0.0,183.0,11.41,36.0,6.8,12.19344711303711,1.3224946024259592,0.0,0.0
2026-09-23T09:30:24.285180+07:00,final_benchmark:RuleBasedThink3Agent,0.0,183.0,11.31,36.0,7.2,12.196918487548828,1.3174495095944456,0.0,0.0
2026-09-23T09:30:25.346687+07:00,final_benchmark:RuleBasedThink3Agent,0.0,183.0,11.39,36.0,7.2,12.194122314453125,1.3130386706268151,0.0,0.0
2026-09-23T09:30:26.298125+07:00,final_benchmark:RuleBasedThink3Agent,0.0,183.0,11.52,36.0,7.8,12.193733215332031,1.3065662102546212,0.0,0.0
2026-09-23T09:30:27.322223+07:00,final_benchmark:RuleBasedThink3Agent,0.0,183.0,11.61,36.0,7.3,12.179447174072266,1.3037469395303223,0.0,0.0
2026-09-23T09:30:28.320948+07:00,final_benchmark:RuleBasedThink3Agent,0.0,183.0,11.54,36.0,6.9,12.179584503173828,1.3063261177708696,0.0,0.0
2026-09-23T09:30:29.431831+07:00,final_benchmark:RuleBasedThink3Agent,0.0,183.0,11.29,36.0,7.1,12.183197021484375,1.2916034238432539,0.0,0.0
2026-09-23T09:30:30.318497+07:00,final_benchmark:RuleBasedThink3Agent,0.0,183.0,11.09,36.0,7.2,12.180278778076172,1.2916034238432539,0.0,0.0
2026-09-23T09:30:31.348074+07:00,final_benchmark:RuleBasedThink3Agent,0.0,183.0,11.16,36.0,6.9,12.180057525634766,1.2838958150058655,0.0,0.0
2026-09-23T09:30:32.269143+07:00,final_benchmark:RuleBasedThink3Agent,0.0,183.0,11.31,36.0,7.2,12.179927825927734,1.2820643583773303,0.0,0.0
2026-09-23T09:30:33.298148+07:00,final_benchmark:RuleBasedThink3Agent,0.0,183.0,11.56,36.0,6.3,12.180366516113281,1.278255782422265,0.0,0.0
2026-09-23T09:30:34.261139+07:00,final_benchmark:RuleBasedThink3Agent,0.0,183.0,11.56,36.0,6.7,12.18023681640625,1.2763298764267534,0.0,0.0
2026-09-23T09:30:35.291240+07:00,final_benchmark:RuleBasedThink3Agent,0.0,183.0,11.49,36.0,7.1,12.1806640625,1.2763298764267534,0.0,0.0
2026-09-23T09:30:36.349897+07:00,final_benchmark:RuleBasedThink3Agent,0.0,183.0,11.43,36.0,6.7,12.18062973022461,1.2624940039976085,0.0,0.0
2026-09-23T09:30:37.363752+07:00,final_benchmark:RuleBasedThink3Agent,0.0,183.0,11.31,36.0,6.5,12.18048095703125,1.254587779002957,0.0,0.0
2026-09-23T09:30:38.296076+07:00,final_benchmark:RuleBasedThink3Agent,0.0,183.0,11.4,36.0,7.4,12.18111801147461,1.254587779002957,0.0,0.0
2026-09-23T09:30:39.254574+07:00,final_benchmark:RuleBasedThink3Agent,0.0,183.0,11.51,36.0,6.7,12.180992126464844,1.2484694296810792,0.0,0.0
2026-09-23T09:30:40.332162+07:00,final_benchmark:RuleBasedThink3Agent,0.0,183.0,11.48,36.0,8.4,12.180885314941406,1.248216808494893,0.0,0.0
2026-09-23T09:30:41.269967+07:00,final_benchmark:RuleBasedThink3Agent,0.0,183.0,11.33,36.0,7.4,12.180763244628906,1.2408196947872514,0.0,0.0
2026-09-23T09:30:42.320888+07:00,final_benchmark:RuleBasedThink3Agent,0.0,183.0,11.28,36.0,6.9,12.180683135986328,1.2447775748721557,0.0,0.0
2026-09-23T09:30:43.326950+07:00,final_benchmark:RuleBasedThink3Agent,0.0,183.0,11.3,36.0,7.0,12.181468963623047,1.2416943260545623,0.0,0.0
2026-09-23T09:30:44.381709+07:00,final_benchmark:RuleBasedThink3Agent,0.0,183.0,11.36,36.0,7.7,12.18368148803711,1.2341885014348692,0.0,0.0
2026-09-23T09:30:45.328557+07:00,final_benchmark:RuleBasedThink3Agent,0.0,183.0,11.45,36.0,7.0,12.181800842285156,1.2341885014348692,0.0,0.0
2026-09-23T09:30:46.364301+07:00,final_benchmark:RuleBasedThink3Agent,0.0,183.0,11.52,36.0,7.4,12.181678771972656,1.2304486838383961,0.0,0.0
2026-09-23T09:30:47.308573+07:00,final_benchmark:RuleBasedThink3Agent,0.0,183.0,11.5,36.0,7.9,12.184520721435547,1.2304486838383961,0.0,0.0
2026-09-23T09:30:48.298144+07:00,final_benchmark:RuleBasedThink3Agent,0.0,183.0,11.24,36.0,7.0,12.185070037841797,1.2236084033167423,0.0,0.0
2026-09-23T09:30:49.416423+07:00,final_benchmark:RuleBasedThink3Agent,0.0,183.0,11.11,36.0,7.0,12.18478775024414,1.2224828994085517,0.0,0.0
2026-09-23T09:30:50.289186+07:00,final_benchmark:RuleBasedThink3Agent,0.0,183.0,11.31,36.0,6.6,12.184696197509766,1.2224828994085517,0.0,0.0
2026-09-23T09:30:51.281593+07:00,final_benchmark:RuleBasedThink3Agent,0.0,183.0,11.48,36.0,6.4,12.180049896240234,1.2131484462750983,0.0,0.0
2026-09-23T09:30:52.271468+07:00,final_benchmark:RuleBasedThink3Agent,0.0,183.0,11.56,36.0,6.3,12.179924011230469,1.2131484462750983,0.0,0.0
2026-09-23T09:30:53.343352+07:00,final_benchmark:RuleBasedThink3Agent,0.0,183.0,11.62,36.0,7.5,12.184253692626953,1.2084686370276043,0.0,0.0
2026-09-23T09:30:54.265277+07:00,final_benchmark:RuleBasedThink3Agent,0.0,183.0,11.41,36.0,7.4,12.17935562133789,1.2058191020304054,0.0,0.0
2026-09-23T09:30:55.314645+07:00,final_benchmark:RuleBasedThink3Agent,0.0,183.0,11.32,36.0,8.3,12.21377182006836,1.2006093352234288,0.0,0.0
2026-09-23T09:30:56.315277+07:00,final_benchmark:RuleBasedThink3Agent,0.0,183.0,11.31,36.0,9.5,12.221981048583984,1.1948619813096053,0.0,0.0
2026-09-23T09:30:57.304360+07:00,final_benchmark:RuleBasedThink3Agent,0.0,183.0,11.46,36.0,11.2,12.289413452148438,1.1948619813096053,0.0,0.0
2026-09-23T09:30:58.331571+07:00,final_benchmark:RuleBasedThink3Agent,0.0,183.0,11.6,36.0,11.7,12.297428131103516,1.1895753311635429,0.0,0.0
2026-09-23T09:30:59.348686+07:00,final_benchmark:RuleBasedThink3Agent,0.0,183.0,11.55,36.0,9.1,12.304912567138672,1.1853876818129943,0.0,0.0
2026-09-23T09:31:00.333012+07:00,final_benchmark:RuleBasedThink3Agent,0.0,183.0,11.4,36.0,11.6,12.325786590576172,1.1834680776173654,0.0,0.0
2026-09-23T09:31:01.385540+07:00,final_benchmark:RuleBasedThink3Agent,0.0,183.0,11.26,36.0,9.4,12.321163177490234,1.1825972287426827,0.0,0.0
2026-09-23T09:31:02.362871+07:00,final_benchmark:RuleBasedThink3Agent,0.0,183.0,11.16,36.0,7.9,12.312801361083984,1.1825972287426827,0.0,0.0
2026-09-23T09:31:03.349193+07:00,final_benchmark:RuleBasedThink3Agent,0.0,183.0,11.27,36.0,10.8,12.331661224365234,1.1825972287426827,0.0,0.0
2026-09-23T09:31:04.355461+07:00,final_benchmark:RuleBasedThink3Agent,0.0,183.0,11.43,36.0,12.8,12.329364776611328,1.1825972287426827,0.0,0.0
2026-09-23T09:31:05.347911+07:00,final_benchmark:RuleBasedThink3Agent,0.0,183.0,11.52,36.0,11.7,12.312877655029297,1.1564649177351325,0.0,0.0
2026-09-23T09:31:06.298025+07:00,final_benchmark:RuleBasedThink3Agent,0.0,183.0,11.48,36.0,13.4,12.313316345214844,1.1564649177351325,0.0,0.0
2026-09-23T09:31:07.337060+07:00,final_benchmark:RuleBasedThink3Agent,0.0,183.0,11.26,36.0,11.0,12.309829711914062,1.1446904585745314,0.0,0.0
2026-09-23T09:31:08.415123+07:00,final_benchmark:RuleBasedThink3Agent,0.0,183.0,11.15,36.0,9.0,12.282112121582031,1.1482624581011718,0.0,0.0
2026-09-23T09:31:09.375236+07:00,final_benchmark:RuleBasedThink3Agent,0.0,183.0,11.23,36.0,11.3,12.275943756103516,1.149753118635163,0.0,0.0
2026-09-23T09:31:10.282346+07:00,final_benchmark:RuleBasedThink3Agent,0.0,183.0,11.29,36.0,13.4,12.269615173339844,1.149753118635163,0.0,0.0
2026-09-23T09:31:11.373077+07:00,final_benchmark:RuleBasedThink3Agent,0.0,183.0,11.45,36.0,8.8,12.266265869140625,1.1382056000222691,0.0,0.0
2026-09-23T09:31:12.282631+07:00,final_benchmark:RuleBasedThink3Agent,0.0,183.0,11.48,36.0,8.9,12.263763427734375,1.14010461117893,0.0,0.0
2026-09-23T09:31:13.364762+07:00,final_benchmark:RuleBasedThink3Agent,0.0,183.0,11.36,36.0,11.1,12.252216339111328,1.1416139197597472,0.0,0.0
2026-09-23T09:31:14.315828+07:00,final_benchmark:RuleBasedThink3Agent,0.0,183.0,11.22,36.0,9.7,12.250911712646484,1.1406648607018248,0.0,0.0
2026-09-23T09:31:15.280788+07:00,final_benchmark:RuleBasedThink3Agent,0.0,183.0,11.15,36.0,11.5,12.245513916015625,1.1406648607018248,0.0,0.0
2026-09-23T09:31:16.365281+07:00,final_benchmark:RuleBasedThink3Agent,0.0,183.0,11.3,36.0,10.7,12.245006561279297,1.1406648607018248,0.0,0.0
2026-09-23T09:31:17.330838+07:00,final_benchmark:RuleBasedThink3Agent,0.0,183.0,11.46,36.0,10.9,12.258445739746094,1.1264226365892724,0.0,0.0
2026-09-23T09:31:18.399049+07:00,final_benchmark:RuleBasedThink3Agent,0.0,183.0,11.47,36.0,7.9,12.266193389892578,1.1281700817088933,0.0,0.0
2026-09-23T09:31:19.355763+07:00,final_benchmark:RuleBasedThink3Agent,0.0,183.0,11.3,36.0,8.8,12.272964477539062,1.1281700817088933,0.0,0.0
2026-09-23T09:31:20.365681+07:00,final_benchmark:RuleBasedThink3Agent,0.0,183.0,11.18,36.0,9.8,12.279338836669922,1.1281700817088933,0.0,0.0
2026-09-23T09:31:21.365057+07:00,final_benchmark:RuleBasedThink3Agent,0.0,183.0,11.12,36.0,7.6,12.26336669921875,1.1078889564439165,0.0,0.0
2026-09-23T09:31:22.364715+07:00,final_benchmark:RuleBasedThink3Agent,0.0,183.0,11.2,36.0,8.4,12.26651382446289,1.1078889564439165,0.0,0.0
2026-09-23T09:31:23.347755+07:00,final_benchmark:RuleBasedThink3Agent,0.0,183.0,11.37,36.0,9.3,12.270824432373047,1.1002518351755914,0.0,0.0
2026-09-23T09:31:24.320228+07:00,final_benchmark:RuleBasedThink3Agent,0.0,183.0,11.47,36.0,8.6,12.276073455810547,1.1020252229541643,0.0,0.0
2026-09-23T09:31:25.314972+07:00,final_benchmark:RuleBasedThink3Agent,0.0,183.0,11.41,36.0,8.0,12.270584106445312,1.1020252229541643,0.0,0.0
2026-09-23T09:31:26.314726+07:00,final_benchmark:RuleBasedThink3Agent,0.0,183.0,11.35,36.0,7.7,12.273811340332031,1.0914110401742296,0.0,0.0
2026-09-23T09:31:27.365143+07:00,final_benchmark:RuleBasedThink3Agent,0.0,183.0,11.23,36.0,8.4,12.26992416381836,1.0931119492742782,0.0,0.0
2026-09-23T09:31:28.361713+07:00,final_benchmark:RuleBasedThink3Agent,0.0,183.0,11.29,36.0,8.4,12.272655487060547,1.0962716350472732,0.0,0.0
2026-09-23T09:31:29.296490+07:00,final_benchmark:RuleBasedThink3Agent,0.0,183.0,11.4,36.0,8.9,12.269153594970703,1.0978909143793374,0.0,0.0
2026-09-23T09:31:30.334095+07:00,final_benchmark:RuleBasedThink3Agent,0.0,183.0,11.46,36.0,9.2,12.274127960205078,1.0978909143793374,0.0,0.0
2026-09-23T09:31:31.293834+07:00,final_benchmark:RuleBasedThink3Agent,0.0,183.0,11.42,36.0,7.5,12.271854400634766,1.0943613792804368,0.0,0.0
2026-09-23T09:31:32.373130+07:00,final_benchmark:RuleBasedThink3Agent,0.0,183.0,11.31,36.0,13.4,12.320655822753906,1.0940439074057886,0.0,0.0
2026-09-23T09:31:33.296818+07:00,final_benchmark:RuleBasedThink3Agent,0.0,183.0,11.17,36.0,10.9,12.303913116455078,1.0940439074057886,0.0,0.0
2026-09-23T09:31:34.410298+07:00,final_benchmark:RuleBasedThink3Agent,0.0,183.0,11.1,36.0,11.0,12.317985534667969,1.0940439074057886,0.0,0.0
2026-09-23T09:31:35.330021+07:00,final_benchmark:RuleBasedThink3Agent,0.0,183.0,11.26,36.0,10.2,12.308773040771484,1.0765896920299163,0.0,0.0
2026-09-23T09:31:36.338879+07:00,final_benchmark:RuleBasedThink3Agent,0.0,183.0,11.38,36.0,9.3,12.325119018554688,1.0765896920299163,0.0,0.0
2026-09-23T09:31:37.325955+07:00,final_benchmark:RuleBasedThink3Agent,0.0,183.0,11.35,36.0,17.2,12.234249114990234,1.0713369736478449,0.0,0.0
2026-09-23T09:31:38.366826+07:00,final_benchmark:RuleBasedThink3Agent,0.0,183.0,11.27,36.0,10.9,12.264411926269531,1.0713369736478449,0.0,0.0
2026-09-23T09:31:39.297817+07:00,final_benchmark:RuleBasedThink3Agent,0.0,183.0,11.2,36.0,11.2,12.327629089355469,1.0713369736478449,0.0,0.0
2026-09-23T09:31:40.398300+07:00,final_benchmark:RuleBasedThink3Agent,0.0,183.0,11.13,36.0,8.3,12.335002899169922,1.0600491897800066,0.0,0.0
2026-09-23T09:31:41.330042+07:00,final_benchmark:RuleBasedThink3Agent,0.0,183.0,11.29,36.0,7.2,12.328178405761719,1.0638951304368625,0.0,0.0
2026-09-23T09:31:42.331498+07:00,final_benchmark:RuleBasedThink3Agent,0.0,183.0,11.44,36.0,8.8,12.259101867675781,1.0647494551366135,0.0,0.0
2026-09-23T09:31:43.345710+07:00,final_benchmark:RuleBasedThink3Agent,0.0,183.0,11.51,36.0,7.1,12.25406265258789,1.066051521563318,0.0,0.0
2026-09-23T09:31:44.298219+07:00,final_benchmark:RuleBasedThink3Agent,0.0,183.0,11.39,36.0,7.8,12.251152038574219,1.0642400695721406,0.0,0.0
2026-09-23T09:31:45.362419+07:00,final_benchmark:RuleBasedThink3Agent,0.0,183.0,11.24,36.0,9.5,12.257373809814453,1.0679428216900597,0.0,0.0
2026-09-23T09:31:46.367254+07:00,final_benchmark:RuleBasedThink3Agent,0.0,183.0,11.1,36.0,7.9,12.236099243164062,1.0660940882357741,0.0,0.0
2026-09-23T09:31:47.291446+07:00,final_benchmark:RuleBasedThink3Agent,0.0,183.0,11.23,36.0,11.4,12.207008361816406,1.067665332270492,0.0,0.0
2026-09-23T09:31:48.290306+07:00,final_benchmark:RuleBasedThink3Agent,0.0,183.0,11.35,36.0,9.3,12.201217651367188,1.0670748231689862,0.0,0.0
2026-09-23T09:31:49.382388+07:00,final_benchmark:RuleBasedThink3Agent,0.0,183.0,11.41,36.0,10.5,12.198623657226562,1.0749159008548521,0.0,0.0
2026-09-23T09:31:50.382702+07:00,final_benchmark:RuleBasedThink3Agent,0.0,183.0,11.36,36.0,10.2,12.205249786376953,1.0753171711807892,0.0,0.0
2026-09-23T09:31:51.382683+07:00,final_benchmark:RuleBasedThink3Agent,0.0,183.0,11.25,36.0,10.1,12.213275909423828,1.0753171711807892,0.0,0.0
2026-09-23T09:31:52.399269+07:00,final_benchmark:RuleBasedThink3Agent,0.0,183.0,11.13,36.0,9.2,12.21743392944336,1.0671105214736702,0.0,0.0
2026-09-23T09:31:53.349148+07:00,final_benchmark:RuleBasedThink3Agent,0.0,183.0,11.07,36.0,10.7,12.202255249023438,1.0671105214736702,0.0,0.0
2026-09-23T09:31:54.349158+07:00,final_benchmark:RuleBasedThink3Agent,0.0,183.0,11.26,36.0,10.3,12.217781066894531,1.0671105214736702,0.0,0.0
2026-09-23T09:31:55.320316+07:00,final_benchmark:RuleBasedThink3Agent,0.0,183.0,11.38,36.0,9.7,12.211360931396484,1.0671105214736702,0.0,0.0
2026-09-23T09:31:56.359569+07:00,final_benchmark:RuleBasedThink3Agent,0.0,183.0,11.34,36.0,11.2,12.209461212158203,1.049627813457653,0.0,0.0
2026-09-23T09:31:57.414881+07:00,final_benchmark:RuleBasedThink3Agent,0.0,183.0,11.2,36.0,9.5,12.200794219970703,1.0483605107686589,0.0,0.0
2026-09-23T09:31:58.382613+07:00,final_benchmark:RuleBasedThink3Agent,0.0,183.0,11.1,36.0,9.7,12.196235656738281,1.0500077332528068,0.0,0.0
2026-09-23T09:31:59.382447+07:00,final_benchmark:RuleBasedThink3Agent,0.0,183.0,11.03,36.0,9.8,12.221378326416016,1.0480791074588305,0.0,0.0
2026-09-23T09:32:00.364784+07:00,final_benchmark:RuleBasedThink3Agent,0.0,183.0,11.17,36.0,9.0,12.23550796508789,1.049550184156947,0.0,0.0
2026-09-23T09:32:01.400474+07:00,final_benchmark:RuleBasedThink3Agent,0.0,183.0,11.38,36.0,8.9,12.236534118652344,1.0480703716498463,0.0,0.0
2026-09-23T09:32:02.353801+07:00,final_benchmark:RuleBasedThink3Agent,0.0,183.0,11.4,36.0,9.8,12.244304656982422,1.0495463467904396,0.0,0.0
2026-09-23T09:32:03.317824+07:00,final_benchmark:RuleBasedThink3Agent,0.0,183.0,11.41,36.0,9.2,12.250663757324219,1.0495463467904396,0.0,0.0
2026-09-23T09:32:04.384626+07:00,final_benchmark:RuleBasedThink3Agent,0.0,183.0,11.23,36.0,9.2,12.27178955078125,1.042207466724542,0.0,0.0
2026-09-23T09:32:05.331085+07:00,final_benchmark:RuleBasedThink3Agent,0.0,183.0,11.14,36.0,10.9,12.255142211914062,1.042207466724542,0.0,0.0
2026-09-23T09:32:06.445231+07:00,final_benchmark:RuleBasedThink3Agent,0.0,183.0,11.4,36.0,10.1,12.265396118164062,1.042207466724542,0.0,0.0
2026-09-23T09:32:07.299870+07:00,final_benchmark:RuleBasedThink3Agent,0.0,183.0,11.48,36.0,9.0,12.260417938232422,1.042207466724542,0.0,0.0
2026-09-23T09:32:08.351004+07:00,final_benchmark:RuleBasedThink3Agent,0.0,183.0,11.51,36.0,8.3,12.255115509033203,1.0281752884373272,0.0,0.0
2026-09-23T09:32:09.348964+07:00,final_benchmark:RuleBasedThink3Agent,0.0,183.0,11.47,36.0,9.8,12.248321533203125,1.0281752884373272,0.0,0.0
2026-09-23T09:32:10.348655+07:00,final_benchmark:RuleBasedThink3Agent,0.0,183.0,11.34,36.0,10.3,12.242382049560547,1.0281752884373272,0.0,0.0
2026-09-23T09:32:11.335814+07:00,final_benchmark:RuleBasedThink3Agent,0.0,183.0,11.15,36.0,12.0,12.238739013671875,1.0281752884373272,0.0,0.0
2026-09-23T09:32:12.432493+07:00,final_benchmark:RuleBasedThink3Agent,0.0,183.0,11.18,36.0,11.2,12.24319076538086,1.0281752884373272,0.0,0.0
2026-09-23T09:32:13.364837+07:00,final_benchmark:RuleBasedThink3Agent,0.0,183.0,11.2,36.0,13.3,12.235790252685547,1.0281752884373272,0.0,0.0
2026-09-23T09:32:14.414765+07:00,final_benchmark:RuleBasedThink3Agent,0.0,183.0,11.3,36.0,11.5,12.228275299072266,1.0281752884373272,0.0,0.0
2026-09-23T09:32:15.467619+07:00,final_benchmark:DepthMinimaxAgent,0.0,183.0,11.41,36.0,10.7,12.241722106933594,0.9966402696211236,0.0,0.0
2026-09-23T09:32:16.299259+07:00,final_benchmark:DepthMinimaxAgent,0.0,183.0,11.26,36.0,10.4,12.23537826538086,0.9966402696211236,0.0,0.0
2026-09-23T09:32:17.371617+07:00,final_benchmark:DepthMinimaxAgent,0.0,183.0,11.16,36.0,8.6,12.24368667602539,0.9966402696211236,0.0,0.0
2026-09-23T09:32:18.382651+07:00,final_benchmark:DepthMinimaxAgent,0.0,183.0,11.02,36.0,7.8,12.247501373291016,0.9966402696211236,0.0,0.0
2026-09-23T09:32:19.332398+07:00,final_benchmark:DepthMinimaxAgent,0.0,183.0,11.16,36.0,10.5,12.243247985839844,0.9966402696211236,0.0,0.0
2026-09-23T09:32:20.382345+07:00,final_benchmark:DepthMinimaxAgent,0.0,183.0,11.4,36.0,10.0,12.24545669555664,0.9966402696211236,0.0,0.0
2026-09-23T09:32:21.373970+07:00,final_benchmark:DepthMinimaxAgent,0.0,183.0,11.4,36.0,9.4,12.23617172241211,0.9733045586409137,0.0,0.0
2026-09-23T09:32:22.382487+07:00,final_benchmark:DepthMinimaxAgent,0.0,183.0,11.28,36.0,10.3,12.23095703125,0.9733045586409137,0.0,0.0
2026-09-23T09:32:23.399139+07:00,final_benchmark:DepthMinimaxAgent,0.0,183.0,11.18,36.0,10.3,12.233901977539062,0.9733045586409137,0.0,0.0
2026-09-23T09:32:24.382352+07:00,final_benchmark:DepthMinimaxAgent,0.0,183.0,11.12,36.0,8.3,12.23358154296875,0.9733045586409137,0.0,0.0
2026-09-23T09:32:25.432395+07:00,final_benchmark:DepthMinimaxAgent,0.0,183.0,11.11,36.0,8.8,12.218761444091797,0.9733045586409137,0.0,0.0
2026-09-23T09:32:26.432686+07:00,final_benchmark:DepthMinimaxAgent,0.0,183.0,11.29,36.0,9.8,12.236892700195312,0.9733045586409137,0.0,0.0
2026-09-23T09:32:27.432524+07:00,final_benchmark:DepthMinimaxAgent,0.0,183.0,11.43,36.0,9.8,12.236827850341797,0.94813310743919,0.0,0.0
2026-09-23T09:32:28.382596+07:00,final_benchmark:DepthMinimaxAgent,0.0,183.0,11.36,36.0,9.3,12.237251281738281,0.94813310743919,0.0,0.0
2026-09-23T09:32:29.449002+07:00,final_benchmark:DepthMinimaxAgent,0.0,183.0,11.25,36.0,9.0,12.252437591552734,0.94813310743919,0.0,0.0
2026-09-23T09:32:30.429926+07:00,final_benchmark:DepthMinimaxAgent,0.0,183.0,11.1,36.0,8.5,12.253311157226562,0.94813310743919,0.0,0.0
2026-09-23T09:32:31.363970+07:00,final_benchmark:DepthMinimaxAgent,0.0,183.0,11.17,36.0,8.8,12.248821258544922,0.94813310743919,0.0,0.0
2026-09-23T09:32:32.399245+07:00,final_benchmark:DepthMinimaxAgent,0.0,183.0,11.27,36.0,8.2,12.247520446777344,0.94813310743919,0.0,0.0
2026-09-23T09:32:33.414580+07:00,final_benchmark:DepthMinimaxAgent,0.0,183.0,11.35,36.0,8.0,12.242626190185547,0.9277127405822347,0.0,0.0
2026-09-23T09:32:34.365809+07:00,final_benchmark:DepthMinimaxAgent,0.0,183.0,11.29,36.0,8.7,12.242828369140625,0.9277127405822347,0.0,0.0
2026-09-23T09:32:35.349045+07:00,final_benchmark:DepthMinimaxAgent,0.0,183.0,11.2,36.0,9.2,12.23272705078125,0.9277127405822347,0.0,0.0
2026-09-23T09:32:36.366153+07:00,final_benchmark:DepthMinimaxAgent,0.0,183.0,11.1,36.0,9.0,12.236000061035156,0.9277127405822347,0.0,0.0
2026-09-23T09:32:37.365035+07:00,final_benchmark:DepthMinimaxAgent,0.0,183.0,11.15,36.0,8.2,12.235809326171875,0.9277127405822347,0.0,0.0
2026-09-23T09:32:38.415192+07:00,final_benchmark:DepthMinimaxAgent,0.0,183.0,11.2,36.0,8.2,12.240283966064453,0.9277127405822347,0.0,0.0
2026-09-23T09:32:39.414812+07:00,final_benchmark:DepthMinimaxAgent,0.0,183.0,11.37,36.0,9.1,12.234977722167969,0.9277127405822347,0.0,0.0
2026-09-23T09:32:40.291718+07:00,final_benchmark:DepthMinimaxAgent,0.0,183.0,11.5,36.0,9.5,12.231521606445312,0.9277127405822347,0.0,0.0
2026-09-23T09:32:41.380599+07:00,final_benchmark:DepthMinimaxAgent,0.0,183.0,11.34,36.0,8.1,12.234241485595703,0.902168628019119,0.0,0.0
2026-09-23T09:32:42.297572+07:00,final_benchmark:DepthMinimaxAgent,0.0,183.0,11.14,36.0,8.5,12.231632232666016,0.902168628019119,0.0,0.0
2026-09-23T09:32:43.382351+07:00,final_benchmark:DepthMinimaxAgent,0.0,183.0,11.1,36.0,8.1,12.235034942626953,0.902168628019119,0.0,0.0
2026-09-23T09:32:44.415115+07:00,final_benchmark:DepthMinimaxAgent,0.0,183.0,11.23,36.0,9.0,12.234603881835938,0.902168628019119,0.0,0.0
2026-09-23T09:32:45.350975+07:00,final_benchmark:DepthMinimaxAgent,0.0,183.0,11.35,36.0,8.9,12.21822738647461,0.902168628019119,0.0,0.0
2026-09-23T09:32:46.399268+07:00,final_benchmark:DepthMinimaxAgent,0.0,183.0,11.49,36.0,8.1,12.222431182861328,0.902168628019119,0.0,0.0
2026-09-23T09:32:47.365198+07:00,final_benchmark:DepthMinimaxAgent,0.0,183.0,11.28,36.0,8.5,12.218490600585938,0.902168628019119,0.0,0.0
2026-09-23T09:32:48.432411+07:00,final_benchmark:DepthMinimaxAgent,0.0,183.0,11.32,36.0,7.7,12.222713470458984,0.8762252661981754,0.0,0.0
2026-09-23T09:32:49.364817+07:00,final_benchmark:DepthMinimaxAgent,0.0,183.0,11.15,36.0,9.9,12.222755432128906,0.8762252661981754,0.0,0.0
2026-09-23T09:32:50.432541+07:00,final_benchmark:DepthMinimaxAgent,0.0,183.0,11.17,36.0,9.5,12.222637176513672,0.8762252661981754,0.0,0.0
2026-09-23T09:32:51.366134+07:00,final_benchmark:DepthMinimaxAgent,0.0,183.0,11.41,36.0,9.1,12.218986511230469,0.8762252661981754,0.0,0.0
2026-09-23T09:32:52.365082+07:00,final_benchmark:DepthMinimaxAgent,0.0,183.0,11.51,36.0,9.5,12.212409973144531,0.8762252661981754,0.0,0.0
2026-09-23T09:32:53.399304+07:00,final_benchmark:DepthMinimaxAgent,0.0,183.0,11.6,36.0,8.7,12.216400146484375,0.8762252661981754,0.0,0.0
2026-09-23T09:32:54.299058+07:00,final_benchmark:DepthMinimaxAgent,0.0,183.0,11.35,36.0,9.2,12.213153839111328,0.8762252661981754,0.0,0.0
2026-09-23T09:32:55.415716+07:00,final_benchmark:DepthMinimaxAgent,0.0,183.0,11.1,36.0,9.1,12.215904235839844,0.8568328234504868,0.0,0.0
2026-09-23T09:32:56.415009+07:00,final_benchmark:DepthMinimaxAgent,0.0,183.0,11.14,36.0,9.6,12.215572357177734,0.8568328234504868,0.0,0.0
2026-09-23T09:32:57.382374+07:00,final_benchmark:DepthMinimaxAgent,0.0,183.0,11.31,36.0,9.3,12.215103149414062,0.8568328234504868,0.0,0.0
2026-09-23T09:32:58.499004+07:00,final_benchmark:DepthMinimaxAgent,0.0,183.0,11.38,36.0,8.5,12.215484619140625,0.8568328234504868,0.0,0.0
2026-09-23T09:32:59.365904+07:00,final_benchmark:DepthMinimaxAgent,0.0,183.0,11.43,36.0,9.1,12.215030670166016,0.8568328234504868,0.0,0.0
2026-09-23T09:33:00.315018+07:00,final_benchmark:DepthMinimaxAgent,0.0,183.0,11.29,36.0,10.3,12.219047546386719,0.8426349390456822,0.0,0.0
2026-09-23T09:33:01.333144+07:00,final_benchmark:DepthMinimaxAgent,0.0,183.0,11.16,36.0,8.4,12.214599609375,0.8426349390456822,0.0,0.0
2026-09-23T09:33:02.382434+07:00,final_benchmark:DepthMinimaxAgent,0.0,183.0,11.12,36.0,8.5,12.2354736328125,0.8426349390456822,0.0,0.0
2026-09-23T09:33:03.399133+07:00,final_benchmark:DepthMinimaxAgent,0.0,183.0,11.28,36.0,8.4,12.23611831665039,0.8426349390456822,0.0,0.0
2026-09-23T09:33:04.368409+07:00,final_benchmark:DepthMinimaxAgent,0.0,183.0,11.33,36.0,11.3,12.233474731445312,0.8426349390456822,0.0,0.0
2026-09-23T09:33:05.414868+07:00,final_benchmark:DepthMinimaxAgent,0.0,183.0,11.47,36.0,8.6,12.2310791015625,0.8426349390456822,0.0,0.0
2026-09-23T09:33:06.311519+07:00,final_benchmark:DepthMinimaxAgent,0.0,183.0,11.42,36.0,11.7,12.316963195800781,0.8426349390456822,0.0,0.0
2026-09-23T09:33:07.414948+07:00,final_benchmark:DepthMinimaxAgent,0.0,183.0,11.27,36.0,9.2,12.323516845703125,0.8230727787707007,0.0,0.0
2026-09-23T09:33:08.382695+07:00,final_benchmark:DepthMinimaxAgent,0.0,183.0,11.21,36.0,8.9,12.329360961914062,0.8230727787707007,0.0,0.0
2026-09-23T09:33:09.413682+07:00,final_benchmark:DepthMinimaxAgent,0.0,183.0,11.28,36.0,10.7,12.34866714477539,0.8230727787707007,0.0,0.0
2026-09-23T09:33:10.373556+07:00,final_benchmark:DepthMinimaxAgent,0.0,183.0,11.33,36.0,8.1,12.337387084960938,0.8230727787707007,0.0,0.0
2026-09-23T09:33:11.348042+07:00,final_benchmark:DepthMinimaxAgent,0.0,183.0,11.45,36.0,7.4,12.335323333740234,0.8230727787707007,0.0,0.0
2026-09-23T09:33:12.363989+07:00,final_benchmark:DepthMinimaxAgent,0.0,183.0,11.48,36.0,7.1,12.332649230957031,0.8130321600132626,0.0,0.0
2026-09-23T09:33:13.298161+07:00,final_benchmark:DepthMinimaxAgent,0.0,183.0,11.35,36.0,8.1,12.337146759033203,0.8130321600132626,0.0,0.0
2026-09-23T09:33:14.316964+07:00,final_benchmark:DepthMinimaxAgent,0.0,183.0,11.23,36.0,7.9,12.333885192871094,0.8130321600132626,0.0,0.0
2026-09-23T09:33:15.332127+07:00,final_benchmark:DepthMinimaxAgent,0.0,183.0,11.35,36.0,7.2,12.319618225097656,0.8130321600132626,0.0,0.0
2026-09-23T09:33:16.255437+07:00,final_benchmark:DepthMinimaxAgent,0.0,183.0,11.45,36.0,8.6,12.268760681152344,0.8044134547545826,0.0,0.0
2026-09-23T09:33:17.235087+07:00,final_benchmark:DepthMinimaxAgent,0.0,183.0,11.49,36.0,9.9,12.226612091064453,0.8044134547545826,0.0,0.0
2026-09-23T09:33:18.238706+07:00,final_benchmark:DepthMinimaxAgent,0.0,183.0,10.86,36.0,7.7,12.224567413330078,0.8044134547545826,0.0,0.0
2026-09-23T09:33:19.220058+07:00,final_benchmark:DepthMinimaxAgent,0.0,183.0,10.74,36.0,12.8,12.318164825439453,0.8044134547545826,0.0,0.0
2026-09-23T09:33:20.205734+07:00,final_benchmark:DepthMinimaxAgent,0.0,183.0,10.53,36.0,12.8,12.32004165649414,0.8044134547545826,0.0,0.0
2026-09-23T09:33:21.237846+07:00,final_benchmark:DepthMinimaxAgent,0.0,183.0,10.43,36.0,10.3,12.32223892211914,0.8044134547545826,0.0,0.0
2026-09-23T09:33:22.255254+07:00,final_benchmark:DepthMinimaxAgent,0.0,183.0,10.45,36.0,9.9,12.322715759277344,0.8044134547545826,0.0,0.0
2026-09-23T09:33:23.220530+07:00,final_benchmark:DepthMinimaxAgent,0.0,183.0,10.58,36.0,9.3,12.34039306640625,0.8044134547545826,0.0,0.0
2026-09-23T09:33:24.253683+07:00,final_benchmark:DepthMinimaxAgent,0.0,183.0,10.66,36.0,6.0,12.338603973388672,0.8044134547545826,0.0,0.0
2026-09-23T09:33:25.205127+07:00,final_benchmark:DepthMinimaxAgent,0.0,183.0,10.69,36.0,7.4,12.336601257324219,0.8044134547545826,0.0,0.0
2026-09-23T09:33:26.241130+07:00,final_benchmark:DepthMinimaxAgent,0.0,183.0,10.55,36.0,8.7,12.351924896240234,0.8044134547545826,0.0,0.0
2026-09-23T09:33:27.241460+07:00,final_benchmark:DepthMinimaxAgent,0.0,183.0,10.55,36.0,8.3,12.323226928710938,0.8044134547545826,0.0,0.0
2026-09-23T09:33:28.253597+07:00,final_benchmark:DepthMinimaxAgent,0.0,183.0,10.5,36.0,9.7,12.325702667236328,0.8044134547545826,0.0,0.0
2026-09-23T09:33:29.204711+07:00,final_benchmark:DepthMinimaxAgent,0.0,183.0,10.48,36.0,9.0,12.272323608398438,0.8044134547545826,0.0,0.0
2026-09-23T09:33:30.222253+07:00,final_benchmark:DepthMinimaxAgent,0.0,183.0,10.58,36.0,22.5,12.499000549316406,0.8044134547545826,0.0,0.0
2026-09-23T09:33:31.205319+07:00,final_benchmark:DepthMinimaxAgent,0.0,183.0,10.57,36.0,17.4,12.5517578125,0.8044134547545826,0.0,0.0
2026-09-23T09:33:32.272638+07:00,final_benchmark:DepthMinimaxAgent,0.0,183.0,10.48,36.0,6.5,12.536663055419922,0.8044134547545826,0.0,0.0
2026-09-23T09:33:33.238624+07:00,final_benchmark:DepthMinimaxAgent,0.0,183.0,10.5,36.0,6.2,12.524028778076172,0.8044134547545826,0.0,0.0
2026-09-23T09:33:34.238627+07:00,final_benchmark:DepthMinimaxAgent,0.0,183.0,10.49,36.0,8.0,12.519184112548828,0.8044134547545826,0.0,0.0
2026-09-23T09:33:35.220742+07:00,final_benchmark:DepthMinimaxAgent,0.0,183.0,10.46,36.0,8.5,12.513687133789062,0.8044134547545826,0.0,0.0
2026-09-23T09:33:36.221495+07:00,final_benchmark:DepthMinimaxAgent,0.0,183.0,10.46,36.0,7.0,12.510704040527344,0.8044134547545826,0.0,0.0
2026-09-23T09:33:37.221815+07:00,final_benchmark:DepthMinimaxAgent,0.0,183.0,10.53,36.0,7.4,12.486175537109375,0.8044134547545826,0.0,0.0
2026-09-23T09:33:38.238922+07:00,final_benchmark:DepthMinimaxAgent,0.0,183.0,10.57,36.0,6.1,12.487770080566406,0.8044134547545826,0.0,0.0
2026-09-23T09:33:39.253933+07:00,final_benchmark:DepthMinimaxAgent,0.0,183.0,10.57,36.0,6.3,12.487773895263672,0.8044134547545826,0.0,0.0
2026-09-23T09:33:40.238567+07:00,final_benchmark:DepthMinimaxAgent,0.0,183.0,10.55,36.0,7.1,12.485660552978516,0.8044134547545826,0.0,0.0
2026-09-23T09:33:41.256609+07:00,final_benchmark:DepthMinimaxAgent,0.0,183.0,10.56,36.0,8.5,12.48575210571289,0.8044134547545826,0.0,0.0
2026-09-23T09:33:42.255400+07:00,final_benchmark:DepthMinimaxAgent,0.0,183.0,10.59,36.0,5.4,12.486076354980469,0.8044134547545826,0.0,0.0
2026-09-23T09:33:43.259252+07:00,final_benchmark:DepthMinimaxAgent,0.0,183.0,10.59,36.0,6.5,12.487110137939453,0.8044134547545826,0.0,0.0
2026-09-23T09:33:44.238518+07:00,final_benchmark:DepthMinimaxAgent,0.0,183.0,10.59,36.0,7.8,12.501659393310547,0.8044134547545826,0.0,0.0
2026-09-23T09:33:45.221751+07:00,final_benchmark:DepthMinimaxAgent,0.0,183.0,10.57,36.0,8.8,12.515098571777344,0.8044134547545826,0.0,0.0
2026-09-23T09:33:46.220739+07:00,final_benchmark:DepthMinimaxAgent,0.0,183.0,10.48,36.0,9.8,12.515403747558594,0.8044134547545826,0.0,0.0
2026-09-23T09:33:47.239184+07:00,final_benchmark:DepthMinimaxAgent,0.0,183.0,10.39,36.0,6.0,12.536808013916016,0.8044134547545826,0.0,0.0
2026-09-23T09:33:48.238811+07:00,final_benchmark:DepthMinimaxAgent,0.0,183.0,10.47,36.0,7.4,12.535884857177734,0.8044134547545826,0.0,0.0
2026-09-23T09:33:49.237642+07:00,final_benchmark:DepthMinimaxAgent,0.0,183.0,10.6,36.0,7.5,12.539886474609375,0.8044134547545826,0.0,0.0
2026-09-23T09:33:50.239122+07:00,final_benchmark:DepthMinimaxAgent,0.0,183.0,10.58,36.0,7.2,12.54168701171875,0.8044134547545826,0.0,0.0
2026-09-23T09:33:51.238556+07:00,final_benchmark:DepthMinimaxAgent,0.0,183.0,10.51,36.0,8.1,12.53946304321289,0.8044134547545826,0.0,0.0
2026-09-23T09:33:52.238640+07:00,final_benchmark:DepthMinimaxAgent,0.0,183.0,10.53,36.0,8.5,12.54159164428711,0.8044134547545826,0.0,0.0
2026-09-23T09:33:53.238884+07:00,final_benchmark:DepthMinimaxAgent,0.0,183.0,10.42,36.0,7.9,12.533184051513672,0.8044134547545826,0.0,0.0
2026-09-23T09:33:54.240069+07:00,final_benchmark:DepthMinimaxAgent,0.0,183.0,10.4,36.0,8.2,12.533149719238281,0.8044134547545826,0.0,0.0
2026-09-23T09:33:55.240172+07:00,final_benchmark:DepthMinimaxAgent,0.0,183.0,10.44,36.0,6.7,12.53084945678711,0.8044134547545826,0.0,0.0
2026-09-23T09:33:56.238276+07:00,final_benchmark:DepthMinimaxAgent,0.0,183.0,10.54,36.0,6.9,12.579727172851562,0.8044134547545826,0.0,0.0
2026-09-23T09:33:57.256301+07:00,final_benchmark:DepthMinimaxAgent,0.0,183.0,10.5,36.0,7.0,12.572921752929688,0.8044134547545826,0.0,0.0
2026-09-23T09:33:58.270064+07:00,final_benchmark:DepthMinimaxAgent,0.0,183.0,10.49,36.0,6.1,12.574783325195312,0.8044134547545826,0.0,0.0
2026-09-23T09:33:59.239661+07:00,final_benchmark:DepthMinimaxAgent,0.0,183.0,10.45,36.0,7.1,12.57693862915039,0.8044134547545826,0.0,0.0
2026-09-23T09:34:00.238332+07:00,final_benchmark:DepthMinimaxAgent,0.0,183.0,10.41,36.0,4.8,12.577384948730469,0.8044134547545826,0.0,0.0
2026-09-23T09:34:01.257199+07:00,final_benchmark:DepthMinimaxAgent,0.0,183.0,10.46,36.0,6.7,12.578838348388672,0.8044134547545826,0.0,0.0
2026-09-23T09:34:02.254381+07:00,final_benchmark:DepthMinimaxAgent,0.0,183.0,10.52,36.0,4.9,12.569389343261719,0.8044134547545826,0.0,0.0
2026-09-23T09:34:03.256115+07:00,final_benchmark:DepthMinimaxAgent,0.0,183.0,10.53,36.0,7.2,12.57012939453125,0.8044134547545826,0.0,0.0
2026-09-23T09:34:04.254980+07:00,final_benchmark:DepthMinimaxAgent,0.0,183.0,10.44,36.0,7.4,12.571605682373047,0.8044134547545826,0.0,0.0
2026-09-23T09:34:05.238939+07:00,final_benchmark:DepthMinimaxAgent,0.0,183.0,10.46,36.0,5.8,12.572410583496094,0.8044134547545826,0.0,0.0
2026-09-23T09:34:06.238283+07:00,final_benchmark:DepthMinimaxAgent,0.0,183.0,10.46,36.0,4.7,12.572067260742188,0.8044134547545826,0.0,0.0
2026-09-23T09:34:07.255818+07:00,final_benchmark:DepthMinimaxAgent,0.0,183.0,10.51,36.0,6.2,12.545623779296875,0.8044134547545826,0.0,0.0
2026-09-23T09:34:08.255305+07:00,final_benchmark:DepthMinimaxAgent,0.0,183.0,10.55,36.0,7.2,12.536376953125,0.8044134547545826,0.0,0.0
2026-09-23T09:34:09.257445+07:00,final_benchmark:DepthMinimaxAgent,0.0,183.0,10.59,36.0,6.0,12.55282211303711,0.8044134547545826,0.0,0.0
2026-09-23T09:34:10.255938+07:00,final_benchmark:DepthMinimaxAgent,0.0,183.0,10.5,36.0,9.3,12.574455261230469,0.8044134547545826,0.0,0.0
2026-09-23T09:34:11.238635+07:00,final_benchmark:DepthMinimaxAgent,0.0,183.0,10.45,36.0,7.7,12.56951904296875,0.8044134547545826,0.0,0.0
2026-09-23T09:34:12.256761+07:00,final_benchmark:DepthMinimaxAgent,0.0,183.0,10.41,36.0,7.7,12.575027465820312,0.8044134547545826,0.0,0.0
2026-09-23T09:34:13.255461+07:00,final_benchmark:DepthMinimaxAgent,0.0,183.0,10.49,36.0,8.6,12.58481216430664,0.8044134547545826,0.0,0.0
2026-09-23T09:34:14.241077+07:00,final_benchmark:DepthMinimaxAgent,0.0,183.0,10.54,36.0,5.1,12.585807800292969,0.8044134547545826,0.0,0.0
2026-09-23T09:34:15.243260+07:00,final_benchmark:DepthMinimaxAgent,0.0,183.0,10.52,36.0,9.3,12.550594329833984,0.8044134547545826,0.0,0.0
2026-09-23T09:34:16.241553+07:00,final_benchmark:DepthMinimaxAgent,0.0,183.0,10.49,36.0,8.6,12.546295166015625,0.8044134547545826,0.0,0.0
2026-09-23T09:34:17.236026+07:00,final_benchmark:DepthMinimaxAgent,0.0,183.0,10.45,36.0,12.3,12.367435455322266,0.8044134547545826,0.0,0.0
2026-09-23T09:34:18.255451+07:00,final_benchmark:DepthMinimaxAgent,0.0,183.0,10.4,36.0,7.4,12.375045776367188,0.8044134547545826,0.0,0.0
2026-09-23T09:34:19.364999+07:00,final_benchmark:DepthMinimaxAgent,0.0,183.0,10.66,36.0,8.5,12.375236511230469,0.8044134547545826,0.0,0.0
2026-09-23T09:34:20.472713+07:00,final_benchmark:DepthMinimaxAgent,0.0,183.0,11.31,36.0,8.5,12.329452514648438,0.8044134547545826,0.0,0.0
2026-09-23T09:34:21.371046+07:00,final_benchmark:DepthMinimaxAgent,0.0,183.0,11.3,36.0,7.2,12.330368041992188,0.8044134547545826,0.0,0.0
2026-09-23T09:34:22.286380+07:00,final_benchmark:DepthMinimaxAgent,0.0,183.0,11.14,36.0,9.3,12.330429077148438,0.8044134547545826,0.0,0.0
2026-09-23T09:34:23.398237+07:00,final_benchmark:DepthMinimaxAgent,0.0,183.0,11.03,36.0,11.1,12.32159423828125,0.6438386681820588,0.0,0.0
2026-09-23T09:34:24.293830+07:00,final_benchmark:DepthMinimaxAgent,0.0,183.0,11.03,36.0,8.9,12.285919189453125,0.6438386681820588,0.0,0.0
2026-09-23T09:34:25.321756+07:00,final_benchmark:DepthMinimaxAgent,0.0,183.0,11.1,36.0,9.7,12.227745056152344,0.6419094528619381,0.0,0.0
2026-09-23T09:34:26.299937+07:00,final_benchmark:DepthMinimaxAgent,0.0,183.0,11.22,36.0,11.2,12.22647476196289,0.6419094528619381,0.0,0.0
2026-09-23T09:34:27.331579+07:00,final_benchmark:DepthMinimaxAgent,0.0,183.0,11.25,36.0,11.0,12.21234130859375,0.6419094528619381,0.0,0.0
2026-09-23T09:34:28.313929+07:00,final_benchmark:DepthMinimaxAgent,0.0,183.0,11.13,36.0,8.5,12.202430725097656,0.6419094528619381,0.0,0.0
2026-09-23T09:34:29.330426+07:00,final_benchmark:DepthMinimaxAgent,0.0,183.0,11.16,36.0,7.8,12.20229721069336,0.638482125154083,0.0,0.0
2026-09-23T09:34:30.379609+07:00,final_benchmark:DepthMinimaxAgent,0.0,183.0,10.99,36.0,7.2,12.201427459716797,0.638482125154083,0.0,0.0
2026-09-23T09:34:31.265004+07:00,final_benchmark:DepthMinimaxAgent,0.0,183.0,11.14,36.0,8.9,12.200931549072266,0.638482125154083,0.0,0.0
2026-09-23T09:34:32.319017+07:00,final_benchmark:DepthMinimaxAgent,0.0,183.0,11.28,36.0,9.4,12.193473815917969,0.6351910157353801,0.0,0.0
2026-09-23T09:34:33.255402+07:00,final_benchmark:DepthMinimaxAgent,0.0,183.0,11.27,36.0,8.3,12.193294525146484,0.6351910157353801,0.0,0.0
2026-09-23T09:34:34.306634+07:00,final_benchmark:DepthMinimaxAgent,0.0,183.0,11.21,36.0,8.7,12.194343566894531,0.6351910157353801,0.0,0.0
2026-09-23T09:34:35.311824+07:00,final_benchmark:DepthMinimaxAgent,0.0,183.0,11.12,36.0,8.6,12.194263458251953,0.6319359351845057,0.0,0.0
2026-09-23T09:34:36.348419+07:00,final_benchmark:DepthMinimaxAgent,0.0,183.0,10.96,36.0,10.1,12.192035675048828,0.6319359351845057,0.0,0.0
2026-09-23T09:34:37.295150+07:00,final_benchmark:DepthMinimaxAgent,0.0,183.0,11.05,36.0,8.1,12.193000793457031,0.6319359351845057,0.0,0.0
2026-09-23T09:34:38.246771+07:00,final_benchmark:DepthMinimaxAgent,0.0,183.0,11.25,36.0,7.6,12.19375228881836,0.6288436647225515,0.0,0.0
2026-09-23T09:34:39.331695+07:00,final_benchmark:DepthMinimaxAgent,0.0,183.0,11.38,36.0,7.7,12.193851470947266,0.6288436647225515,0.0,0.0
2026-09-23T09:34:40.296912+07:00,final_benchmark:DepthMinimaxAgent,0.0,183.0,11.35,36.0,7.4,12.193901062011719,0.6288436647225515,0.0,0.0
2026-09-23T09:34:41.329838+07:00,final_benchmark:DepthMinimaxAgent,0.0,183.0,11.22,36.0,7.8,12.193462371826172,0.6288436647225515,0.0,0.0
2026-09-23T09:34:42.312946+07:00,final_benchmark:DepthMinimaxAgent,0.0,183.0,11.08,36.0,8.2,12.193656921386719,0.6249841499862587,0.0,0.0
2026-09-23T09:34:43.267566+07:00,final_benchmark:DepthMinimaxAgent,0.0,183.0,11.12,36.0,7.4,12.193885803222656,0.6249841499862587,0.0,0.0
2026-09-23T09:34:44.278724+07:00,final_benchmark:DepthMinimaxAgent,0.0,183.0,11.28,36.0,7.3,12.193622589111328,0.6249841499862587,0.0,0.0
2026-09-23T09:34:45.299085+07:00,final_benchmark:DepthMinimaxAgent,0.0,183.0,11.39,36.0,7.4,12.193290710449219,0.6249841499862587,0.0,0.0
2026-09-23T09:34:46.397664+07:00,final_benchmark:DepthMinimaxAgent,0.0,183.0,11.39,36.0,7.4,12.19378662109375,0.6210703630318456,0.0,0.0
2026-09-23T09:34:47.363139+07:00,final_benchmark:DepthMinimaxAgent,0.0,183.0,11.25,36.0,7.0,12.193695068359375,0.6210703630318456,0.0,0.0
2026-09-23T09:34:48.363402+07:00,final_benchmark:DepthMinimaxAgent,0.0,183.0,11.07,36.0,7.0,12.193603515625,0.6210703630318456,0.0,0.0
2026-09-23T09:34:49.277202+07:00,final_benchmark:DepthMinimaxAgent,0.0,183.0,11.0,36.0,5.9,12.1934814453125,0.6210703630318456,0.0,0.0
2026-09-23T09:34:50.347781+07:00,final_benchmark:DepthMinimaxAgent,0.0,183.0,11.06,36.0,7.9,12.19344711303711,0.6170785900137157,0.0,0.0
2026-09-23T09:34:51.314101+07:00,final_benchmark:DepthMinimaxAgent,0.0,183.0,11.19,36.0,7.3,12.193382263183594,0.6170785900137157,0.0,0.0
2026-09-23T09:34:52.346536+07:00,final_benchmark:DepthMinimaxAgent,0.0,183.0,11.38,36.0,7.0,12.192970275878906,0.6170785900137157,0.0,0.0
2026-09-23T09:34:53.348195+07:00,final_benchmark:DepthMinimaxAgent,0.0,183.0,11.25,36.0,7.6,12.193222045898438,0.6139836091635789,0.0,0.0
2026-09-23T09:34:54.381679+07:00,final_benchmark:DepthMinimaxAgent,0.0,183.0,11.13,36.0,7.5,12.192794799804688,0.6139836091635789,0.0,0.0
2026-09-23T09:34:55.282245+07:00,final_benchmark:DepthMinimaxAgent,0.0,183.0,11.09,36.0,7.1,12.19314193725586,0.6139836091635789,0.0,0.0
2026-09-23T09:34:56.293619+07:00,final_benchmark:DepthMinimaxAgent,0.0,183.0,11.17,36.0,7.3,12.192817687988281,0.6113599313597298,0.0,0.0
2026-09-23T09:34:57.297643+07:00,final_benchmark:DepthMinimaxAgent,0.0,183.0,11.35,36.0,7.4,12.192546844482422,0.6113599313597298,0.0,0.0
2026-09-23T09:34:58.338770+07:00,final_benchmark:DepthMinimaxAgent,0.0,183.0,11.46,36.0,7.6,12.192886352539062,0.6113599313597298,0.0,0.0
2026-09-23T09:34:59.326867+07:00,final_benchmark:DepthMinimaxAgent,0.0,183.0,11.38,36.0,7.3,12.192787170410156,0.6101424410826524,0.0,0.0
2026-09-23T09:35:00.297032+07:00,final_benchmark:DepthMinimaxAgent,0.0,183.0,11.19,36.0,7.6,12.18985366821289,0.6101424410826524,0.0,0.0
2026-09-23T09:35:01.348561+07:00,final_benchmark:DepthMinimaxAgent,0.0,183.0,11.02,36.0,6.7,12.18972396850586,0.6098641045669462,0.0,0.0
2026-09-23T09:35:02.381722+07:00,final_benchmark:DepthMinimaxAgent,0.0,183.0,11.03,36.0,7.4,12.18890380859375,0.6098641045669462,0.0,0.0
2026-09-23T09:35:03.348458+07:00,final_benchmark:DepthMinimaxAgent,0.0,183.0,11.3,36.0,6.9,12.189022064208984,0.6083593621689102,0.0,0.0
2026-09-23T09:35:04.385290+07:00,final_benchmark:DepthMinimaxAgent,0.0,183.0,11.42,36.0,7.3,12.188812255859375,0.6083593621689102,0.0,0.0
2026-09-23T09:35:05.335147+07:00,final_benchmark:DepthMinimaxAgent,0.0,183.0,11.35,36.0,7.8,12.189125061035156,0.6083416416942522,0.0,0.0
2026-09-23T09:35:06.269452+07:00,final_benchmark:DepthMinimaxAgent,0.0,183.0,11.29,36.0,8.3,12.189224243164062,0.6083416416942522,0.0,0.0
2026-09-23T09:35:07.376285+07:00,final_benchmark:DepthMinimaxAgent,0.0,183.0,11.16,36.0,7.3,12.188919067382812,0.6083416416942522,0.0,0.0
2026-09-23T09:35:08.337273+07:00,final_benchmark:DepthMinimaxAgent,0.0,183.0,11.16,36.0,7.5,12.186748504638672,0.6055996838259519,0.0,0.0
2026-09-23T09:35:09.337729+07:00,final_benchmark:DepthMinimaxAgent,0.0,183.0,11.18,36.0,7.0,12.182060241699219,0.6055996838259519,0.0,0.0
2026-09-23T09:35:10.348166+07:00,final_benchmark:DepthMinimaxAgent,0.0,183.0,11.37,36.0,6.6,12.175796508789062,0.6055996838259519,0.0,0.0
2026-09-23T09:35:11.300917+07:00,final_benchmark:DepthMinimaxAgent,0.0,183.0,11.43,36.0,7.2,12.172805786132812,0.6055996838259519,0.0,0.0
2026-09-23T09:35:12.322828+07:00,final_benchmark:DepthMinimaxAgent,0.0,183.0,11.36,36.0,7.6,12.176254272460938,0.6028637820788911,0.0,0.0
2026-09-23T09:35:13.284201+07:00,final_benchmark:DepthMinimaxAgent,0.0,183.0,11.17,36.0,6.9,12.176067352294922,0.6028637820788911,0.0,0.0
2026-09-23T09:35:14.387858+07:00,final_benchmark:DepthMinimaxAgent,0.0,183.0,11.17,36.0,7.6,12.172870635986328,0.601766073847504,0.0,0.0
2026-09-23T09:35:15.328182+07:00,final_benchmark:DepthMinimaxAgent,0.0,183.0,11.26,36.0,6.9,12.177093505859375,0.601766073847504,0.0,0.0
2026-09-23T09:35:16.331527+07:00,final_benchmark:DepthMinimaxAgent,0.0,183.0,11.3,36.0,7.3,12.177032470703125,0.601766073847504,0.0,0.0
2026-09-23T09:35:17.281703+07:00,final_benchmark:DepthMinimaxAgent,0.0,183.0,11.47,36.0,7.1,12.17348861694336,0.6000653636068456,0.0,0.0
2026-09-23T09:35:18.374340+07:00,final_benchmark:DepthMinimaxAgent,0.0,183.0,11.42,36.0,6.9,12.175884246826172,0.6000653636068456,0.0,0.0
2026-09-23T09:35:19.342684+07:00,final_benchmark:DepthMinimaxAgent,0.0,183.0,11.38,36.0,6.9,12.175086975097656,0.6000653636068456,0.0,0.0
2026-09-23T09:35:20.398271+07:00,final_benchmark:DepthMinimaxAgent,0.0,183.0,11.2,36.0,6.8,12.174552917480469,0.5969633938976893,0.0,0.0
2026-09-23T09:35:21.314298+07:00,final_benchmark:DepthMinimaxAgent,0.0,183.0,11.13,36.0,7.4,12.171005249023438,0.5969633938976893,0.0,0.0
2026-09-23T09:35:22.306405+07:00,final_benchmark:DepthMinimaxAgent,0.0,183.0,11.31,36.0,7.5,12.170711517333984,0.5969633938976893,0.0,0.0
2026-09-23T09:35:23.363676+07:00,final_benchmark:DepthMinimaxAgent,0.0,183.0,11.46,36.0,7.0,12.170234680175781,0.5969633938976893,0.0,0.0
2026-09-23T09:35:24.348376+07:00,final_benchmark:DepthMinimaxAgent,0.0,183.0,11.52,36.0,8.1,12.170215606689453,0.5939743273819289,0.0,0.0
2026-09-23T09:35:25.344710+07:00,final_benchmark:DepthMinimaxAgent,0.0,183.0,11.37,36.0,7.8,12.168842315673828,0.5939743273819289,0.0,0.0
2026-09-23T09:35:26.336480+07:00,final_benchmark:DepthMinimaxAgent,0.0,183.0,11.16,36.0,7.8,12.16836166381836,0.5939743273819289,0.0,0.0
2026-09-23T09:35:27.313863+07:00,final_benchmark:DepthMinimaxAgent,0.0,183.0,11.21,36.0,6.8,12.167034149169922,0.5939743273819289,0.0,0.0
2026-09-23T09:35:28.314977+07:00,final_benchmark:DepthMinimaxAgent,0.0,183.0,11.22,36.0,8.2,12.16744613647461,0.5908259615464718,0.0,0.0
2026-09-23T09:35:29.348246+07:00,final_benchmark:DepthMinimaxAgent,0.0,183.0,11.38,36.0,12.2,12.167236328125,0.5908259615464718,0.0,0.0
2026-09-23T09:35:30.316935+07:00,final_benchmark:DepthMinimaxAgent,0.0,183.0,11.48,36.0,10.6,12.166740417480469,0.5908259615464718,0.0,0.0
2026-09-23T09:35:31.311143+07:00,final_benchmark:DepthMinimaxAgent,0.0,183.0,11.48,36.0,11.9,12.174667358398438,0.5908259615464718,0.0,0.0
2026-09-23T09:35:32.414192+07:00,final_benchmark:DepthMinimaxAgent,0.0,183.0,11.33,36.0,10.2,12.180370330810547,0.5875396732868942,0.0,0.0
2026-09-23T09:35:33.410726+07:00,final_benchmark:DepthMinimaxAgent,0.0,183.0,11.2,36.0,10.5,12.18081283569336,0.5875396732868942,0.0,0.0
2026-09-23T09:35:34.288645+07:00,final_benchmark:DepthMinimaxAgent,0.0,183.0,11.25,36.0,8.7,12.180908203125,0.5875396732868942,0.0,0.0
2026-09-23T09:35:35.458544+07:00,final_benchmark:DepthMinimaxAgent,0.0,183.0,11.41,36.0,8.1,12.181327819824219,0.5856184476035059,0.0,0.0
2026-09-23T09:35:36.348246+07:00,final_benchmark:DepthMinimaxAgent,0.0,183.0,11.46,35.0,7.7,12.180953979492188,0.5856184476035059,0.0,0.0
2026-09-23T09:35:37.308356+07:00,final_benchmark:DepthMinimaxAgent,0.0,183.0,11.51,36.0,8.5,12.16666030883789,0.5856184476035059,0.0,0.0
2026-09-23T09:35:38.299394+07:00,final_benchmark:DepthMinimaxAgent,0.0,183.0,11.41,35.0,8.6,12.16439437866211,0.5856184476035059,0.0,0.0
2026-09-23T09:35:39.364272+07:00,final_benchmark:DepthMinimaxAgent,0.0,183.0,11.18,36.0,7.9,12.164714813232422,0.5818727056397209,0.0,0.0
2026-09-23T09:35:40.380666+07:00,final_benchmark:DepthMinimaxAgent,0.0,183.0,11.09,36.0,9.1,12.164020538330078,0.5818727056397209,0.0,0.0
2026-09-23T09:35:41.331588+07:00,final_benchmark:DepthMinimaxAgent,0.0,183.0,11.24,36.0,10.5,12.16385269165039,0.5814092559343843,0.0,0.0
2026-09-23T09:35:42.413858+07:00,final_benchmark:DepthMinimaxAgent,0.0,183.0,11.44,36.0,7.0,12.163700103759766,0.5814092559343843,0.0,0.0
2026-09-23T09:35:43.315383+07:00,final_benchmark:DepthMinimaxAgent,0.0,183.0,11.5,36.0,6.9,12.163532257080078,0.5814092559343843,0.0,0.0
2026-09-23T09:35:44.353860+07:00,final_benchmark:DepthMinimaxAgent,0.0,183.0,11.45,36.0,7.5,12.163043975830078,0.5814092559343843,0.0,0.0
2026-09-23T09:35:45.348323+07:00,final_benchmark:DepthMinimaxAgent,0.0,183.0,11.35,36.0,6.9,12.163928985595703,0.5781281156103013,0.0,0.0
2026-09-23T09:35:46.348407+07:00,final_benchmark:DepthMinimaxAgent,0.0,183.0,11.24,36.0,7.7,12.164535522460938,0.5781281156103013,0.0,0.0
2026-09-23T09:35:47.331703+07:00,final_benchmark:DepthMinimaxAgent,0.0,183.0,11.42,36.0,7.7,12.164085388183594,0.5781281156103013,0.0,0.0
2026-09-23T09:35:48.348216+07:00,final_benchmark:DepthMinimaxAgent,0.0,183.0,11.45,36.0,7.9,12.164478302001953,0.5768646662657041,0.0,0.0
2026-09-23T09:35:49.376137+07:00,final_benchmark:DepthMinimaxAgent,0.0,183.0,11.43,36.0,6.9,12.16501235961914,0.5768646662657041,0.0,0.0
2026-09-23T09:35:50.410633+07:00,final_benchmark:DepthMinimaxAgent,0.0,183.0,11.32,35.0,7.2,12.164653778076172,0.5756697256136742,0.0,0.0
2026-09-23T09:35:51.313771+07:00,final_benchmark:DepthMinimaxAgent,0.0,183.0,11.17,36.0,7.5,12.163402557373047,0.5756697256136742,0.0,0.0
2026-09-23T09:35:52.331392+07:00,final_benchmark:DepthMinimaxAgent,0.0,183.0,11.06,36.0,7.5,12.164012908935547,0.5756697256136742,0.0,0.0
2026-09-23T09:35:53.363695+07:00,final_benchmark:DepthMinimaxAgent,0.0,183.0,11.22,35.0,7.1,12.163810729980469,0.5746751927643537,0.0,0.0
2026-09-23T09:35:54.448367+07:00,final_benchmark:DepthMinimaxAgent,0.0,183.0,11.47,36.0,7.5,12.16415786743164,0.5746751927643537,0.0,0.0
2026-09-23T09:35:55.362952+07:00,final_benchmark:DepthMinimaxAgent,0.0,183.0,11.56,36.0,7.5,12.164260864257812,0.5746751927643537,0.0,0.0
2026-09-23T09:35:56.298503+07:00,final_benchmark:DepthMinimaxAgent,0.0,183.0,11.39,35.0,10.1,12.160720825195312,0.5725336912359666,0.0,0.0
2026-09-23T09:35:57.363512+07:00,final_benchmark:DepthMinimaxAgent,0.0,183.0,11.27,35.0,9.0,12.162220001220703,0.5725336912359666,0.0,0.0
2026-09-23T09:35:58.353377+07:00,final_benchmark:DepthMinimaxAgent,0.0,183.0,11.1,35.0,8.1,12.16180419921875,0.5725336912359666,0.0,0.0
2026-09-23T09:35:59.363648+07:00,final_benchmark:DepthMinimaxAgent,0.0,183.0,11.17,35.0,8.2,12.162551879882812,0.5712004623728189,0.0,0.0
2026-09-23T09:36:00.298432+07:00,final_benchmark:DepthMinimaxAgent,0.0,183.0,11.3,35.0,7.3,12.16143798828125,0.5712004623728189,0.0,0.0
2026-09-23T09:36:01.287051+07:00,final_benchmark:DepthMinimaxAgent,0.0,183.0,11.46,36.0,8.1,12.164405822753906,0.5712004623728189,0.0,0.0
2026-09-23T09:36:02.296386+07:00,final_benchmark:DepthMinimaxAgent,0.0,183.0,11.46,35.0,6.8,12.162651062011719,0.5712004623728189,0.0,0.0
2026-09-23T09:36:03.315349+07:00,final_benchmark:DepthMinimaxAgent,0.0,183.0,11.45,35.0,8.7,12.163009643554688,0.568510843965149,0.0,0.0
2026-09-23T09:36:04.329258+07:00,final_benchmark:DepthMinimaxAgent,0.0,183.0,11.23,35.0,8.1,12.163658142089844,0.568510843965149,0.0,0.0
2026-09-23T09:36:05.325800+07:00,final_benchmark:DepthMinimaxAgent,0.0,183.0,11.13,35.0,7.7,12.163841247558594,0.568510843965149,0.0,0.0
2026-09-23T09:36:06.463778+07:00,final_benchmark:DepthMinimaxAgent,0.0,183.0,11.29,35.0,7.4,12.162696838378906,0.5662616409785844,0.0,0.0
2026-09-23T09:36:07.413820+07:00,final_benchmark:DepthMinimaxAgent,0.0,183.0,11.35,35.0,7.1,12.163505554199219,0.5662616409785844,0.0,0.0
2026-09-23T09:36:08.298393+07:00,final_benchmark:DepthMinimaxAgent,0.0,183.0,11.45,35.0,7.2,12.16390609741211,0.5662616409785844,0.0,0.0
2026-09-23T09:36:09.329257+07:00,final_benchmark:DepthMinimaxAgent,0.0,183.0,11.38,35.0,7.7,12.164588928222656,0.5662616409785844,0.0,0.0
2026-09-23T09:36:10.399090+07:00,final_benchmark:DepthMinimaxAgent,0.0,183.0,11.28,35.0,9.3,12.167972564697266,0.5639257017434653,0.0,0.0
2026-09-23T09:36:11.413166+07:00,final_benchmark:DepthMinimaxAgent,0.0,183.0,11.18,35.0,8.4,12.170063018798828,0.5639257017434653,0.0,0.0
2026-09-23T09:36:12.270052+07:00,final_benchmark:DepthMinimaxAgent,0.0,183.0,11.4,35.0,7.0,12.17025375366211,0.5639257017434653,0.0,0.0
2026-09-23T09:36:13.327540+07:00,final_benchmark:DepthMinimaxAgent,0.0,183.0,11.51,35.0,8.6,12.17049789428711,0.5617257929828812,0.0,0.0
2026-09-23T09:36:14.414060+07:00,final_benchmark:DepthMinimaxAgent,0.0,183.0,11.54,35.0,7.8,12.169048309326172,0.5617257929828812,0.0,0.0
2026-09-23T09:36:15.317510+07:00,final_benchmark:DepthMinimaxAgent,0.0,183.0,11.45,35.0,6.9,12.16879653930664,0.5617257929828812,0.0,0.0
2026-09-23T09:36:16.363525+07:00,final_benchmark:DepthMinimaxAgent,0.0,183.0,11.23,35.0,7.7,12.168933868408203,0.5607182664974442,0.0,0.0
2026-09-23T09:36:17.362600+07:00,final_benchmark:DepthMinimaxAgent,0.0,183.0,11.07,35.0,7.3,12.164356231689453,0.5607182664974442,0.0,0.0
2026-09-23T09:36:18.298704+07:00,final_benchmark:DepthMinimaxAgent,0.0,183.0,11.09,35.0,7.8,12.16427993774414,0.5607182664974442,0.0,0.0
2026-09-23T09:36:19.372991+07:00,final_benchmark:DepthMinimaxAgent,0.0,183.0,11.26,35.0,6.8,12.164966583251953,0.5607182664974442,0.0,0.0
2026-09-23T09:36:20.348419+07:00,final_benchmark:DepthMinimaxAgent,0.0,183.0,11.43,35.0,8.7,12.164863586425781,0.5578349099453209,0.0,0.0
2026-09-23T09:36:21.381682+07:00,final_benchmark:DepthMinimaxAgent,0.0,183.0,11.34,35.0,7.4,12.165042877197266,0.5578349099453209,0.0,0.0
2026-09-23T09:36:22.363852+07:00,final_benchmark:DepthMinimaxAgent,0.0,183.0,11.25,35.0,7.2,12.165092468261719,0.5578349099453209,0.0,0.0
2026-09-23T09:36:23.363777+07:00,final_benchmark:DepthMinimaxAgent,0.0,183.0,11.16,35.0,7.9,12.165145874023438,0.5558905832746869,0.0,0.0
2026-09-23T09:36:24.348331+07:00,final_benchmark:DepthMinimaxAgent,0.0,183.0,11.09,35.0,7.5,12.165679931640625,0.5569053114770602,0.0,0.0
2026-09-23T09:36:25.381573+07:00,final_benchmark:DepthMinimaxAgent,0.0,183.0,11.08,35.0,7.6,12.166046142578125,0.5569053114770602,0.0,0.0
2026-09-23T09:36:26.319948+07:00,final_benchmark:DepthMinimaxAgent,0.0,183.0,11.18,35.0,7.4,12.165924072265625,0.5569053114770602,0.0,0.0
2026-09-23T09:36:27.347013+07:00,final_benchmark:DepthMinimaxAgent,0.0,183.0,11.29,35.0,6.9,12.165218353271484,0.5569053114770602,0.0,0.0
2026-09-23T09:36:28.431851+07:00,final_benchmark:DepthMinimaxAgent,0.0,183.0,11.02,35.0,7.3,12.164161682128906,0.554213632320675,0.0,0.0
2026-09-23T09:36:29.373589+07:00,final_benchmark:DepthMinimaxAgent,0.0,183.0,10.96,35.0,7.2,12.164966583251953,0.554213632320675,0.0,0.0
2026-09-23T09:36:30.314135+07:00,final_benchmark:DepthMinimaxAgent,0.0,183.0,11.01,35.0,7.6,12.164867401123047,0.554213632320675,0.0,0.0
2026-09-23T09:36:31.316209+07:00,final_benchmark:DepthMinimaxAgent,0.0,183.0,11.19,35.0,7.6,12.165023803710938,0.554213632320675,0.0,0.0
2026-09-23T09:36:32.383776+07:00,final_benchmark:DepthMinimaxAgent,0.0,183.0,11.36,35.0,7.3,12.163673400878906,0.5520061122532841,0.0,0.0
2026-09-23T09:36:33.278782+07:00,final_benchmark:DepthMinimaxAgent,0.0,183.0,11.45,35.0,7.2,12.16342544555664,0.5520061122532841,0.0,0.0
2026-09-23T09:36:34.398703+07:00,final_benchmark:DepthMinimaxAgent,0.0,183.0,11.28,35.0,6.9,12.163196563720703,0.5520061122532841,0.0,0.0
2026-09-23T09:36:35.261650+07:00,final_benchmark:DepthMinimaxAgent,0.0,183.0,11.12,35.0,12.1,12.16281509399414,0.5520061122532841,0.0,0.0
2026-09-23T09:36:36.251464+07:00,final_benchmark:DepthMinimaxAgent,0.0,183.0,10.98,35.0,11.1,12.163776397705078,0.5495923900112425,0.0,0.0
2026-09-23T09:36:37.364141+07:00,final_benchmark:DepthMinimaxAgent,0.0,183.0,11.1,35.0,11.0,12.163089752197266,0.5501893755390714,0.0,0.0
2026-09-23T09:36:38.331606+07:00,final_benchmark:DepthMinimaxAgent,0.0,183.0,11.24,35.0,9.3,12.16329574584961,0.5501893755390714,0.0,0.0
2026-09-23T09:36:39.331555+07:00,final_benchmark:DepthMinimaxAgent,0.0,183.0,11.36,35.0,9.6,12.16073989868164,0.5501893755390714,0.0,0.0
2026-09-23T09:36:40.363776+07:00,final_benchmark:DepthMinimaxAgent,0.0,183.0,11.37,35.0,8.9,12.160545349121094,0.5485291953496506,0.0,0.0
2026-09-23T09:36:41.363864+07:00,final_benchmark:DepthMinimaxAgent,0.0,183.0,11.15,35.0,8.0,12.160846710205078,0.5485291953496506,0.0,0.0
2026-09-23T09:36:42.292800+07:00,final_benchmark:DepthMinimaxAgent,0.0,183.0,11.07,35.0,7.0,12.16061782836914,0.5485291953496506,0.0,0.0
2026-09-23T09:36:43.364096+07:00,final_benchmark:DepthMinimaxAgent,0.0,183.0,11.09,35.0,8.3,12.15985107421875,0.5470881714025536,0.0,0.0
2026-09-23T09:36:44.398375+07:00,final_benchmark:DepthMinimaxAgent,0.0,183.0,11.29,35.0,8.0,12.160041809082031,0.5470881714025536,0.0,0.0
2026-09-23T09:36:45.398697+07:00,final_benchmark:DepthMinimaxAgent,0.0,183.0,11.5,35.0,7.6,12.160259246826172,0.5470881714025536,0.0,0.0
2026-09-23T09:36:46.398726+07:00,final_benchmark:DepthMinimaxAgent,0.0,183.0,11.51,35.0,8.1,12.169666290283203,0.5470881714025536,0.0,0.0
2026-09-23T09:36:47.381533+07:00,final_benchmark:DepthMinimaxAgent,0.0,183.0,11.34,35.0,8.3,12.166397094726562,0.5450430225315784,0.0,0.0
2026-09-23T09:36:48.353925+07:00,final_benchmark:DepthMinimaxAgent,0.0,183.0,11.24,35.0,8.6,12.16683578491211,0.5450430225315784,0.0,0.0
2026-09-23T09:36:49.329026+07:00,final_benchmark:DepthMinimaxAgent,0.0,183.0,11.11,35.0,7.3,12.166851043701172,0.5450430225315784,0.0,0.0
2026-09-23T09:36:50.325990+07:00,final_benchmark:DepthMinimaxAgent,0.0,183.0,11.28,35.0,7.3,12.1688232421875,0.5450430225315784,0.0,0.0
2026-09-23T09:36:51.291913+07:00,final_benchmark:DepthMinimaxAgent,0.0,183.0,11.42,35.0,6.9,12.169235229492188,0.5450430225315784,0.0,0.0
2026-09-23T09:36:52.331696+07:00,final_benchmark:DepthMinimaxAgent,0.0,183.0,11.42,35.0,7.5,12.16335678100586,0.5415501916179133,0.0,0.0
2026-09-23T09:36:53.448341+07:00,final_benchmark:DepthMinimaxAgent,0.0,183.0,11.23,35.0,7.5,12.162223815917969,0.5415501916179133,0.0,0.0
2026-09-23T09:36:54.364015+07:00,final_benchmark:DepthMinimaxAgent,0.0,183.0,11.17,35.0,7.7,12.16274642944336,0.5415501916179133,0.0,0.0
2026-09-23T09:36:55.331606+07:00,final_benchmark:DepthMinimaxAgent,0.0,183.0,11.05,35.0,9.0,12.163627624511719,0.5394703846147337,0.0,0.0
2026-09-23T09:36:56.329740+07:00,final_benchmark:DepthMinimaxAgent,0.0,183.0,11.09,35.0,7.7,12.16339111328125,0.5394703846147337,0.0,0.0
2026-09-23T09:36:57.275771+07:00,final_benchmark:DepthMinimaxAgent,0.0,183.0,11.24,35.0,6.8,12.163768768310547,0.5394703846147337,0.0,0.0
2026-09-23T09:36:58.374249+07:00,final_benchmark:DepthMinimaxAgent,0.0,183.0,11.36,35.0,7.4,12.163619995117188,0.5394703846147337,0.0,0.0
2026-09-23T09:36:59.320380+07:00,final_benchmark:DepthMinimaxAgent,0.0,183.0,11.19,35.0,8.9,12.16689682006836,0.5378516659529257,0.0,0.0
2026-09-23T09:37:00.308245+07:00,final_benchmark:DepthMinimaxAgent,0.0,183.0,11.08,35.0,8.1,12.167293548583984,0.5388342446981045,0.0,0.0
2026-09-23T09:37:01.348250+07:00,final_benchmark:DepthMinimaxAgent,0.0,183.0,11.05,35.0,7.5,12.167442321777344,0.5388342446981045,0.0,0.0
2026-09-23T09:37:02.313631+07:00,final_benchmark:DepthMinimaxAgent,0.0,183.0,11.05,35.0,7.6,12.166217803955078,0.5388342446981045,0.0,0.0
2026-09-23T09:37:03.363933+07:00,final_benchmark:DepthMinimaxAgent,0.0,183.0,11.1,35.0,8.6,12.166358947753906,0.5374674572650913,0.0,0.0
2026-09-23T09:37:04.331721+07:00,final_benchmark:DepthMinimaxAgent,0.0,183.0,11.26,35.0,8.1,12.166400909423828,0.5374674572650913,0.0,0.0
2026-09-23T09:37:05.413554+07:00,final_benchmark:DepthMinimaxAgent,0.0,183.0,11.23,35.0,7.2,12.16678237915039,0.5372837828995147,0.0,0.0
2026-09-23T09:37:06.364174+07:00,final_benchmark:DepthMinimaxAgent,0.0,183.0,11.08,35.0,6.6,12.167530059814453,0.5374764942134231,0.0,0.0
2026-09-23T09:37:07.331613+07:00,final_benchmark:DepthMinimaxAgent,0.0,183.0,11.04,35.0,7.5,12.167461395263672,0.5374764942134231,0.0,0.0
2026-09-23T09:37:08.384801+07:00,final_benchmark:DepthMinimaxAgent,0.0,183.0,10.97,35.0,6.9,12.166343688964844,0.5374764942134231,0.0,0.0
2026-09-23T09:37:09.349938+07:00,final_benchmark:DepthMinimaxAgent,0.0,183.0,11.21,35.0,6.8,12.169727325439453,0.5374764942134231,0.0,0.0
2026-09-23T09:37:10.316877+07:00,final_benchmark:DepthMinimaxAgent,0.0,183.0,11.33,35.0,6.9,12.166030883789062,0.5360316889118126,0.0,0.0
2026-09-23T09:37:11.381702+07:00,final_benchmark:DepthMinimaxAgent,0.0,183.0,11.33,35.0,7.2,12.16518783569336,0.5360316889118126,0.0,0.0
2026-09-23T09:37:12.314878+07:00,final_benchmark:DepthMinimaxAgent,0.0,183.0,11.21,35.0,6.6,12.17156982421875,0.5360316889118126,0.0,0.0
2026-09-23T09:37:13.381989+07:00,final_benchmark:DepthMinimaxAgent,0.0,183.0,11.09,35.0,7.5,12.172760009765625,0.5340319630946726,0.0,0.0
2026-09-23T09:37:14.380517+07:00,final_benchmark:DepthMinimaxAgent,0.0,183.0,11.07,35.0,7.4,12.173316955566406,0.5340319630946726,0.0,0.0
2026-09-23T09:37:15.319242+07:00,final_benchmark:DepthMinimaxAgent,0.0,183.0,11.01,35.0,7.2,12.176998138427734,0.5340319630946726,0.0,0.0
2026-09-23T09:37:16.314918+07:00,final_benchmark:DepthMinimaxAgent,0.0,183.0,11.27,35.0,7.1,12.176807403564453,0.5340319630946726,0.0,0.0
2026-09-23T09:37:17.362712+07:00,final_benchmark:DepthMinimaxAgent,0.0,183.0,11.3,35.0,7.6,12.179012298583984,0.5324688881602687,0.0,0.0
2026-09-23T09:37:18.379168+07:00,final_benchmark:DepthMinimaxAgent,0.0,183.0,11.16,35.0,6.8,12.179069519042969,0.5324688881602687,0.0,0.0
2026-09-23T09:37:19.363094+07:00,final_benchmark:DepthMinimaxAgent,0.0,183.0,11.03,35.0,7.2,12.17971420288086,0.5324688881602687,0.0,0.0
2026-09-23T09:37:20.281691+07:00,final_benchmark:DepthMinimaxAgent,0.0,183.0,10.89,35.0,7.4,12.176162719726562,0.5324688881602687,0.0,0.0
2026-09-23T09:37:21.407480+07:00,final_benchmark:DepthMinimaxAgent,0.0,183.0,10.96,35.0,8.2,12.1783447265625,0.5302230781341202,0.0,0.0
2026-09-23T09:37:22.320800+07:00,final_benchmark:DepthMinimaxAgent,0.0,183.0,10.99,35.0,7.6,12.173561096191406,0.5302230781341202,0.0,0.0
2026-09-23T09:37:23.348439+07:00,final_benchmark:DepthMinimaxAgent,0.0,183.0,11.15,35.0,7.1,12.17331314086914,0.5294246749860981,0.0,0.0
2026-09-23T09:37:24.349523+07:00,final_benchmark:DepthMinimaxAgent,0.0,183.0,11.25,35.0,7.7,12.173942565917969,0.5294246749860981,0.0,0.0
2026-09-23T09:37:25.305792+07:00,final_benchmark:DepthMinimaxAgent,0.0,183.0,11.08,35.0,7.8,12.174842834472656,0.5294246749860981,0.0,0.0
2026-09-23T09:37:26.331538+07:00,final_benchmark:DepthMinimaxAgent,0.0,183.0,10.93,35.0,7.0,12.175201416015625,0.5282595531759685,0.0,0.0
2026-09-23T09:37:27.413821+07:00,final_benchmark:DepthMinimaxAgent,0.0,183.0,10.94,35.0,7.2,12.179031372070312,0.5282595531759685,0.0,0.0
2026-09-23T09:37:28.431633+07:00,final_benchmark:DepthMinimaxAgent,0.0,183.0,11.11,35.0,7.1,12.179107666015625,0.5282595531759685,0.0,0.0
2026-09-23T09:37:29.363747+07:00,final_benchmark:DepthMinimaxAgent,0.0,183.0,11.26,35.0,7.9,12.17529296875,0.5282595531759685,0.0,0.0
2026-09-23T09:37:30.313856+07:00,final_benchmark:DepthMinimaxAgent,0.0,183.0,11.32,35.0,7.0,12.175792694091797,0.5282595531759685,0.0,0.0
2026-09-23T09:37:31.348360+07:00,final_benchmark:DepthMinimaxAgent,0.0,183.0,11.18,35.0,7.2,12.17496109008789,0.5257737078281141,0.0,0.0
2026-09-23T09:37:32.329228+07:00,final_benchmark:DepthMinimaxAgent,0.0,183.0,11.08,35.0,7.5,12.169605255126953,0.5257737078281141,0.0,0.0
2026-09-23T09:37:33.364117+07:00,final_benchmark:DepthMinimaxAgent,0.0,183.0,10.99,35.0,6.9,12.169376373291016,0.5256250683783177,0.0,0.0
2026-09-23T09:37:34.278554+07:00,final_benchmark:DepthMinimaxAgent,0.0,183.0,11.06,35.0,7.9,12.16904067993164,0.5256250683783177,0.0,0.0
2026-09-23T09:37:35.277881+07:00,final_benchmark:DepthMinimaxAgent,0.0,183.0,11.14,35.0,7.2,12.169151306152344,0.5256250683783177,0.0,0.0
2026-09-23T09:37:36.303251+07:00,final_benchmark:DepthMinimaxAgent,0.0,183.0,11.19,35.0,7.1,12.169742584228516,0.5240035634583071,0.0,0.0
2026-09-23T09:37:37.310799+07:00,final_benchmark:DepthMinimaxAgent,0.0,183.0,11.18,35.0,9.6,12.169578552246094,0.5240035634583071,0.0,0.0
2026-09-23T09:37:38.381692+07:00,final_benchmark:DepthMinimaxAgent,0.0,183.0,11.09,35.0,13.3,12.19845962524414,0.5240035634583071,0.0,0.0
2026-09-23T09:37:39.298384+07:00,final_benchmark:DepthMinimaxAgent,0.0,183.0,11.01,35.0,12.4,12.221107482910156,0.5240035634583071,0.0,0.0
2026-09-23T09:37:40.384093+07:00,final_benchmark:DepthMinimaxAgent,0.0,183.0,10.96,35.0,11.6,12.251155853271484,0.5223261777560624,0.0,0.0
2026-09-23T09:37:41.264219+07:00,final_benchmark:DepthMinimaxAgent,0.0,183.0,11.16,35.0,11.3,12.249244689941406,0.5223261777560624,0.0,0.0
2026-09-23T09:37:42.314053+07:00,final_benchmark:DepthMinimaxAgent,0.0,183.0,11.26,35.0,11.5,12.24374771118164,0.5223261777560624,0.0,0.0
2026-09-23T09:37:43.299750+07:00,final_benchmark:DepthMinimaxAgent,0.0,183.0,11.28,35.0,10.3,12.242908477783203,0.5223261777560624,0.0,0.0
2026-09-23T09:37:44.348381+07:00,final_benchmark:DepthMinimaxAgent,0.0,183.0,11.16,35.0,10.7,12.2330322265625,0.5204166007445581,0.0,0.0
2026-09-23T09:37:45.360675+07:00,final_benchmark:DepthMinimaxAgent,0.0,183.0,11.02,35.0,11.8,12.232898712158203,0.5204166007445581,0.0,0.0
2026-09-23T09:37:46.314621+07:00,final_benchmark:DepthMinimaxAgent,0.0,183.0,11.07,35.0,10.5,12.232295989990234,0.5204166007445581,0.0,0.0
2026-09-23T09:37:47.314516+07:00,final_benchmark:DepthMinimaxAgent,0.0,183.0,11.23,35.0,7.1,12.231182098388672,0.5192339305665804,0.0,0.0
2026-09-23T09:37:48.297134+07:00,final_benchmark:DepthMinimaxAgent,0.0,183.0,11.34,35.0,9.3,12.226776123046875,0.5200578275944368,0.0,0.0
2026-09-23T09:37:49.381756+07:00,final_benchmark:DepthMinimaxAgent,0.0,183.0,11.31,35.0,9.7,12.226844787597656,0.5200578275944368,0.0,0.0
2026-09-23T09:37:50.381451+07:00,final_benchmark:DepthMinimaxAgent,0.0,183.0,11.19,35.0,10.4,12.226734161376953,0.5200578275944368,0.0,0.0
2026-09-23T09:37:51.393348+07:00,final_benchmark:DepthMinimaxAgent,0.0,183.0,11.08,35.0,9.0,12.226142883300781,0.5189291202721702,0.0,0.0
2026-09-23T09:37:52.352694+07:00,final_benchmark:DepthMinimaxAgent,0.0,183.0,10.98,35.0,8.8,12.225093841552734,0.519856547056296,0.0,0.0
2026-09-23T09:37:53.300858+07:00,final_benchmark:DepthMinimaxAgent,0.0,183.0,11.11,35.0,8.6,12.226821899414062,0.519856547056296,0.0,0.0
2026-09-23T09:37:54.317060+07:00,final_benchmark:DepthMinimaxAgent,0.0,183.0,11.37,35.0,7.6,12.224754333496094,0.519856547056296,0.0,0.0
2026-09-23T09:37:55.381636+07:00,final_benchmark:DepthMinimaxAgent,0.0,183.0,11.49,35.0,7.8,12.223831176757812,0.5184390641752201,0.0,0.0
2026-09-23T09:37:56.391460+07:00,final_benchmark:DepthMinimaxAgent,0.0,183.0,11.33,35.0,7.9,12.2244873046875,0.5184390641752201,0.0,0.0
2026-09-23T09:37:57.360059+07:00,final_benchmark:DepthMinimaxAgent,0.0,183.0,11.14,35.0,7.1,12.22420883178711,0.5184234958493698,0.0,0.0
2026-09-23T09:37:58.343196+07:00,final_benchmark:DepthMinimaxAgent,0.0,183.0,11.1,35.0,7.3,12.225013732910156,0.5184234958493698,0.0,0.0
2026-09-23T09:37:59.290534+07:00,final_benchmark:DepthMinimaxAgent,0.0,183.0,11.13,35.0,7.5,12.22817611694336,0.5184234958493698,0.0,0.0
2026-09-23T09:38:00.314078+07:00,final_benchmark:DepthMinimaxAgent,0.0,183.0,11.24,35.0,7.3,12.222431182861328,0.5184234958493698,0.0,0.0
2026-09-23T09:38:01.278766+07:00,final_benchmark:DepthMinimaxAgent,0.0,183.0,11.29,35.0,7.0,12.225601196289062,0.516316527723265,0.0,0.0
2026-09-23T09:38:02.331664+07:00,final_benchmark:DepthMinimaxAgent,0.0,183.0,11.26,35.0,7.8,12.225177764892578,0.516316527723265,0.0,0.0
2026-09-23T09:38:03.314181+07:00,final_benchmark:DepthMinimaxAgent,0.0,183.0,11.15,35.0,6.7,12.223873138427734,0.516316527723265,0.0,0.0
2026-09-23T09:38:04.331722+07:00,final_benchmark:DepthMinimaxAgent,0.0,183.0,11.02,35.0,7.5,12.224441528320312,0.516316527723265,0.0,0.0
2026-09-23T09:38:05.266474+07:00,final_benchmark:DepthMinimaxAgent,0.0,183.0,11.07,35.0,7.6,12.223518371582031,0.5146222222259157,0.0,0.0
2026-09-23T09:38:06.381668+07:00,final_benchmark:DepthMinimaxAgent,0.0,183.0,11.16,35.0,9.5,12.219341278076172,0.5146222222259157,0.0,0.0
2026-09-23T09:38:07.348289+07:00,final_benchmark:DepthMinimaxAgent,0.0,183.0,11.41,35.0,8.0,12.22287368774414,0.5146222222259157,0.0,0.0
2026-09-23T09:38:08.331987+07:00,final_benchmark:DepthMinimaxAgent,0.0,183.0,11.42,35.0,8.3,12.22244644165039,0.5136762500368125,0.0,0.0
2026-09-23T09:38:09.364318+07:00,final_benchmark:DepthMinimaxAgent,0.0,183.0,11.27,35.0,8.6,12.221885681152344,0.5136762500368125,0.0,0.0
2026-09-23T09:38:10.340230+07:00,final_benchmark:DepthMinimaxAgent,0.0,183.0,11.1,35.0,8.4,12.222206115722656,0.5136762500368125,0.0,0.0
2026-09-23T09:38:11.348675+07:00,final_benchmark:DepthMinimaxAgent,0.0,183.0,11.12,35.0,7.4,12.207664489746094,0.5136762500368125,0.0,0.0
2026-09-23T09:38:12.344017+07:00,final_benchmark:DepthMinimaxAgent,0.0,183.0,11.23,35.0,9.3,12.207683563232422,0.5122580103547598,0.0,0.0
2026-09-23T09:38:13.348495+07:00,final_benchmark:DepthMinimaxAgent,0.0,183.0,11.35,35.0,8.1,12.207656860351562,0.5131510685736859,0.0,0.0
2026-09-23T09:38:14.281757+07:00,final_benchmark:DepthMinimaxAgent,0.0,183.0,11.46,35.0,9.2,12.20782470703125,0.5131510685736859,0.0,0.0
2026-09-23T09:38:15.325415+07:00,final_benchmark:DepthMinimaxAgent,0.0,183.0,11.33,35.0,11.6,12.203670501708984,0.5131510685736859,0.0,0.0
2026-09-23T09:38:16.364066+07:00,final_benchmark:DepthMinimaxAgent,0.0,183.0,11.25,35.0,10.5,12.209400177001953,0.5120775970072695,0.0,0.0
2026-09-23T09:38:17.398861+07:00,final_benchmark:DepthMinimaxAgent,0.0,183.0,11.12,35.0,8.6,12.209217071533203,0.5120775970072695,0.0,0.0
2026-09-23T09:38:18.415255+07:00,final_benchmark:DepthMinimaxAgent,0.0,183.0,11.21,35.0,8.1,12.20571517944336,0.5120775970072695,0.0,0.0
2026-09-23T09:38:19.302848+07:00,final_benchmark:DepthMinimaxAgent,0.0,183.0,11.26,35.0,9.2,12.206111907958984,0.5120775970072695,0.0,0.0
2026-09-23T09:38:20.414070+07:00,final_benchmark:DepthMinimaxAgent,0.0,183.0,11.43,35.0,8.2,12.20577621459961,0.5104289454798167,0.0,0.0
2026-09-23T09:38:21.298809+07:00,final_benchmark:DepthMinimaxAgent,0.0,183.0,11.46,35.0,7.3,12.205543518066406,0.5104289454798167,0.0,0.0
2026-09-23T09:38:22.364242+07:00,final_benchmark:DepthMinimaxAgent,0.0,183.0,11.27,35.0,8.3,12.204418182373047,0.5104289454798167,0.0,0.0
2026-09-23T09:38:23.337082+07:00,final_benchmark:DepthMinimaxAgent,0.0,183.0,11.1,35.0,7.8,12.20235824584961,0.5104289454798167,0.0,0.0
2026-09-23T09:38:24.304504+07:00,final_benchmark:DepthMinimaxAgent,0.0,183.0,11.09,35.0,9.0,12.202934265136719,0.5085718385695202,0.0,0.0
2026-09-23T09:38:25.365259+07:00,final_benchmark:DepthMinimaxAgent,0.0,183.0,11.24,35.0,7.4,12.202678680419922,0.5085718385695202,0.0,0.0
2026-09-23T09:38:26.381659+07:00,final_benchmark:DepthMinimaxAgent,0.0,183.0,11.32,35.0,7.7,12.202713012695312,0.5085718385695202,0.0,0.0
2026-09-23T09:38:27.348370+07:00,final_benchmark:DepthMinimaxAgent,0.0,183.0,11.42,35.0,8.0,12.203720092773438,0.5070075115436531,0.0,0.0
2026-09-23T09:38:28.431686+07:00,final_benchmark:DepthMinimaxAgent,0.0,183.0,11.33,35.0,8.9,12.20370864868164,0.5077789783137485,0.0,0.0
2026-09-23T09:38:29.416310+07:00,final_benchmark:DepthMinimaxAgent,0.0,183.0,11.12,35.0,7.9,12.203971862792969,0.5077789783137485,0.0,0.0
2026-09-23T09:38:30.347420+07:00,final_benchmark:DepthMinimaxAgent,0.0,183.0,11.08,35.0,7.7,12.204383850097656,0.5077789783137485,0.0,0.0
2026-09-23T09:38:31.307831+07:00,final_benchmark:DepthMinimaxAgent,0.0,183.0,11.09,35.0,8.0,12.204296112060547,0.5077789783137485,0.0,0.0
2026-09-23T09:38:32.363899+07:00,final_benchmark:DepthMinimaxAgent,0.0,183.0,11.24,35.0,8.9,12.204044342041016,0.5077789783137485,0.0,0.0
2026-09-23T09:38:33.339964+07:00,final_benchmark:DepthMinimaxAgent,0.0,183.0,11.28,35.0,8.2,12.203437805175781,0.5058084930891668,0.0,0.0
2026-09-23T09:38:34.413908+07:00,final_benchmark:DepthMinimaxAgent,0.0,183.0,11.25,35.0,7.6,12.204574584960938,0.5058084930891668,0.0,0.0
2026-09-23T09:38:35.328965+07:00,final_benchmark:DepthMinimaxAgent,0.0,183.0,11.11,35.0,8.5,12.204830169677734,0.5054991048523911,0.0,0.0
2026-09-23T09:38:36.326055+07:00,final_benchmark:DepthMinimaxAgent,0.0,183.0,11.05,35.0,8.5,12.205459594726562,0.5054991048523911,0.0,0.0
2026-09-23T09:38:37.331785+07:00,final_benchmark:DepthMinimaxAgent,0.0,183.0,11.17,35.0,7.5,12.20443344116211,0.5054991048523911,0.0,0.0
2026-09-23T09:38:38.381702+07:00,final_benchmark:DepthMinimaxAgent,0.0,183.0,11.33,35.0,8.7,12.204582214355469,0.5047751487809258,0.0,0.0
2026-09-23T09:38:39.319984+07:00,final_benchmark:DepthMinimaxAgent,0.0,183.0,11.33,35.0,8.3,12.20479965209961,0.5047751487809258,0.0,0.0
2026-09-23T09:38:40.299753+07:00,final_benchmark:DepthMinimaxAgent,0.0,183.0,11.3,35.0,7.2,12.204395294189453,0.5047751487809258,0.0,0.0
2026-09-23T09:38:41.413805+07:00,final_benchmark:DepthMinimaxAgent,0.0,183.0,11.11,35.0,8.0,12.204017639160156,0.5039133419844506,0.0,0.0
2026-09-23T09:38:42.331787+07:00,final_benchmark:DepthMinimaxAgent,0.0,183.0,10.99,35.0,8.0,12.204669952392578,0.5039133419844506,0.0,0.0
2026-09-23T09:38:43.331663+07:00,final_benchmark:DepthMinimaxAgent,0.0,183.0,11.09,35.0,8.4,12.204536437988281,0.5039133419844506,0.0,0.0
2026-09-23T09:38:44.331751+07:00,final_benchmark:DepthMinimaxAgent,0.0,183.0,11.19,35.0,8.5,12.204856872558594,0.5027281045011608,0.0,0.0
2026-09-23T09:38:45.414155+07:00,final_benchmark:DepthMinimaxAgent,0.0,183.0,11.3,35.0,8.2,12.204837799072266,0.5027281045011608,0.0,0.0
2026-09-23T09:38:46.363890+07:00,final_benchmark:DepthMinimaxAgent,0.0,183.0,11.4,35.0,7.9,12.207008361816406,0.5027281045011608,0.0,0.0
2026-09-23T09:38:47.299608+07:00,final_benchmark:DepthMinimaxAgent,0.0,183.0,11.22,35.0,10.5,12.206245422363281,0.5027281045011608,0.0,0.0
2026-09-23T09:38:48.359535+07:00,final_benchmark:DepthMinimaxAgent,0.0,183.0,11.16,35.0,11.4,12.20528793334961,0.5011744529698933,0.0,0.0
2026-09-23T09:38:49.333419+07:00,final_benchmark:DepthMinimaxAgent,0.0,183.0,11.12,35.0,11.9,12.206008911132812,0.5011744529698933,0.0,0.0
2026-09-23T09:38:50.398407+07:00,final_benchmark:DepthMinimaxAgent,0.0,183.0,11.22,35.0,12.0,12.205986022949219,0.5011744529698933,0.0,0.0
2026-09-23T09:38:51.374581+07:00,final_benchmark:DepthMinimaxAgent,0.0,183.0,11.3,35.0,11.0,12.206398010253906,0.5003279085525886,0.0,0.0
2026-09-23T09:38:52.343295+07:00,final_benchmark:DepthMinimaxAgent,0.0,183.0,11.33,35.0,9.1,12.206256866455078,0.5003279085525886,0.0,0.0
2026-09-23T09:38:53.259307+07:00,final_benchmark:DepthMinimaxAgent,0.0,183.0,11.26,35.0,9.2,12.206336975097656,0.5003279085525886,0.0,0.0
2026-09-23T09:38:54.285350+07:00,final_benchmark:DepthMinimaxAgent,0.0,183.0,11.08,35.0,8.5,12.205646514892578,0.49965664111934177,0.0,0.0
2026-09-23T09:38:55.431787+07:00,final_benchmark:AlphaBetaAgent,0.0,183.0,10.97,35.0,11.3,12.204410552978516,0.5002756404929077,0.0,0.0
2026-09-23T09:38:56.374060+07:00,final_benchmark:AlphaBetaAgent,0.0,183.0,10.98,35.0,10.0,12.20355224609375,0.5007807560008193,0.0,0.0
2026-09-23T09:38:57.363963+07:00,final_benchmark:AlphaBetaAgent,0.0,183.0,11.18,35.0,9.1,12.20290756225586,0.5007807560008193,0.0,0.0
2026-09-23T09:38:58.266671+07:00,final_benchmark:AlphaBetaAgent,0.0,183.0,11.29,35.0,9.1,12.202678680419922,0.5013510014641605,0.0,0.0
2026-09-23T09:38:59.329385+07:00,final_benchmark:AlphaBetaAgent,0.0,183.0,11.21,35.0,9.5,12.197643280029297,0.5019537851820378,0.0,0.0
2026-09-23T09:39:00.292699+07:00,final_benchmark:AlphaBetaAgent,0.0,183.0,11.1,35.0,8.8,12.197715759277344,0.5019537851820378,0.0,0.0
2026-09-23T09:39:01.308862+07:00,final_benchmark:AlphaBetaAgent,0.0,183.0,10.99,35.0,9.2,12.198055267333984,0.5020156313575024,0.0,0.0
2026-09-23T09:39:02.341004+07:00,final_benchmark:AlphaBetaAgent,0.0,183.0,11.11,35.0,7.2,12.197563171386719,0.5020156313575024,0.0,0.0
2026-09-23T09:39:03.272040+07:00,final_benchmark:AlphaBetaAgent,0.0,183.0,11.27,35.0,7.0,12.196250915527344,0.5017964004482683,0.0,0.0
2026-09-23T09:39:04.348366+07:00,final_benchmark:AlphaBetaAgent,0.0,183.0,11.24,35.0,7.4,12.196563720703125,0.5017964004482683,0.0,0.0
2026-09-23T09:39:05.316604+07:00,final_benchmark:AlphaBetaAgent,0.0,183.0,11.24,35.0,7.9,12.196208953857422,0.5018788441034044,0.0,0.0
2026-09-23T09:39:06.363813+07:00,final_benchmark:AlphaBetaAgent,0.0,183.0,11.04,35.0,7.8,12.196880340576172,0.5018788441034044,0.0,0.0
2026-09-23T09:39:07.290072+07:00,final_benchmark:AlphaBetaAgent,0.0,183.0,11.0,35.0,7.9,12.196170806884766,0.502123461697461,0.0,0.0
2026-09-23T09:39:08.247703+07:00,final_benchmark:AlphaBetaAgent,0.0,183.0,11.04,35.0,7.8,12.196884155273438,0.502123461697461,0.0,0.0
2026-09-23T09:39:09.320488+07:00,final_benchmark:AlphaBetaAgent,0.0,183.0,11.1,35.0,8.3,12.197189331054688,0.5023716454066065,0.0,0.0
2026-09-23T09:39:10.307365+07:00,final_benchmark:AlphaBetaAgent,0.0,183.0,11.26,35.0,7.9,12.189018249511719,0.502686065695982,0.0,0.0
2026-09-23T09:39:11.260312+07:00,final_benchmark:AlphaBetaAgent,0.0,183.0,11.31,35.0,7.2,12.185188293457031,0.502686065695982,0.0,0.0
2026-09-23T09:39:12.330049+07:00,final_benchmark:AlphaBetaAgent,0.0,183.0,11.25,35.0,8.0,12.185165405273438,0.5029552408737791,0.0,0.0
2026-09-23T09:39:13.381784+07:00,final_benchmark:AlphaBetaAgent,0.0,183.0,11.09,35.0,7.9,12.185127258300781,0.5032609936485797,0.0,0.0
2026-09-23T09:39:14.363842+07:00,final_benchmark:AlphaBetaAgent,0.0,183.0,11.01,35.0,8.0,12.185169219970703,0.5032609936485797,0.0,0.0
2026-09-23T09:39:15.257221+07:00,final_benchmark:AlphaBetaAgent,0.0,183.0,11.18,35.0,7.1,12.185375213623047,0.5032609936485797,0.0,0.0
2026-09-23T09:39:16.296353+07:00,final_benchmark:AlphaBetaAgent,0.0,183.0,11.18,35.0,8.8,12.185222625732422,0.5030983314762276,0.0,0.0
2026-09-23T09:39:17.414252+07:00,final_benchmark:AlphaBetaAgent,0.0,183.0,11.35,35.0,8.0,12.185157775878906,0.5033413614164554,0.0,0.0
2026-09-23T09:39:18.303249+07:00,final_benchmark:AlphaBetaAgent,0.0,183.0,11.28,35.0,7.5,12.185348510742188,0.5038914979709032,0.0,0.0
2026-09-23T09:39:19.259606+07:00,final_benchmark:AlphaBetaAgent,0.0,183.0,11.17,35.0,7.2,12.187015533447266,0.5038914979709032,0.0,0.0
2026-09-23T09:39:20.269209+07:00,final_benchmark:AlphaBetaAgent,0.0,183.0,11.02,35.0,8.1,12.1866455078125,0.5043742280292113,0.0,0.0
2026-09-23T09:39:21.437299+07:00,final_benchmark:AlphaBetaAgent,0.0,183.0,11.1,35.0,7.2,12.186885833740234,0.5050280337731885,0.0,0.0
2026-09-23T09:39:22.348455+07:00,final_benchmark:AlphaBetaAgent,0.0,183.0,11.13,35.0,7.7,12.187042236328125,0.5056223750063918,0.0,0.0
2026-09-23T09:39:23.311277+07:00,final_benchmark:AlphaBetaAgent,0.0,183.0,11.29,35.0,8.0,12.190231323242188,0.5056223750063918,0.0,0.0
2026-09-23T09:39:24.313913+07:00,final_benchmark:AlphaBetaAgent,0.0,183.0,11.34,35.0,7.1,12.1907958984375,0.5058689289279065,0.0,0.0
2026-09-23T09:39:25.340202+07:00,final_benchmark:AlphaBetaAgent,0.0,183.0,11.16,35.0,7.5,12.190563201904297,0.5058689289279065,0.0,0.0
2026-09-23T09:39:26.234024+07:00,final_benchmark:AlphaBetaAgent,0.0,183.0,11.09,35.0,8.1,12.18655014038086,0.5058322899309456,0.0,0.0
2026-09-23T09:39:27.331785+07:00,final_benchmark:AlphaBetaAgent,0.0,183.0,11.15,35.0,7.4,12.191993713378906,0.506277410021624,0.0,0.0
2026-09-23T09:39:28.378225+07:00,final_benchmark:AlphaBetaAgent,0.0,183.0,11.36,35.0,7.5,12.192390441894531,0.506277410021624,0.0,0.0
2026-09-23T09:39:29.267449+07:00,final_benchmark:AlphaBetaAgent,0.0,183.0,11.4,35.0,8.2,12.188220977783203,0.5067735921761788,0.0,0.0
2026-09-23T09:39:30.278982+07:00,final_benchmark:AlphaBetaAgent,0.0,183.0,11.43,35.0,7.0,12.18802261352539,0.5067735921761788,0.0,0.0
2026-09-23T09:39:31.398272+07:00,final_benchmark:AlphaBetaAgent,0.0,183.0,11.34,35.0,7.5,12.192371368408203,0.5069736547618217,0.0,0.0
2026-09-23T09:39:32.298596+07:00,final_benchmark:AlphaBetaAgent,0.0,183.0,11.22,35.0,7.6,12.188243865966797,0.5072956214062687,0.0,0.0
2026-09-23T09:39:33.281709+07:00,final_benchmark:AlphaBetaAgent,0.0,183.0,11.26,35.0,7.8,12.187885284423828,0.5072956214062687,0.0,0.0
2026-09-23T09:39:34.298252+07:00,final_benchmark:AlphaBetaAgent,0.0,183.0,11.35,35.0,7.7,12.187896728515625,0.5077088743181918,0.0,0.0
2026-09-23T09:39:35.282204+07:00,final_benchmark:AlphaBetaAgent,0.0,183.0,11.44,35.0,7.5,12.18817138671875,0.5080562620962346,0.0,0.0
2026-09-23T09:39:36.298630+07:00,final_benchmark:AlphaBetaAgent,0.0,183.0,11.45,35.0,7.8,12.188240051269531,0.5085338697705213,0.0,0.0
2026-09-23T09:39:37.315074+07:00,final_benchmark:AlphaBetaAgent,0.0,183.0,11.31,35.0,8.5,12.187370300292969,0.5085338697705213,0.0,0.0
2026-09-23T09:39:38.298052+07:00,final_benchmark:AlphaBetaAgent,0.0,183.0,11.21,35.0,8.3,12.189067840576172,0.5087806682332301,0.0,0.0
2026-09-23T09:39:39.388656+07:00,final_benchmark:AlphaBetaAgent,0.0,183.0,11.18,35.0,7.6,12.188411712646484,0.5087806682332301,0.0,0.0
2026-09-23T09:39:40.301590+07:00,final_benchmark:AlphaBetaAgent,0.0,183.0,11.27,35.0,7.5,12.188514709472656,0.5088558940454581,0.0,0.0
2026-09-23T09:39:41.306402+07:00,final_benchmark:AlphaBetaAgent,0.0,183.0,11.31,35.0,7.8,12.186832427978516,0.5091509667772637,0.0,0.0
2026-09-23T09:39:42.269989+07:00,final_benchmark:AlphaBetaAgent,0.0,183.0,11.41,35.0,6.8,12.186840057373047,0.5091509667772637,0.0,0.0
2026-09-23T09:39:43.378882+07:00,final_benchmark:AlphaBetaAgent,0.0,183.0,11.36,35.0,8.7,12.187034606933594,0.5097112166718225,0.0,0.0
2026-09-23T09:39:44.302785+07:00,final_benchmark:AlphaBetaAgent,0.0,183.0,11.28,35.0,7.6,12.187240600585938,0.5103420538994123,0.0,0.0
2026-09-23T09:39:45.281875+07:00,final_benchmark:AlphaBetaAgent,0.0,183.0,11.15,35.0,8.5,12.187973022460938,0.5103420538994123,0.0,0.0
2026-09-23T09:39:46.300514+07:00,final_benchmark:AlphaBetaAgent,1.0,183.0,11.2,35.0,8.1,12.187923431396484,0.5102345665610518,0.0,0.0
2026-09-23T09:39:47.363168+07:00,final_benchmark:AlphaBetaAgent,0.0,183.0,11.3,35.0,7.9,12.185783386230469,0.5102345665610518,0.0,0.0
2026-09-23T09:39:48.379347+07:00,final_benchmark:AlphaBetaAgent,0.0,183.0,11.5,35.0,6.8,12.186065673828125,0.5099770358272193,0.0,0.0
2026-09-23T09:39:49.362562+07:00,final_benchmark:AlphaBetaAgent,0.0,183.0,11.47,35.0,8.1,12.182632446289062,0.5099770358272193,0.0,0.0
2026-09-23T09:39:50.275244+07:00,final_benchmark:AlphaBetaAgent,0.0,183.0,11.29,35.0,7.8,12.182907104492188,0.5103635001155795,0.0,0.0
2026-09-23T09:39:51.301767+07:00,final_benchmark:AlphaBetaAgent,0.0,183.0,11.08,35.0,7.9,12.182727813720703,0.5107755222186645,0.0,0.0
2026-09-23T09:39:52.233734+07:00,final_benchmark:AlphaBetaAgent,0.0,183.0,11.07,35.0,7.9,12.182502746582031,0.5107755222186645,0.0,0.0
2026-09-23T09:39:53.363718+07:00,final_benchmark:AlphaBetaAgent,0.0,183.0,11.22,35.0,9.7,12.180671691894531,0.5109151468523505,0.0,0.0
2026-09-23T09:39:54.281655+07:00,final_benchmark:AlphaBetaAgent,0.0,183.0,11.41,35.0,10.0,12.181407928466797,0.5109151468523505,0.0,0.0
2026-09-23T09:39:55.381594+07:00,final_benchmark:AlphaBetaAgent,0.0,183.0,11.4,35.0,9.3,12.180862426757812,0.5111240475162526,0.0,0.0
2026-09-23T09:39:56.285213+07:00,final_benchmark:AlphaBetaAgent,0.0,183.0,11.32,35.0,11.4,12.18096923828125,0.5111240475162526,0.0,0.0
2026-09-23T09:39:57.397843+07:00,final_benchmark:AlphaBetaAgent,0.0,183.0,11.26,35.0,11.1,12.17905044555664,0.5111272485693659,0.0,0.0
2026-09-23T09:39:58.269436+07:00,final_benchmark:AlphaBetaAgent,0.0,183.0,11.1,35.0,10.5,12.180233001708984,0.5112008427296308,0.0,0.0
2026-09-23T09:39:59.279295+07:00,final_benchmark:AlphaBetaAgent,0.0,183.0,11.21,35.0,9.6,12.179527282714844,0.5112008427296308,0.0,0.0
2026-09-23T09:40:00.300542+07:00,final_benchmark:AlphaBetaAgent,0.0,183.0,11.36,35.0,7.8,12.176502227783203,0.5112008427296308,0.0,0.0
2026-09-23T09:40:01.312178+07:00,final_benchmark:AlphaBetaAgent,0.0,183.0,11.36,35.0,9.5,12.178375244140625,0.5110998434495951,0.0,0.0
2026-09-23T09:40:02.311490+07:00,final_benchmark:AlphaBetaAgent,0.0,183.0,11.32,35.0,10.0,12.178455352783203,0.5114207400679885,0.0,0.0
2026-09-23T09:40:03.400729+07:00,final_benchmark:AlphaBetaAgent,0.0,183.0,11.16,35.0,8.5,12.179534912109375,0.5114207400679885,0.0,0.0
2026-09-23T09:40:04.276686+07:00,final_benchmark:AlphaBetaAgent,0.0,183.0,11.12,35.0,9.0,12.173072814941406,0.5117024335548471,0.0,0.0
2026-09-23T09:40:05.305866+07:00,final_benchmark:AlphaBetaAgent,0.0,183.0,11.1,35.0,9.5,12.17330551147461,0.5124390786242732,0.0,0.0
2026-09-23T09:40:06.376349+07:00,final_benchmark:AlphaBetaAgent,0.0,183.0,11.25,35.0,6.9,12.173458099365234,0.5127102022773803,0.0,0.0
2026-09-23T09:40:07.348352+07:00,final_benchmark:AlphaBetaAgent,0.0,183.0,11.35,35.0,7.6,12.173583984375,0.5127102022773803,0.0,0.0
2026-09-23T09:40:08.270392+07:00,final_benchmark:AlphaBetaAgent,0.0,183.0,11.34,35.0,7.9,12.173660278320312,0.5130154882080349,0.0,0.0
2026-09-23T09:40:09.248177+07:00,final_benchmark:AlphaBetaAgent,0.0,183.0,11.06,35.0,7.0,12.173717498779297,0.5130154882080349,0.0,0.0
2026-09-23T09:40:10.346510+07:00,final_benchmark:AlphaBetaAgent,0.0,183.0,11.1,35.0,7.5,12.173648834228516,0.512738615055114,0.0,0.0
2026-09-23T09:40:11.292047+07:00,final_benchmark:AlphaBetaAgent,0.0,183.0,11.03,35.0,7.7,12.173179626464844,0.512738615055114,0.0,0.0
2026-09-23T09:40:12.298294+07:00,final_benchmark:AlphaBetaAgent,0.0,183.0,11.23,35.0,8.1,12.173236846923828,0.5126180771770503,0.0,0.0
2026-09-23T09:40:13.363921+07:00,final_benchmark:AlphaBetaAgent,0.0,183.0,11.26,35.0,8.0,12.181854248046875,0.5126180771770503,0.0,0.0
2026-09-23T09:40:14.297377+07:00,final_benchmark:AlphaBetaAgent,0.0,183.0,11.35,35.0,7.6,12.18216323852539,0.5125836039922255,0.0,0.0
2026-09-23T09:40:15.322470+07:00,final_benchmark:AlphaBetaAgent,0.0,183.0,11.24,35.0,7.9,12.182243347167969,0.5125836039922255,0.0,0.0
2026-09-23T09:40:16.253794+07:00,final_benchmark:AlphaBetaAgent,0.0,183.0,11.11,35.0,6.7,12.182109832763672,0.5125836039922255,0.0,0.0
2026-09-23T09:40:17.328565+07:00,final_benchmark:AlphaBetaAgent,0.0,183.0,11.1,35.0,8.3,12.182010650634766,0.5132745534882802,0.0,0.0
2026-09-23T09:40:18.324939+07:00,final_benchmark:AlphaBetaAgent,0.0,183.0,11.16,35.0,7.9,12.181999206542969,0.5139690164233052,0.0,0.0
2026-09-23T09:40:19.321856+07:00,final_benchmark:AlphaBetaAgent,0.0,183.0,11.3,35.0,8.0,12.181930541992188,0.5144961370093062,0.0,0.0
2026-09-23T09:40:20.329847+07:00,final_benchmark:AlphaBetaAgent,0.0,183.0,11.38,35.0,8.3,12.18204116821289,0.5144961370093062,0.0,0.0
2026-09-23T09:40:21.279409+07:00,final_benchmark:AlphaBetaAgent,0.0,183.0,11.25,35.0,7.3,12.18136978149414,0.5160073513384164,0.0,0.0
2026-09-23T09:40:22.290415+07:00,final_benchmark:AlphaBetaAgent,0.0,183.0,11.06,35.0,7.9,12.181339263916016,0.5160073513384164,0.0,0.0
2026-09-23T09:40:23.279300+07:00,final_benchmark:AlphaBetaAgent,0.0,183.0,10.97,35.0,7.4,12.181068420410156,0.5162143566723535,0.0,0.0
2026-09-23T09:40:24.362581+07:00,final_benchmark:AlphaBetaAgent,0.0,183.0,11.07,35.0,8.6,12.181705474853516,0.5167153621732767,0.0,0.0
2026-09-23T09:40:25.331545+07:00,final_benchmark:AlphaBetaAgent,0.0,183.0,11.13,35.0,7.3,12.182159423828125,0.5167153621732767,0.0,0.0
2026-09-23T09:40:26.270977+07:00,final_benchmark:AlphaBetaAgent,0.0,183.0,11.3,35.0,7.0,12.182010650634766,0.516773665842659,0.0,0.0
2026-09-23T09:40:27.244597+07:00,final_benchmark:AlphaBetaAgent,0.0,183.0,11.26,35.0,7.8,12.181900024414062,0.516773665842659,0.0,0.0
2026-09-23T09:40:28.328718+07:00,final_benchmark:AlphaBetaAgent,0.0,183.0,11.23,35.0,8.4,12.181808471679688,0.5169761371578357,0.0,0.0
2026-09-23T09:40:29.314198+07:00,final_benchmark:AlphaBetaAgent,0.0,183.0,11.1,35.0,7.4,12.182411193847656,0.5169761371578357,0.0,0.0
2026-09-23T09:40:30.314735+07:00,final_benchmark:AlphaBetaAgent,0.0,183.0,11.05,35.0,7.7,12.183647155761719,0.5171305962653615,0.0,0.0
2026-09-23T09:40:31.273011+07:00,final_benchmark:AlphaBetaAgent,0.0,183.0,11.08,35.0,7.5,12.183761596679688,0.5171305962653615,0.0,0.0
2026-09-23T09:40:32.298418+07:00,final_benchmark:AlphaBetaAgent,0.0,183.0,11.16,35.0,8.5,12.177841186523438,0.5171120905937636,0.0,0.0
2026-09-23T09:40:33.313896+07:00,final_benchmark:AlphaBetaAgent,0.0,183.0,11.27,35.0,6.9,12.17654037475586,0.5171120905937636,0.0,0.0
2026-09-23T09:40:34.348235+07:00,final_benchmark:AlphaBetaAgent,0.0,183.0,11.15,35.0,7.7,12.176464080810547,0.5169165233969562,0.0,0.0
2026-09-23T09:40:35.320586+07:00,final_benchmark:AlphaBetaAgent,0.0,183.0,11.09,35.0,7.6,12.177436828613281,0.5169165233969562,0.0,0.0
2026-09-23T09:40:36.359244+07:00,final_benchmark:AlphaBetaAgent,0.0,183.0,11.02,35.0,8.1,12.176887512207031,0.516845336224246,0.0,0.0
2026-09-23T09:40:37.278964+07:00,final_benchmark:AlphaBetaAgent,0.0,183.0,11.03,35.0,7.7,12.17703628540039,0.5169987844629961,0.0,0.0
2026-09-23T09:40:38.348270+07:00,final_benchmark:AlphaBetaAgent,0.0,183.0,11.18,35.0,7.7,12.17702865600586,0.5169987844629961,0.0,0.0
2026-09-23T09:40:39.237412+07:00,final_benchmark:AlphaBetaAgent,0.0,183.0,11.37,35.0,7.5,12.177009582519531,0.5169987844629961,0.0,0.0
2026-09-23T09:40:40.298282+07:00,final_benchmark:AlphaBetaAgent,0.0,183.0,11.27,35.0,7.3,12.177345275878906,0.5168996858617059,0.0,0.0
2026-09-23T09:40:41.347112+07:00,final_benchmark:AlphaBetaAgent,0.0,183.0,11.12,35.0,7.4,12.176990509033203,0.5169180910219016,0.0,0.0
2026-09-23T09:40:42.313264+07:00,final_benchmark:AlphaBetaAgent,0.0,183.0,11.07,35.0,7.7,12.177604675292969,0.5169180910219016,0.0,0.0
2026-09-23T09:40:43.331631+07:00,final_benchmark:AlphaBetaAgent,0.0,183.0,11.13,35.0,6.8,12.177833557128906,0.5172044195802611,0.0,0.0
2026-09-23T09:40:44.398213+07:00,final_benchmark:AlphaBetaAgent,0.0,183.0,11.25,35.0,7.5,12.177764892578125,0.5178664071599873,0.0,0.0
2026-09-23T09:40:45.277686+07:00,final_benchmark:AlphaBetaAgent,0.0,183.0,11.35,35.0,7.6,12.177783966064453,0.5178664071599873,0.0,0.0
2026-09-23T09:40:46.314884+07:00,final_benchmark:AlphaBetaAgent,0.0,183.0,11.34,35.0,8.2,12.177619934082031,0.5178589893086312,0.0,0.0
2026-09-23T09:40:47.289600+07:00,final_benchmark:AlphaBetaAgent,0.0,183.0,11.24,35.0,7.6,12.177913665771484,0.5178589893086312,0.0,0.0
2026-09-23T09:40:48.313888+07:00,final_benchmark:AlphaBetaAgent,0.0,183.0,11.07,35.0,7.3,12.176685333251953,0.5179920745451458,0.0,0.0
2026-09-23T09:40:49.413815+07:00,final_benchmark:AlphaBetaAgent,0.0,183.0,11.07,35.0,7.7,12.176742553710938,0.518206124746124,0.0,0.0
2026-09-23T09:40:50.263220+07:00,final_benchmark:AlphaBetaAgent,0.0,183.0,11.13,35.0,7.4,12.1771240234375,0.518206124746124,0.0,0.0
2026-09-23T09:40:51.348290+07:00,final_benchmark:AlphaBetaAgent,0.0,183.0,11.31,35.0,8.1,12.177215576171875,0.5180960776262904,0.0,0.0
2026-09-23T09:40:52.364191+07:00,final_benchmark:AlphaBetaAgent,0.0,183.0,11.35,35.0,8.3,12.176105499267578,0.5180960776262904,0.0,0.0
2026-09-23T09:40:53.348350+07:00,final_benchmark:AlphaBetaAgent,0.0,183.0,11.2,35.0,8.6,12.176616668701172,0.5183749514899542,0.0,0.0
2026-09-23T09:40:54.378785+07:00,final_benchmark:AlphaBetaAgent,0.0,183.0,11.13,35.0,8.6,12.175907135009766,0.5183749514899542,0.0,0.0
2026-09-23T09:40:55.363952+07:00,final_benchmark:AlphaBetaAgent,0.0,183.0,11.11,35.0,8.0,12.175605773925781,0.5183055740541276,0.0,0.0
2026-09-23T09:40:56.292198+07:00,final_benchmark:AlphaBetaAgent,0.0,183.0,11.11,35.0,8.2,12.17599868774414,0.5183055740541276,0.0,0.0
2026-09-23T09:40:57.279012+07:00,final_benchmark:AlphaBetaAgent,0.0,183.0,11.21,35.0,8.0,12.175285339355469,0.518223451993898,0.0,0.0
2026-09-23T09:40:58.363789+07:00,final_benchmark:AlphaBetaAgent,0.0,183.0,11.29,35.0,8.0,12.175888061523438,0.5189097114852605,0.0,0.0
2026-09-23T09:40:59.367006+07:00,final_benchmark:AlphaBetaAgent,0.0,183.0,11.2,35.0,9.6,12.174896240234375,0.5189097114852605,0.0,0.0
2026-09-23T09:41:00.369790+07:00,final_benchmark:AlphaBetaAgent,0.0,183.0,10.99,35.0,9.2,12.175117492675781,0.5188600551551289,0.0,0.0
2026-09-23T09:41:01.359182+07:00,final_benchmark:AlphaBetaAgent,0.0,183.0,10.99,35.0,11.1,12.175067901611328,0.5192319762311501,0.0,0.0
2026-09-23T09:41:02.323100+07:00,final_benchmark:AlphaBetaAgent,0.0,183.0,11.08,35.0,10.7,12.175117492675781,0.5192319762311501,0.0,0.0
2026-09-23T09:41:03.397475+07:00,final_benchmark:AlphaBetaAgent,0.0,183.0,11.14,35.0,11.3,12.174510955810547,0.519777507627781,0.0,0.0
2026-09-23T09:41:04.313907+07:00,final_benchmark:AlphaBetaAgent,0.0,183.0,11.28,35.0,8.4,12.174430847167969,0.5200607537873934,0.0,0.0
2026-09-23T09:41:05.364831+07:00,final_benchmark:AlphaBetaAgent,0.0,183.0,11.29,35.0,8.9,12.17501449584961,0.5200607537873934,0.0,0.0
2026-09-23T09:41:06.295697+07:00,final_benchmark:AlphaBetaAgent,0.0,183.0,11.22,35.0,10.8,12.174308776855469,0.5200607537873934,0.0,0.0
2026-09-23T09:41:07.364272+07:00,final_benchmark:AlphaBetaAgent,0.0,183.0,11.01,35.0,8.2,12.17465591430664,0.5196461665312456,0.0,0.0
2026-09-23T09:41:08.297608+07:00,final_benchmark:AlphaBetaAgent,0.0,183.0,11.06,35.0,10.0,12.172855377197266,0.5198418377996918,0.0,0.0
2026-09-23T09:41:09.279929+07:00,final_benchmark:AlphaBetaAgent,0.0,183.0,11.18,35.0,8.6,12.187118530273438,0.5198418377996918,0.0,0.0
2026-09-23T09:41:10.348174+07:00,final_benchmark:AlphaBetaAgent,0.0,183.0,11.4,35.0,8.7,12.187919616699219,0.5198710687824166,0.0,0.0
2026-09-23T09:41:11.330213+07:00,final_benchmark:AlphaBetaAgent,0.0,183.0,11.51,35.0,7.9,12.187599182128906,0.5203169739244169,0.0,0.0
2026-09-23T09:41:12.314120+07:00,final_benchmark:AlphaBetaAgent,0.0,183.0,11.33,35.0,7.8,12.188621520996094,0.5203169739244169,0.0,0.0
2026-09-23T09:41:13.313134+07:00,final_benchmark:AlphaBetaAgent,0.0,183.0,11.02,35.0,7.9,12.190765380859375,0.5205689543756886,0.0,0.0
2026-09-23T09:41:14.448608+07:00,final_benchmark:AlphaBetaAgent,0.0,183.0,11.06,35.0,9.0,12.192604064941406,0.5210477243786149,0.0,0.0
2026-09-23T09:41:15.294607+07:00,final_benchmark:AlphaBetaAgent,0.0,183.0,11.04,35.0,7.7,12.194255828857422,0.5210477243786149,0.0,0.0
2026-09-23T09:41:16.299253+07:00,final_benchmark:AlphaBetaAgent,0.0,183.0,11.26,35.0,7.7,12.202545166015625,0.5210274664114899,0.0,0.0
2026-09-23T09:41:17.331716+07:00,final_benchmark:AlphaBetaAgent,0.0,183.0,11.33,35.0,8.6,12.21524429321289,0.5216930371128595,0.0,0.0
2026-09-23T09:41:18.312055+07:00,final_benchmark:AlphaBetaAgent,0.0,183.0,11.22,35.0,7.4,12.201698303222656,0.5216930371128595,0.0,0.0
2026-09-23T09:41:19.300911+07:00,final_benchmark:AlphaBetaAgent,0.0,183.0,11.2,35.0,7.5,12.201446533203125,0.5216930371128595,0.0,0.0
2026-09-23T09:41:20.320781+07:00,final_benchmark:AlphaBetaAgent,0.0,183.0,11.16,35.0,7.2,12.201679229736328,0.5213527689330019,0.0,0.0
2026-09-23T09:41:21.348267+07:00,final_benchmark:AlphaBetaAgent,0.0,183.0,11.23,35.0,7.3,12.201690673828125,0.5219795612735424,0.0,0.0
2026-09-23T09:41:22.246594+07:00,final_benchmark:AlphaBetaAgent,0.0,183.0,11.32,35.0,8.9,12.20172119140625,0.5224569569202788,0.0,0.0
2026-09-23T09:41:23.350913+07:00,final_benchmark:AlphaBetaAgent,0.0,183.0,11.4,35.0,7.6,12.19607162475586,0.5224569569202788,0.0,0.0
2026-09-23T09:41:24.347373+07:00,final_benchmark:AlphaBetaAgent,0.0,183.0,11.26,35.0,7.6,12.195289611816406,0.5224433212412656,0.0,0.0
2026-09-23T09:41:25.316351+07:00,final_benchmark:AlphaBetaAgent,0.0,183.0,11.14,35.0,8.4,12.195613861083984,0.5224433212412656,0.0,0.0
2026-09-23T09:41:26.281617+07:00,final_benchmark:AlphaBetaAgent,0.0,183.0,10.97,35.0,7.6,12.198692321777344,0.5223587917882114,0.0,0.0
2026-09-23T09:41:27.318292+07:00,final_benchmark:AlphaBetaAgent,0.0,183.0,10.99,35.0,7.6,12.195194244384766,0.5223587917882114,0.0,0.0
2026-09-23T09:41:28.298333+07:00,final_benchmark:AlphaBetaAgent,0.0,183.0,11.18,35.0,7.1,12.195571899414062,0.5220162402270551,0.0,0.0
2026-09-23T09:41:29.291909+07:00,final_benchmark:AlphaBetaAgent,0.0,183.0,11.33,35.0,8.4,12.195735931396484,0.5230461208450351,0.0,0.0
2026-09-23T09:41:30.264204+07:00,final_benchmark:AlphaBetaAgent,0.0,183.0,11.32,35.0,7.1,12.197494506835938,0.5231828010560172,0.0,0.0
2026-09-23T09:41:31.277224+07:00,final_benchmark:AlphaBetaAgent,0.0,183.0,11.24,35.0,7.4,12.199424743652344,0.5231828010560172,0.0,0.0
2026-09-23T09:41:32.309714+07:00,final_benchmark:AlphaBetaAgent,0.0,183.0,11.06,35.0,7.3,12.196426391601562,0.5232997951232782,0.0,0.0
2026-09-23T09:41:33.273902+07:00,final_benchmark:AlphaBetaAgent,0.0,183.0,11.05,35.0,6.5,12.195758819580078,0.5236432787781268,0.0,0.0
2026-09-23T09:41:34.331650+07:00,final_benchmark:AlphaBetaAgent,0.0,183.0,11.19,35.0,7.9,12.19976806640625,0.5236432787781268,0.0,0.0
2026-09-23T09:41:35.276424+07:00,final_benchmark:AlphaBetaAgent,0.0,183.0,11.26,35.0,7.2,12.196037292480469,0.5236432787781268,0.0,0.0
2026-09-23T09:41:36.275600+07:00,final_benchmark:AlphaBetaAgent,0.0,183.0,11.36,35.0,6.6,12.196590423583984,0.5235039862403877,0.0,0.0
2026-09-23T09:41:37.237287+07:00,final_benchmark:AlphaBetaAgent,0.0,183.0,11.34,35.0,7.5,12.197200775146484,0.523632617054514,0.0,0.0
2026-09-23T09:41:38.237148+07:00,final_benchmark:AlphaBetaAgent,4.0,183.0,27.25,37.0,8.8,12.193241119384766,0.523632617054514,0.0,0.0
2026-09-23T09:41:39.281682+07:00,final_benchmark:AlphaBetaAgent,4.0,183.0,27.91,37.0,8.2,12.193450927734375,0.523632617054514,0.0,0.0
2026-09-23T09:41:40.255055+07:00,final_benchmark:AlphaBetaAgent,4.0,183.0,27.23,37.0,7.9,12.193450927734375,0.523632617054514,0.0,0.0
2026-09-23T09:41:41.276468+07:00,final_benchmark:PositionEvalAgent,4.0,183.0,27.97,38.0,8.6,12.193534851074219,0.5221304329724775,0.0,0.0
2026-09-23T09:41:42.238216+07:00,final_benchmark:PositionEvalAgent,6.0,183.0,27.09,37.0,8.5,12.19369125366211,0.5221304329724775,0.0,0.0
2026-09-23T09:41:43.219118+07:00,final_benchmark:PositionEvalAgent,4.0,183.0,28.12,38.0,9.0,12.194366455078125,0.5221304329724775,0.0,0.0
2026-09-23T09:41:44.219541+07:00,final_benchmark:PositionEvalAgent,4.0,183.0,27.31,38.0,8.3,12.19350814819336,0.5221304329724775,0.0,0.0
2026-09-23T09:41:45.238251+07:00,final_benchmark:PositionEvalAgent,7.0,183.0,28.52,38.0,8.7,12.194202423095703,0.5221304329724775,0.0,0.0
2026-09-23T09:41:46.219643+07:00,final_benchmark:PositionEvalAgent,6.0,183.0,26.99,38.0,8.4,12.193462371826172,0.5202096940171967,0.0,0.0
2026-09-23T09:41:47.219643+07:00,final_benchmark:PositionEvalAgent,6.0,183.0,28.15,38.0,8.0,12.194557189941406,0.5202096940171967,0.0,0.0
2026-09-23T09:41:48.219328+07:00,final_benchmark:PositionEvalAgent,7.0,183.0,29.54,38.0,8.8,12.19461441040039,0.5202096940171967,0.0,0.0
2026-09-23T09:41:49.237001+07:00,final_benchmark:PositionEvalAgent,4.0,183.0,28.35,38.0,8.6,12.1944580078125,0.5202096940171967,0.0,0.0
2026-09-23T09:41:50.237969+07:00,final_benchmark:PositionEvalAgent,6.0,183.0,28.52,38.0,9.0,12.194072723388672,0.5202096940171967,0.0,0.0
2026-09-23T09:41:51.254153+07:00,final_benchmark:PositionEvalAgent,4.0,183.0,26.86,38.0,9.0,12.215965270996094,0.5202096940171967,0.0,0.0
2026-09-23T09:41:52.204204+07:00,final_benchmark:PositionEvalAgent,1.0,183.0,22.6,38.0,15.9,12.289859771728516,0.5176599055722577,0.0,0.0
2026-09-23T09:41:53.219491+07:00,final_benchmark:PositionEvalAgent,6.0,183.0,27.85,38.0,10.7,12.310592651367188,0.5176599055722577,0.0,0.0
2026-09-23T09:41:54.235671+07:00,final_benchmark:PositionEvalAgent,7.0,183.0,28.41,39.0,9.4,12.276744842529297,0.5176599055722577,0.0,0.0
2026-09-23T09:41:55.235691+07:00,final_benchmark:PositionEvalAgent,7.0,183.0,28.51,38.0,8.6,12.27688217163086,0.5176599055722577,0.0,0.0
2026-09-23T09:41:56.237145+07:00,final_benchmark:PositionEvalAgent,4.0,183.0,27.34,39.0,8.8,12.276420593261719,0.5176599055722577,0.0,0.0
2026-09-23T09:41:57.237349+07:00,final_benchmark:PositionEvalAgent,1.0,183.0,24.72,38.0,8.7,12.276802062988281,0.515616371713606,0.0,0.0
2026-09-23T09:41:58.219470+07:00,final_benchmark:PositionEvalAgent,7.0,183.0,28.15,39.0,8.8,12.276939392089844,0.515616371713606,0.0,0.0
2026-09-23T09:41:59.220672+07:00,final_benchmark:PositionEvalAgent,7.0,183.0,28.32,39.0,9.9,12.276744842529297,0.515616371713606,0.0,0.0
2026-09-23T09:42:00.221303+07:00,final_benchmark:PositionEvalAgent,6.0,183.0,28.26,39.0,10.0,12.276542663574219,0.515616371713606,0.0,0.0
2026-09-23T09:42:01.219247+07:00,final_benchmark:PositionEvalAgent,3.0,183.0,28.22,39.0,9.8,12.280269622802734,0.5143183663505007,0.0,0.0
2026-09-23T09:42:02.221656+07:00,final_benchmark:PositionEvalAgent,6.0,183.0,28.27,38.0,9.2,12.281211853027344,0.5143183663505007,0.0,0.0
2026-09-23T09:42:03.220997+07:00,final_benchmark:PositionEvalAgent,4.0,183.0,27.01,39.0,8.9,12.279560089111328,0.5143183663505007,0.0,0.0
2026-09-23T09:42:04.260341+07:00,final_benchmark:PositionEvalAgent,4.0,183.0,28.94,39.0,8.3,12.27847671508789,0.5143183663505007,0.0,0.0
2026-09-23T09:42:05.220404+07:00,final_benchmark:PositionEvalAgent,4.0,183.0,27.14,39.0,10.0,12.278068542480469,0.5128404735019435,0.0,0.0
2026-09-23T09:42:06.238400+07:00,final_benchmark:PositionEvalAgent,7.0,183.0,27.79,39.0,10.1,12.27846908569336,0.5128404735019435,0.0,0.0
2026-09-23T09:42:07.277894+07:00,final_benchmark:PositionEvalAgent,7.0,183.0,28.16,39.0,11.3,12.277568817138672,0.5128404735019435,0.0,0.0
2026-09-23T09:42:08.271628+07:00,final_benchmark:PositionEvalAgent,4.0,183.0,24.9,39.0,11.6,12.278377532958984,0.5128404735019435,0.0,0.0
2026-09-23T09:42:09.254958+07:00,final_benchmark:PositionEvalAgent,4.0,183.0,21.25,38.0,12.1,12.276153564453125,0.5113536659165869,0.0,0.0
2026-09-23T09:42:10.281756+07:00,final_benchmark:PositionEvalAgent,4.0,183.0,27.86,39.0,10.9,12.276252746582031,0.5113536659165869,0.0,0.0
2026-09-23T09:42:11.237236+07:00,final_benchmark:PositionEvalAgent,5.0,183.0,27.94,39.0,11.1,12.27841567993164,0.5113536659165869,0.0,0.0
2026-09-23T09:42:12.237484+07:00,final_benchmark:PositionEvalAgent,4.0,183.0,27.3,39.0,11.4,12.278182983398438,0.5113536659165869,0.0,0.0
2026-09-23T09:42:13.219808+07:00,final_benchmark:PositionEvalAgent,4.0,183.0,27.14,39.0,9.9,12.276046752929688,0.5113536659165869,0.0,0.0
2026-09-23T09:42:14.221935+07:00,final_benchmark:PositionEvalAgent,3.0,183.0,27.36,39.0,9.7,12.27658462524414,0.5096026245497451,0.0,0.0
2026-09-23T09:42:15.237196+07:00,final_benchmark:PositionEvalAgent,7.0,183.0,28.27,40.0,9.7,12.275585174560547,0.5096026245497451,0.0,0.0
2026-09-23T09:42:16.279283+07:00,final_benchmark:PositionEvalAgent,7.0,183.0,27.29,40.0,9.8,12.277641296386719,0.5096026245497451,0.0,0.0
2026-09-23T09:42:17.238400+07:00,final_benchmark:PositionEvalAgent,4.0,183.0,26.09,39.0,9.2,12.275688171386719,0.5089010638962841,0.0,0.0
2026-09-23T09:42:18.237211+07:00,final_benchmark:PositionEvalAgent,6.0,183.0,28.03,40.0,8.8,12.276721954345703,0.5089010638962841,0.0,0.0
2026-09-23T09:42:19.238551+07:00,final_benchmark:PositionEvalAgent,7.0,183.0,28.73,40.0,8.5,12.275871276855469,0.5089010638962841,0.0,0.0
2026-09-23T09:42:20.237573+07:00,final_benchmark:PositionEvalAgent,4.0,183.0,26.85,40.0,7.6,12.277381896972656,0.5089010638962841,0.0,0.0
2026-09-23T09:42:21.219814+07:00,final_benchmark:PositionEvalAgent,4.0,183.0,24.47,39.0,8.5,12.275222778320312,0.5075381065487334,0.0,0.0
2026-09-23T09:42:22.254878+07:00,final_benchmark:PositionEvalAgent,5.0,183.0,28.17,40.0,9.8,12.27524185180664,0.5075381065487334,0.0,0.0
2026-09-23T09:42:23.219937+07:00,final_benchmark:PositionEvalAgent,5.0,183.0,28.52,40.0,8.4,12.275772094726562,0.5075381065487334,0.0,0.0
2026-09-23T09:42:24.219477+07:00,final_benchmark:PositionEvalAgent,5.0,183.0,28.35,40.0,9.7,12.276813507080078,0.5075381065487334,0.0,0.0
2026-09-23T09:42:25.282971+07:00,final_benchmark:PositionEvalAgent,4.0,183.0,27.63,40.0,8.7,12.275970458984375,0.5075381065487334,0.0,0.0
2026-09-23T09:42:26.279027+07:00,final_benchmark:PositionEvalAgent,4.0,183.0,23.8,40.0,9.2,12.275741577148438,0.5075381065487334,0.0,0.0
2026-09-23T09:42:27.238185+07:00,final_benchmark:PositionEvalAgent,7.0,183.0,25.21,40.0,8.4,12.272586822509766,0.5054020359591285,0.0,0.0
2026-09-23T09:42:28.219304+07:00,final_benchmark:PositionEvalAgent,5.0,183.0,29.79,40.0,9.5,12.276405334472656,0.5054020359591285,0.0,0.0
2026-09-23T09:42:29.302285+07:00,final_benchmark:PositionEvalAgent,6.0,183.0,28.98,41.0,9.2,12.276992797851562,0.5054020359591285,0.0,0.0
2026-09-23T09:42:30.220494+07:00,final_benchmark:PositionEvalAgent,4.0,183.0,27.34,40.0,8.4,12.278282165527344,0.5054020359591285,0.0,0.0
2026-09-23T09:42:31.236775+07:00,final_benchmark:PositionEvalAgent,6.0,183.0,26.99,40.0,9.2,12.277477264404297,0.5037471265466065,0.0,0.0
2026-09-23T09:42:32.297819+07:00,final_benchmark:PositionEvalAgent,4.0,183.0,29.7,40.0,9.3,12.277042388916016,0.5037471265466065,0.0,0.0
2026-09-23T09:42:33.238281+07:00,final_benchmark:PositionEvalAgent,3.0,183.0,27.02,40.0,8.7,12.277774810791016,0.5037471265466065,0.0,0.0
2026-09-23T09:42:34.219628+07:00,final_benchmark:PositionEvalAgent,7.0,183.0,28.46,41.0,8.7,12.276988983154297,0.5037471265466065,0.0,0.0
2026-09-23T09:42:35.219652+07:00,final_benchmark:PositionEvalAgent,5.0,183.0,26.5,40.0,8.5,12.277767181396484,0.5037471265466065,0.0,0.0
2026-09-23T09:42:36.237890+07:00,final_benchmark:PositionEvalAgent,7.0,183.0,25.72,41.0,8.5,12.277275085449219,0.5022138139420999,0.0,0.0
2026-09-23T09:42:37.225863+07:00,final_benchmark:PositionEvalAgent,3.0,183.0,29.56,41.0,8.6,12.27810287475586,0.5022138139420999,0.0,0.0
2026-09-23T09:42:38.221623+07:00,final_benchmark:PositionEvalAgent,4.0,183.0,28.67,40.0,9.1,12.276042938232422,0.5022138139420999,0.0,0.0
2026-09-23T09:42:39.221219+07:00,final_benchmark:PositionEvalAgent,4.0,183.0,28.21,40.0,8.9,12.276348114013672,0.5022138139420999,0.0,0.0
2026-09-23T09:42:40.237199+07:00,final_benchmark:PositionEvalAgent,6.0,183.0,28.67,41.0,8.8,12.27587890625,0.5022138139420999,0.0,0.0
2026-09-23T09:42:41.238302+07:00,final_benchmark:PositionEvalAgent,3.0,183.0,29.65,41.0,9.6,12.276863098144531,0.5002980333390218,0.0,0.0
2026-09-23T09:42:42.220320+07:00,final_benchmark:PositionEvalAgent,6.0,183.0,28.06,41.0,8.5,12.276798248291016,0.5002980333390218,0.0,0.0
2026-09-23T09:42:43.203735+07:00,final_benchmark:PositionEvalAgent,7.0,183.0,28.37,41.0,8.8,12.277168273925781,0.5002980333390218,0.0,0.0
2026-09-23T09:42:44.204887+07:00,final_benchmark:PositionEvalAgent,7.0,183.0,28.0,41.0,7.9,12.276386260986328,0.5002980333390218,0.0,0.0
2026-09-23T09:42:45.203957+07:00,final_benchmark:PositionEvalAgent,3.0,183.0,28.5,41.0,10.5,12.277408599853516,0.499096129693277,0.0,0.0
2026-09-23T09:42:46.225860+07:00,final_benchmark:PositionEvalAgent,6.0,183.0,28.42,41.0,7.9,12.276779174804688,0.499096129693277,0.0,0.0
2026-09-23T09:42:47.261789+07:00,final_benchmark:PositionEvalAgent,7.0,183.0,29.65,41.0,8.8,12.277057647705078,0.499096129693277,0.0,0.0
2026-09-23T09:42:48.238330+07:00,final_benchmark:PositionEvalAgent,7.0,183.0,27.24,41.0,7.8,12.276790618896484,0.4986629070974148,0.0,0.0
2026-09-23T09:42:49.221917+07:00,final_benchmark:PositionEvalAgent,5.0,183.0,28.47,41.0,9.0,12.277111053466797,0.4986629070974148,0.0,0.0
2026-09-23T09:42:50.238477+07:00,final_benchmark:PositionEvalAgent,5.0,183.0,27.08,41.0,8.8,12.276927947998047,0.4986629070974148,0.0,0.0
2026-09-23T09:42:51.238317+07:00,final_benchmark:PositionEvalAgent,3.0,183.0,27.15,41.0,9.1,12.276905059814453,0.4979253292183537,0.0,0.0
2026-09-23T09:42:52.237208+07:00,final_benchmark:PositionEvalAgent,7.0,183.0,28.41,41.0,7.7,12.274539947509766,0.4979253292183537,0.0,0.0
2026-09-23T09:42:53.270671+07:00,final_benchmark:PositionEvalAgent,4.0,183.0,28.57,41.0,12.2,12.282115936279297,0.4979253292183537,0.0,0.0
2026-09-23T09:42:54.220035+07:00,final_benchmark:PositionEvalAgent,6.0,183.0,27.38,41.0,12.9,12.280258178710938,0.4979253292183537,0.0,0.0
2026-09-23T09:42:55.234371+07:00,final_benchmark:PositionEvalAgent,6.0,183.0,27.5,42.0,8.6,12.278400421142578,0.4979253292183537,0.0,0.0
2026-09-23T09:42:56.238160+07:00,final_benchmark:PositionEvalAgent,3.0,183.0,21.22,40.0,13.5,12.34774398803711,0.4958736968240137,0.0,0.0
2026-09-23T09:42:57.281722+07:00,final_benchmark:PositionEvalAgent,4.0,183.0,29.44,41.0,15.4,12.3665771484375,0.4958736968240137,0.0,0.0
2026-09-23T09:42:58.234506+07:00,final_benchmark:PositionEvalAgent,4.0,183.0,27.3,41.0,13.8,12.360668182373047,0.4958736968240137,0.0,0.0
2026-09-23T09:42:59.269395+07:00,final_benchmark:PositionEvalAgent,4.0,183.0,27.31,41.0,13.2,12.369281768798828,0.4958736968240137,0.0,0.0
2026-09-23T09:43:00.219739+07:00,final_benchmark:PositionEvalAgent,3.0,183.0,22.56,41.0,15.6,12.35873794555664,0.494785655609546,0.0,0.0
2026-09-23T09:43:01.220971+07:00,final_benchmark:PositionEvalAgent,6.0,183.0,28.1,42.0,15.9,12.370880126953125,0.494785655609546,0.0,0.0
2026-09-23T09:43:02.204342+07:00,final_benchmark:PositionEvalAgent,5.0,183.0,27.12,42.0,12.9,12.363227844238281,0.494785655609546,0.0,0.0
2026-09-23T09:43:03.203769+07:00,final_benchmark:PositionEvalAgent,4.0,183.0,28.08,42.0,12.8,12.358650207519531,0.494785655609546,0.0,0.0
2026-09-23T09:43:04.282544+07:00,final_benchmark:PositionEvalAgent,3.0,183.0,23.21,42.0,13.7,12.366447448730469,0.49353012760216547,0.0,0.0
2026-09-23T09:43:05.220094+07:00,final_benchmark:PositionEvalAgent,4.0,183.0,28.48,41.0,14.9,12.372215270996094,0.49353012760216547,0.0,0.0
2026-09-23T09:43:06.248276+07:00,final_benchmark:PositionEvalAgent,5.0,183.0,28.2,41.0,13.0,12.365142822265625,0.49353012760216547,0.0,0.0
2026-09-23T09:43:07.269478+07:00,final_benchmark:PositionEvalAgent,4.0,183.0,25.39,42.0,13.5,12.374107360839844,0.49353012760216547,0.0,0.0
2026-09-23T09:43:08.237247+07:00,final_benchmark:PositionEvalAgent,4.0,183.0,23.44,41.0,15.6,12.364151000976562,0.4924447493071791,0.0,0.0
2026-09-23T09:43:09.265132+07:00,final_benchmark:PositionEvalAgent,4.0,183.0,29.66,42.0,15.4,12.366996765136719,0.4924447493071791,0.0,0.0
2026-09-23T09:43:10.253837+07:00,final_benchmark:PositionEvalAgent,4.0,183.0,27.11,42.0,15.5,12.371856689453125,0.4924447493071791,0.0,0.0
2026-09-23T09:43:11.205940+07:00,final_benchmark:PositionEvalAgent,4.0,183.0,26.88,42.0,17.3,12.364654541015625,0.4924447493071791,0.0,0.0
2026-09-23T09:43:12.270073+07:00,final_benchmark:PositionEvalAgent,4.0,183.0,25.09,42.0,16.3,12.377410888671875,0.4924447493071791,0.0,0.0
2026-09-23T09:43:13.204940+07:00,final_benchmark:PositionEvalAgent,7.0,183.0,25.02,42.0,18.1,12.378463745117188,0.4911639293690829,0.0,0.0
2026-09-23T09:43:14.203993+07:00,final_benchmark:PositionEvalAgent,7.0,183.0,28.3,42.0,20.2,12.384918212890625,0.4911639293690829,0.0,0.0
2026-09-23T09:43:15.204166+07:00,final_benchmark:PositionEvalAgent,4.0,183.0,26.95,42.0,17.6,12.390190124511719,0.4911639293690829,0.0,0.0
2026-09-23T09:43:16.204832+07:00,final_benchmark:PositionEvalAgent,7.0,183.0,26.75,42.0,17.8,12.392803192138672,0.49063270674373044,0.0,0.0
2026-09-23T09:43:17.238738+07:00,final_benchmark:PositionEvalAgent,7.0,183.0,28.51,42.0,16.9,12.379844665527344,0.49063270674373044,0.0,0.0
2026-09-23T09:43:18.222181+07:00,final_benchmark:PositionEvalAgent,7.0,183.0,28.67,42.0,16.5,12.383438110351562,0.49063270674373044,0.0,0.0
2026-09-23T09:43:19.205666+07:00,final_benchmark:PositionEvalAgent,7.0,183.0,28.46,42.0,20.7,12.3807373046875,0.49063270674373044,0.0,0.0
2026-09-23T09:43:20.338968+07:00,final_benchmark:PositionEvalAgent,4.0,183.0,25.52,42.0,19.1,12.385822296142578,0.49063270674373044,0.0,0.0
2026-09-23T09:43:21.222634+07:00,final_benchmark:PositionEvalAgent,7.0,183.0,26.35,43.0,20.0,12.38686752319336,0.4889445313044474,0.0,0.0
2026-09-23T09:43:22.254947+07:00,final_benchmark:PositionEvalAgent,7.0,183.0,28.73,43.0,21.1,12.380401611328125,0.4889445313044474,0.0,0.0
2026-09-23T09:43:23.220838+07:00,final_benchmark:PositionEvalAgent,7.0,183.0,28.56,42.0,19.6,12.375747680664062,0.4889445313044474,0.0,0.0
2026-09-23T09:43:24.220441+07:00,final_benchmark:PositionEvalAgent,7.0,183.0,27.4,42.0,16.6,12.383968353271484,0.4889445313044474,0.0,0.0
2026-09-23T09:43:25.262494+07:00,final_benchmark:PositionEvalAgent,4.0,183.0,24.27,42.0,13.6,12.381916046142578,0.4889445313044474,0.0,0.0
2026-09-23T09:43:26.222478+07:00,final_benchmark:PositionEvalAgent,7.0,183.0,24.31,43.0,16.8,12.39773178100586,0.4872381722114832,0.0,0.0
2026-09-23T09:43:27.220399+07:00,final_benchmark:PositionEvalAgent,4.0,183.0,28.24,43.0,15.3,12.387081146240234,0.4872381722114832,0.0,0.0
2026-09-23T09:43:28.222313+07:00,final_benchmark:PositionEvalAgent,5.0,183.0,27.69,43.0,14.2,12.3897705078125,0.4872381722114832,0.0,0.0
2026-09-23T09:43:29.220287+07:00,final_benchmark:PositionEvalAgent,7.0,183.0,28.99,43.0,15.3,12.389965057373047,0.4872381722114832,0.0,0.0
2026-09-23T09:43:30.219504+07:00,final_benchmark:PositionEvalAgent,7.0,183.0,27.53,42.0,17.0,12.404827117919922,0.4872381722114832,0.0,0.0
2026-09-23T09:43:31.238172+07:00,final_benchmark:PositionEvalAgent,7.0,183.0,25.81,43.0,15.8,12.40521240234375,0.4855622778932588,0.0,0.0
2026-09-23T09:43:32.237449+07:00,final_benchmark:PositionEvalAgent,4.0,183.0,27.74,43.0,15.5,12.384620666503906,0.4855622778932588,0.0,0.0
2026-09-23T09:43:33.294670+07:00,final_benchmark:PositionEvalAgent,5.0,183.0,27.37,42.0,17.1,12.380138397216797,0.4855622778932588,0.0,0.0
2026-09-23T09:43:34.317523+07:00,final_benchmark:PositionEvalAgent,4.0,183.0,24.06,42.0,14.4,12.390506744384766,0.4846535361811686,0.0,0.0
2026-09-23T09:43:35.222268+07:00,final_benchmark:PositionEvalAgent,7.0,183.0,27.87,42.0,16.6,12.381725311279297,0.4846535361811686,0.0,0.0
2026-09-23T09:43:36.203862+07:00,final_benchmark:PositionEvalAgent,4.0,183.0,27.61,43.0,15.1,12.383846282958984,0.4846535361811686,0.0,0.0
2026-09-23T09:43:37.204028+07:00,final_benchmark:PositionEvalAgent,7.0,183.0,27.29,43.0,15.8,12.391178131103516,0.4842295450849922,0.0,0.0
2026-09-23T09:43:38.289572+07:00,final_benchmark:PositionEvalAgent,4.0,183.0,28.37,43.0,17.3,12.385822296142578,0.4842295450849922,0.0,0.0
2026-09-23T09:43:39.231672+07:00,final_benchmark:PositionEvalAgent,4.0,183.0,27.27,43.0,16.2,12.405467987060547,0.4842295450849922,0.0,0.0
2026-09-23T09:43:40.221634+07:00,final_benchmark:PositionEvalAgent,4.0,183.0,26.01,43.0,16.5,12.395057678222656,0.4842295450849922,0.0,0.0
2026-09-23T09:43:41.221348+07:00,final_benchmark:PositionEvalAgent,1.0,183.0,22.42,42.0,19.2,12.402877807617188,0.48324710499534884,0.0,0.0
2026-09-23T09:43:42.235534+07:00,final_benchmark:PositionEvalAgent,6.0,183.0,28.66,43.0,22.0,12.412548065185547,0.48324710499534884,0.0,0.0
2026-09-23T09:43:43.221265+07:00,final_benchmark:PositionEvalAgent,4.0,183.0,28.58,43.0,19.1,12.415477752685547,0.48324710499534884,0.0,0.0
2026-09-23T09:43:44.222552+07:00,final_benchmark:PositionEvalAgent,4.0,183.0,28.73,43.0,18.5,12.411941528320312,0.48324710499534884,0.0,0.0
2026-09-23T09:43:45.222145+07:00,final_benchmark:PositionEvalAgent,4.0,183.0,27.45,43.0,20.4,12.413066864013672,0.48324710499534884,0.0,0.0
2026-09-23T09:43:46.272795+07:00,final_benchmark:PositionEvalAgent,3.0,183.0,25.77,43.0,19.0,12.424964904785156,0.48182473816019034,0.0,0.0
2026-09-23T09:43:47.204559+07:00,final_benchmark:PositionEvalAgent,6.0,183.0,28.15,42.0,19.8,12.427520751953125,0.48182473816019034,0.0,0.0
2026-09-23T09:43:48.254333+07:00,final_benchmark:PositionEvalAgent,7.0,183.0,28.86,44.0,18.5,12.436542510986328,0.48182473816019034,0.0,0.0
2026-09-23T09:43:49.203021+07:00,final_benchmark:PositionEvalAgent,4.0,183.0,27.93,43.0,18.8,12.436779022216797,0.48182473816019034,0.0,0.0
2026-09-23T09:43:50.254418+07:00,final_benchmark:PositionEvalAgent,7.0,183.0,27.35,44.0,19.5,12.443122863769531,0.4805206377739521,0.0,0.0
2026-09-23T09:43:51.239104+07:00,final_benchmark:PositionEvalAgent,4.0,183.0,28.6,43.0,18.7,12.447330474853516,0.4805206377739521,0.0,0.0
2026-09-23T09:43:52.221920+07:00,final_benchmark:PositionEvalAgent,7.0,183.0,28.42,44.0,17.8,12.4598388671875,0.4805206377739521,0.0,0.0
2026-09-23T09:43:53.235610+07:00,final_benchmark:PositionEvalAgent,4.0,183.0,29.03,44.0,17.4,12.417762756347656,0.4805206377739521,0.0,0.0
2026-09-23T09:43:54.221904+07:00,final_benchmark:PositionEvalAgent,4.0,183.0,27.49,43.0,18.2,12.424362182617188,0.4805206377739521,0.0,0.0
2026-09-23T09:43:55.220631+07:00,final_benchmark:PositionEvalAgent,2.0,183.0,26.83,43.0,19.2,12.430171966552734,0.4792001023107333,0.0,0.0
2026-09-23T09:43:56.303664+07:00,final_benchmark:PositionEvalAgent,4.0,183.0,27.64,43.0,18.7,12.444374084472656,0.4792001023107333,0.0,0.0
2026-09-23T09:43:57.219846+07:00,final_benchmark:PositionEvalAgent,4.0,183.0,27.34,44.0,19.1,12.446998596191406,0.4792001023107333,0.0,0.0
2026-09-23T09:43:58.251677+07:00,final_benchmark:PositionEvalAgent,4.0,183.0,22.94,43.0,16.1,12.391803741455078,0.4792001023107333,0.0,0.0
2026-09-23T09:43:59.204828+07:00,final_benchmark:PositionEvalAgent,7.0,183.0,25.7,43.0,12.7,12.383411407470703,0.4784073063716159,0.0,0.0
2026-09-23T09:44:00.295571+07:00,final_benchmark:PositionEvalAgent,7.0,183.0,28.17,44.0,31.3,12.454914093017578,0.4784073063716159,0.0,0.0
2026-09-23T09:44:01.271407+07:00,final_benchmark:PositionEvalAgent,5.0,183.0,28.61,44.0,51.2,12.441398620605469,0.4784073063716159,0.0,0.0
2026-09-23T09:44:02.343383+07:00,final_benchmark:PositionEvalAgent,4.0,183.0,28.52,44.0,31.0,12.52325439453125,0.4784073063716159,0.0,0.0
2026-09-23T09:44:03.315367+07:00,final_benchmark:PositionEvalAgent,4.0,183.0,27.16,43.0,60.4,12.551799774169922,0.4784073063716159,0.0,0.0
2026-09-23T09:44:04.354734+07:00,final_benchmark:PositionEvalAgent,4.0,183.0,24.89,43.0,37.9,12.558891296386719,0.47637830550774407,0.0,0.0
2026-09-23T09:44:05.239791+07:00,final_benchmark:PositionEvalAgent,5.0,183.0,26.45,44.0,51.1,12.560115814208984,0.47637830550774407,0.0,0.0
2026-09-23T09:44:06.222620+07:00,final_benchmark:PositionEvalAgent,5.0,183.0,27.42,44.0,33.1,12.54428482055664,0.47637830550774407,0.0,0.0
2026-09-23T09:44:07.237983+07:00,final_benchmark:PositionEvalAgent,6.0,183.0,29.58,44.0,53.7,12.576549530029297,0.47637830550774407,0.0,0.0
2026-09-23T09:44:08.241947+07:00,final_benchmark:PositionEvalAgent,6.0,183.0,29.04,44.0,22.5,12.570899963378906,0.47637830550774407,0.0,0.0
2026-09-23T09:44:09.203573+07:00,final_benchmark:PositionEvalAgent,4.0,183.0,28.44,44.0,53.4,12.573238372802734,0.47637830550774407,0.0,0.0
2026-09-23T09:44:10.222747+07:00,final_benchmark:PositionEvalAgent,0.0,183.0,25.49,43.0,32.3,12.553398132324219,0.4746319998590558,0.0,0.0
2026-09-23T09:44:11.223650+07:00,final_benchmark:PositionEvalAgent,7.0,183.0,28.58,44.0,13.1,12.52880859375,0.4746319998590558,0.0,0.0
2026-09-23T09:44:12.239947+07:00,final_benchmark:PositionEvalAgent,7.0,183.0,28.63,44.0,13.9,12.414909362792969,0.4746319998590558,0.0,0.0
2026-09-23T09:44:13.221365+07:00,final_benchmark:PositionEvalAgent,7.0,183.0,28.81,44.0,15.9,12.417411804199219,0.4746319998590558,0.0,0.0
2026-09-23T09:44:14.237903+07:00,final_benchmark:PositionEvalAgent,5.0,183.0,26.59,44.0,14.1,12.42059326171875,0.4746319998590558,0.0,0.0
2026-09-23T09:44:15.222518+07:00,final_benchmark:PositionEvalAgent,1.0,183.0,24.33,43.0,13.7,12.417407989501953,0.47307628080785213,0.0,0.0
2026-09-23T09:44:16.266318+07:00,final_benchmark:PositionEvalAgent,4.0,183.0,29.71,44.0,14.0,12.407161712646484,0.47307628080785213,0.0,0.0
2026-09-23T09:44:17.271443+07:00,final_benchmark:PositionEvalAgent,4.0,183.0,25.07,44.0,11.5,12.398845672607422,0.47307628080785213,0.0,0.0
2026-09-23T09:44:18.222220+07:00,final_benchmark:PositionEvalAgent,4.0,183.0,26.55,44.0,15.5,12.3970947265625,0.47307628080785213,0.0,0.0
2026-09-23T09:44:19.283082+07:00,final_benchmark:PositionEvalAgent,3.0,183.0,26.14,44.0,14.2,12.393016815185547,0.47307628080785213,0.0,0.0
2026-09-23T09:44:20.222237+07:00,final_benchmark:PositionEvalAgent,1.0,183.0,22.72,44.0,15.8,12.385711669921875,0.4715601644515632,0.0,0.0
2026-09-23T09:44:21.221985+07:00,final_benchmark:PositionEvalAgent,4.0,183.0,28.21,44.0,17.3,12.38290786743164,0.4715601644515632,0.0,0.0
2026-09-23T09:44:22.205543+07:00,final_benchmark:PositionEvalAgent,4.0,183.0,27.45,44.0,17.9,12.3861083984375,0.4715601644515632,0.0,0.0
2026-09-23T09:44:23.331658+07:00,final_benchmark:PositionEvalAgent,4.0,183.0,25.79,44.0,16.4,12.390506744384766,0.4709900931501827,0.0,0.0
2026-09-23T09:44:24.328136+07:00,final_benchmark:PositionEvalAgent,4.0,183.0,27.79,44.0,14.9,12.385353088378906,0.4709900931501827,0.0,0.0
2026-09-23T09:44:25.339409+07:00,final_benchmark:PositionEvalAgent,4.0,183.0,26.58,44.0,18.8,12.38669204711914,0.4709900931501827,0.0,0.0
2026-09-23T09:44:26.221854+07:00,final_benchmark:PositionEvalAgent,4.0,183.0,28.42,44.0,16.5,12.399269104003906,0.4709900931501827,0.0,0.0
2026-09-23T09:44:27.205645+07:00,final_benchmark:PositionEvalAgent,1.0,183.0,28.58,44.0,18.4,12.411617279052734,0.4709900931501827,0.0,0.0
2026-09-23T09:44:28.235460+07:00,final_benchmark:PositionEvalAgent,4.0,183.0,28.66,45.0,15.6,12.408077239990234,0.4709900931501827,0.0,0.0
2026-09-23T09:44:29.222077+07:00,final_benchmark:PositionEvalAgent,4.0,183.0,27.76,44.0,14.2,12.400276184082031,0.4694001837435493,0.0,0.0
2026-09-23T09:44:30.204056+07:00,final_benchmark:PositionEvalAgent,4.0,183.0,27.93,44.0,13.6,12.406986236572266,0.4694001837435493,0.0,0.0
2026-09-23T09:44:31.237759+07:00,final_benchmark:PositionEvalAgent,4.0,183.0,28.41,45.0,14.6,12.406497955322266,0.4694001837435493,0.0,0.0
2026-09-23T09:44:32.366433+07:00,final_benchmark:PositionEvalAgent,4.0,183.0,28.3,45.0,13.7,12.40665054321289,0.4694001837435493,0.0,0.0
2026-09-23T09:44:33.236102+07:00,final_benchmark:PositionEvalAgent,4.0,183.0,25.49,44.0,27.1,12.424995422363281,0.4694001837435493,0.0,0.0
2026-09-23T09:44:34.254283+07:00,final_benchmark:PositionEvalAgent,3.0,183.0,26.23,45.0,35.1,12.442649841308594,0.4694001837435493,0.0,0.0
2026-09-23T09:44:35.237721+07:00,final_benchmark:PositionEvalAgent,2.0,183.0,24.41,44.0,52.3,12.447257995605469,0.46724710570759753,0.0,0.0
2026-09-23T09:44:36.242948+07:00,final_benchmark:PositionEvalAgent,4.0,183.0,27.91,45.0,30.5,12.465065002441406,0.46724710570759753,0.0,0.0
2026-09-23T09:44:37.237629+07:00,final_benchmark:PositionEvalAgent,4.0,183.0,27.98,45.0,49.9,12.490863800048828,0.46724710570759753,0.0,0.0
2026-09-23T09:44:38.242069+07:00,final_benchmark:PositionEvalAgent,4.0,183.0,31.17,45.0,24.2,12.50692367553711,0.46724710570759753,0.0,0.0
2026-09-23T09:44:39.236596+07:00,final_benchmark:PositionEvalAgent,4.0,183.0,28.08,45.0,58.5,12.517070770263672,0.46724710570759753,0.0,0.0
2026-09-23T09:44:40.252887+07:00,final_benchmark:PositionEvalAgent,4.0,183.0,28.41,44.0,33.8,12.519309997558594,0.46724710570759753,0.0,0.0
2026-09-23T09:44:41.242769+07:00,final_benchmark:PositionEvalAgent,3.0,183.0,28.07,44.0,47.8,12.515384674072266,0.46724710570759753,0.0,0.0
2026-09-23T09:44:42.223157+07:00,final_benchmark:PositionEvalAgent,0.0,183.0,28.36,44.0,32.0,12.580791473388672,0.46724710570759753,0.0,0.0
2026-09-23T09:44:43.241466+07:00,final_benchmark:PositionEvalAgent,4.0,183.0,25.66,45.0,41.3,12.590702056884766,0.46724710570759753,0.0,0.0
2026-09-23T09:44:44.221290+07:00,final_benchmark:PositionEvalAgent,3.0,183.0,25.19,44.0,45.5,12.58847427368164,0.4639112048976274,0.0,0.0
2026-09-23T09:44:45.243654+07:00,final_benchmark:PositionEvalAgent,4.0,183.0,28.05,44.0,26.1,12.608993530273438,0.4639112048976274,0.0,0.0
2026-09-23T09:44:46.239439+07:00,final_benchmark:PositionEvalAgent,4.0,183.0,27.93,44.0,33.7,12.594722747802734,0.4639112048976274,0.0,0.0
2026-09-23T09:44:47.243056+07:00,final_benchmark:PositionEvalAgent,1.0,183.0,28.3,44.0,24.8,12.583251953125,0.4639112048976274,0.0,0.0
2026-09-23T09:44:48.322778+07:00,final_benchmark:PositionEvalAgent,1.0,183.0,25.61,45.0,20.5,12.582435607910156,0.4639112048976274,0.0,0.0
2026-09-23T09:44:49.319646+07:00,final_benchmark:PositionEvalAgent,2.0,183.0,24.89,45.0,12.2,12.587261199951172,0.4639112048976274,0.0,0.0
2026-09-23T09:44:50.221192+07:00,final_benchmark:PositionEvalAgent,4.0,183.0,26.53,45.0,12.4,12.493053436279297,0.46226819805154845,0.0,0.0
2026-09-23T09:44:51.223269+07:00,final_benchmark:PositionEvalAgent,4.0,183.0,27.93,45.0,13.7,12.492645263671875,0.46226819805154845,0.0,0.0
2026-09-23T09:44:52.206340+07:00,final_benchmark:PositionEvalAgent,4.0,183.0,28.21,45.0,12.9,12.48873519897461,0.46226819805154845,0.0,0.0
2026-09-23T09:44:53.316238+07:00,final_benchmark:PositionEvalAgent,4.0,183.0,27.72,45.0,12.5,12.494029998779297,0.46226819805154845,0.0,0.0
2026-09-23T09:44:54.381975+07:00,final_benchmark:PositionEvalAgent,4.0,183.0,26.17,45.0,15.3,12.485939025878906,0.4609638138986904,0.0,0.0
2026-09-23T09:44:55.331531+07:00,final_benchmark:PositionEvalAgent,4.0,183.0,26.57,45.0,12.7,12.479011535644531,0.4609638138986904,0.0,0.0
2026-09-23T09:44:56.378567+07:00,final_benchmark:PositionEvalAgent,4.0,183.0,27.69,45.0,12.5,12.478824615478516,0.4609638138986904,0.0,0.0
2026-09-23T09:44:57.306815+07:00,final_benchmark:PositionEvalAgent,4.0,183.0,26.86,45.0,14.6,12.481689453125,0.4609638138986904,0.0,0.0
2026-09-23T09:44:58.222095+07:00,final_benchmark:PositionEvalAgent,4.0,183.0,26.96,45.0,13.5,12.46511459350586,0.4609638138986904,0.0,0.0
2026-09-23T09:44:59.221857+07:00,final_benchmark:PositionEvalAgent,4.0,183.0,25.75,45.0,12.0,12.461849212646484,0.4609638138986904,0.0,0.0
2026-09-23T09:45:00.236494+07:00,final_benchmark:PositionEvalAgent,4.0,183.0,27.5,45.0,27.9,12.510513305664062,0.45957980754620786,0.0,0.0
2026-09-23T09:45:01.241470+07:00,final_benchmark:PositionEvalAgent,4.0,183.0,28.16,45.0,29.8,12.52490234375,0.45957980754620786,0.0,0.0
2026-09-23T09:45:02.224900+07:00,final_benchmark:PositionEvalAgent,4.0,183.0,27.8,45.0,50.6,12.526901245117188,0.45957980754620786,0.0,0.0
2026-09-23T09:45:03.205670+07:00,final_benchmark:PositionEvalAgent,4.0,183.0,28.12,45.0,25.8,12.60198974609375,0.45957980754620786,0.0,0.0
2026-09-23T09:45:04.222534+07:00,final_benchmark:PositionEvalAgent,1.0,183.0,28.44,44.0,14.4,12.604904174804688,0.45957980754620786,0.0,0.0
2026-09-23T09:45:05.220911+07:00,final_benchmark:PositionEvalAgent,3.0,183.0,28.18,45.0,16.7,12.61459732055664,0.45957980754620786,0.0,0.0
2026-09-23T09:45:06.287318+07:00,final_benchmark:PositionEvalAgent,4.0,183.0,26.3,45.0,19.1,12.615192413330078,0.45957980754620786,0.0,0.0
2026-09-23T09:45:07.332804+07:00,final_benchmark:PositionEvalAgent,4.0,183.0,26.09,45.0,20.0,12.631614685058594,0.45957980754620786,0.0,0.0
2026-09-23T09:45:08.236879+07:00,final_benchmark:PositionEvalAgent,3.0,183.0,25.33,45.0,15.9,12.645549774169922,0.45957980754620786,0.0,0.0
2026-09-23T09:45:09.270646+07:00,final_benchmark:PositionEvalAgent,1.0,183.0,21.53,45.0,13.6,12.640060424804688,0.45957980754620786,0.0,0.0
2026-09-23T09:45:10.235092+07:00,final_benchmark:PositionEvalAgent,0.0,183.0,21.8,44.0,11.7,12.630645751953125,0.45573865921514223,0.0,0.0
2026-09-23T09:45:11.221728+07:00,final_benchmark:PositionEvalAgent,0.0,183.0,28.25,45.0,13.5,12.621414184570312,0.45573865921514223,0.0,0.0
2026-09-23T09:45:12.222209+07:00,final_benchmark:PositionEvalAgent,1.0,183.0,28.34,45.0,13.0,12.618804931640625,0.45573865921514223,0.0,0.0
2026-09-23T09:45:13.234224+07:00,final_benchmark:PositionEvalAgent,4.0,183.0,28.44,45.0,12.6,12.610549926757812,0.45573865921514223,0.0,0.0
2026-09-23T09:45:14.220516+07:00,final_benchmark:PositionEvalAgent,3.0,183.0,28.44,45.0,14.5,12.600025177001953,0.45573865921514223,0.0,0.0
2026-09-23T09:45:15.221361+07:00,final_benchmark:PositionEvalAgent,4.0,183.0,28.02,46.0,14.4,12.5966796875,0.45573865921514223,0.0,0.0
2026-09-23T09:45:16.235920+07:00,final_benchmark:PositionEvalAgent,4.0,183.0,25.99,46.0,13.2,12.596343994140625,0.45573865921514223,0.0,0.0
2026-09-23T09:45:17.348955+07:00,final_benchmark:PositionEvalAgent,2.0,183.0,26.02,45.0,12.2,12.59649658203125,0.45573865921514223,0.0,0.0
2026-09-23T09:45:18.358685+07:00,final_benchmark:PositionEvalAgent,2.0,183.0,19.67,44.0,30.3,12.638423919677734,0.45573865921514223,0.0,0.0
2026-09-23T09:45:19.241628+07:00,final_benchmark:PositionEvalAgent,4.0,183.0,24.75,45.0,25.2,12.612369537353516,0.452702720600814,0.0,0.0
2026-09-23T09:45:20.216683+07:00,final_benchmark:PositionEvalAgent,4.0,183.0,28.24,45.0,24.3,12.612388610839844,0.452702720600814,0.0,0.0
2026-09-23T09:45:21.223040+07:00,final_benchmark:PositionEvalAgent,4.0,183.0,28.43,46.0,19.7,12.604774475097656,0.452702720600814,0.0,0.0
2026-09-23T09:45:22.235173+07:00,final_benchmark:PositionEvalAgent,0.0,183.0,28.23,45.0,17.5,12.608875274658203,0.452702720600814,0.0,0.0
2026-09-23T09:45:23.227117+07:00,final_benchmark:PositionEvalAgent,3.0,183.0,28.44,44.0,15.8,12.609905242919922,0.452702720600814,0.0,0.0
2026-09-23T09:45:24.226478+07:00,final_benchmark:PositionEvalAgent,4.0,183.0,28.67,46.0,19.3,12.61654281616211,0.452702720600814,0.0,0.0
2026-09-23T09:45:25.219797+07:00,final_benchmark:PositionEvalAgent,4.0,183.0,28.73,46.0,18.6,12.609375,0.452702720600814,0.0,0.0
2026-09-23T09:45:26.235676+07:00,final_benchmark:PositionEvalAgent,2.0,183.0,28.51,45.0,18.5,12.598953247070312,0.452702720600814,0.0,0.0
2026-09-23T09:45:27.236726+07:00,final_benchmark:PositionEvalAgent,2.0,183.0,28.47,46.0,16.4,12.592529296875,0.452702720600814,0.0,0.0
2026-09-23T09:45:28.220590+07:00,final_benchmark:PositionEvalAgent,4.0,183.0,26.61,46.0,16.3,12.616268157958984,0.452702720600814,0.0,0.0
2026-09-23T09:45:29.277919+07:00,final_benchmark:PositionEvalAgent,2.0,183.0,23.64,45.0,14.6,12.583610534667969,0.452702720600814,0.0,0.0
2026-09-23T09:45:30.236512+07:00,final_benchmark:PositionEvalAgent,4.0,183.0,24.54,46.0,13.8,12.584754943847656,0.4486912438289257,0.0,0.0
2026-09-23T09:45:31.222472+07:00,final_benchmark:PositionEvalAgent,3.0,183.0,28.22,46.0,15.2,12.601539611816406,0.4486912438289257,0.0,0.0
2026-09-23T09:45:32.221265+07:00,final_benchmark:PositionEvalAgent,4.0,183.0,28.23,46.0,16.7,12.602039337158203,0.4486912438289257,0.0,0.0
2026-09-23T09:45:33.222349+07:00,final_benchmark:PositionEvalAgent,4.0,183.0,25.97,46.0,20.5,12.596820831298828,0.4483534558152285,0.0,0.0
2026-09-23T09:45:34.221426+07:00,final_benchmark:PositionEvalAgent,4.0,183.0,28.12,46.0,13.5,12.59976577758789,0.4483534558152285,0.0,0.0
2026-09-23T09:45:35.282854+07:00,final_benchmark:PositionEvalAgent,4.0,183.0,28.37,46.0,13.1,12.590740203857422,0.4483534558152285,0.0,0.0
2026-09-23T09:45:36.217078+07:00,final_benchmark:PositionEvalAgent,4.0,183.0,25.84,46.0,15.5,12.565425872802734,0.4483534558152285,0.0,0.0
2026-09-23T09:45:37.227367+07:00,final_benchmark:PositionEvalAgent,2.0,183.0,25.78,46.0,13.2,12.55703353881836,0.4483534558152285,0.0,0.0
2026-09-23T09:45:38.299436+07:00,final_benchmark:PositionEvalAgent,1.0,183.0,23.81,45.0,12.9,12.563514709472656,0.4483534558152285,0.0,0.0
2026-09-23T09:45:39.218140+07:00,final_benchmark:PositionEvalAgent,0.0,183.0,18.98,44.0,11.9,12.55792236328125,0.4465049004770563,0.0,0.0
2026-09-23T09:45:40.233864+07:00,final_benchmark:PositionEvalAgent,3.0,183.0,28.08,45.0,14.2,12.533565521240234,0.4465049004770563,0.0,0.0
2026-09-23T09:45:41.205373+07:00,final_benchmark:PositionEvalAgent,3.0,183.0,28.32,45.0,12.1,12.531356811523438,0.4465049004770563,0.0,0.0
2026-09-23T09:45:42.228339+07:00,final_benchmark:PositionEvalAgent,0.0,183.0,28.16,45.0,13.1,12.545578002929688,0.4465049004770563,0.0,0.0
2026-09-23T09:45:43.221263+07:00,final_benchmark:PositionEvalAgent,4.0,183.0,24.87,45.0,21.6,12.612712860107422,0.4465049004770563,0.0,0.0
2026-09-23T09:45:44.305893+07:00,final_benchmark:PositionEvalAgent,2.0,183.0,26.04,46.0,14.4,12.612106323242188,0.4465049004770563,0.0,0.0
2026-09-23T09:45:45.298291+07:00,final_benchmark:PositionEvalAgent,1.0,183.0,24.72,46.0,12.9,12.611038208007812,0.4465049004770563,0.0,0.0
2026-09-23T09:45:46.332646+07:00,final_benchmark:PositionEvalAgent,2.0,183.0,22.28,46.0,14.1,12.634437561035156,0.4465049004770563,0.0,0.0
2026-09-23T09:45:47.206035+07:00,final_benchmark:PositionEvalAgent,4.0,183.0,27.26,46.0,17.4,12.640445709228516,0.4441332775640524,0.0,0.0
2026-09-23T09:45:48.226957+07:00,final_benchmark:PositionEvalAgent,4.0,183.0,28.18,46.0,13.5,12.637462615966797,0.4441332775640524,0.0,0.0
2026-09-23T09:45:49.223063+07:00,final_benchmark:PositionEvalAgent,2.0,183.0,27.87,46.0,14.7,12.638607025146484,0.4441332775640524,0.0,0.0
2026-09-23T09:45:50.219645+07:00,final_benchmark:PositionEvalAgent,2.0,183.0,28.39,46.0,14.3,12.630653381347656,0.4441332775640524,0.0,0.0
2026-09-23T09:45:51.238733+07:00,final_benchmark:PositionEvalAgent,1.0,183.0,28.3,46.0,14.3,12.641082763671875,0.4441332775640524,0.0,0.0
2026-09-23T09:45:52.238877+07:00,final_benchmark:PositionEvalAgent,0.0,183.0,28.49,46.0,18.9,12.652412414550781,0.4441332775640524,0.0,0.0
2026-09-23T09:45:53.238471+07:00,final_benchmark:PositionEvalAgent,1.0,183.0,28.6,45.0,18.2,12.560909271240234,0.4441332775640524,0.0,0.0
2026-09-23T09:45:54.221661+07:00,final_benchmark:PositionEvalAgent,1.0,183.0,28.5,46.0,10.0,12.563133239746094,0.4441332775640524,0.0,0.0
2026-09-23T09:45:55.205723+07:00,final_benchmark:PositionEvalAgent,4.0,183.0,28.89,46.0,12.5,12.522201538085938,0.4441332775640524,0.0,0.0
2026-09-23T09:45:56.222944+07:00,final_benchmark:PositionEvalAgent,3.0,183.0,28.75,45.0,13.5,12.514209747314453,0.4441332775640524,0.0,0.0
2026-09-23T09:45:57.201887+07:00,final_benchmark:PositionEvalAgent,3.0,183.0,29.16,46.0,12.2,12.523540496826172,0.4406456845270211,0.0,0.0
2026-09-23T09:45:58.220725+07:00,final_benchmark:PositionEvalAgent,1.0,183.0,27.98,45.0,11.0,12.525245666503906,0.4406456845270211,0.0,0.0
2026-09-23T09:45:59.205378+07:00,final_benchmark:PositionEvalAgent,4.0,183.0,29.41,46.0,9.2,12.525886535644531,0.4406456845270211,0.0,0.0
2026-09-23T09:46:00.341942+07:00,final_benchmark:PositionEvalAgent,4.0,183.0,30.55,46.0,10.4,12.512027740478516,0.4406456845270211,0.0,0.0
2026-09-23T09:46:01.202686+07:00,final_benchmark:PositionEvalAgent,4.0,183.0,28.45,46.0,10.4,12.512615203857422,0.4406456845270211,0.0,0.0
2026-09-23T09:46:02.221151+07:00,final_benchmark:PositionEvalAgent,4.0,183.0,28.59,46.0,10.1,12.513313293457031,0.4406456845270211,0.0,0.0
2026-09-23T09:46:03.220936+07:00,final_benchmark:PositionEvalAgent,3.0,183.0,28.84,46.0,10.2,12.512321472167969,0.4406456845270211,0.0,0.0
2026-09-23T09:46:04.235406+07:00,final_benchmark:PositionEvalAgent,1.0,183.0,28.56,46.0,13.7,12.518474578857422,0.4406456845270211,0.0,0.0
2026-09-23T09:46:05.222327+07:00,final_benchmark:PositionEvalAgent,4.0,183.0,28.94,46.0,10.7,12.513996124267578,0.4406456845270211,0.0,0.0
2026-09-23T09:46:06.221679+07:00,final_benchmark:PositionEvalAgent,4.0,183.0,28.85,47.0,10.7,12.513500213623047,0.4406456845270211,0.0,0.0
2026-09-23T09:46:07.220825+07:00,final_benchmark:PositionEvalAgent,1.0,183.0,27.91,46.0,10.5,12.511146545410156,0.4406456845270211,0.0,0.0
2026-09-23T09:46:08.299707+07:00,final_benchmark:PositionEvalAgent,2.0,183.0,25.17,45.0,9.5,12.509159088134766,0.4406456845270211,0.0,0.0
2026-09-23T09:46:09.226001+07:00,final_benchmark:PositionEvalAgent,2.0,183.0,23.08,46.0,8.8,12.509231567382812,0.43632318426905203,0.0,0.0
2026-09-23T09:46:10.338892+07:00,final_benchmark:PositionEvalAgent,4.0,183.0,28.46,47.0,10.7,12.509361267089844,0.43632318426905203,0.0,0.0
2026-09-23T09:46:11.221664+07:00,final_benchmark:PositionEvalAgent,4.0,183.0,28.3,47.0,10.3,12.517032623291016,0.43632318426905203,0.0,0.0
2026-09-23T09:46:12.205181+07:00,final_benchmark:PositionEvalAgent,4.0,183.0,28.54,47.0,11.7,12.555419921875,0.43632318426905203,0.0,0.0
2026-09-23T09:46:13.220798+07:00,final_benchmark:PositionEvalAgent,4.0,183.0,28.54,47.0,10.7,12.557182312011719,0.43632318426905203,0.0,0.0
2026-09-23T09:46:14.205568+07:00,final_benchmark:PositionEvalAgent,1.0,183.0,28.6,46.0,10.7,12.555561065673828,0.43632318426905203,0.0,0.0
2026-09-23T09:46:15.220849+07:00,final_benchmark:PositionEvalAgent,4.0,183.0,28.72,47.0,11.0,12.557262420654297,0.43632318426905203,0.0,0.0
2026-09-23T09:46:16.322946+07:00,final_benchmark:PositionEvalAgent,4.0,183.0,28.64,47.0,16.5,12.570171356201172,0.43632318426905203,0.0,0.0
2026-09-23T09:46:17.222228+07:00,final_benchmark:PositionEvalAgent,4.0,183.0,26.52,47.0,8.9,12.566509246826172,0.43632318426905203,0.0,0.0
2026-09-23T09:46:18.220460+07:00,final_benchmark:PositionEvalAgent,4.0,183.0,30.45,47.0,11.9,12.577407836914062,0.4338786392704031,0.0,0.0
2026-09-23T09:46:19.203862+07:00,final_benchmark:PositionEvalAgent,4.0,183.0,28.03,47.0,9.6,12.569713592529297,0.4338786392704031,0.0,0.0
2026-09-23T09:46:20.221853+07:00,final_benchmark:PositionEvalAgent,4.0,183.0,28.58,47.0,10.8,12.56741714477539,0.4338786392704031,0.0,0.0
2026-09-23T09:46:21.204203+07:00,final_benchmark:PositionEvalAgent,2.0,183.0,29.02,47.0,11.4,12.563011169433594,0.43332989619686585,0.0,0.0
2026-09-23T09:46:22.205438+07:00,final_benchmark:PositionEvalAgent,4.0,183.0,28.3,47.0,8.7,12.562374114990234,0.43332989619686585,0.0,0.0
2026-09-23T09:46:23.270609+07:00,final_benchmark:PositionEvalAgent,4.0,183.0,28.66,47.0,10.1,12.558170318603516,0.43332989619686585,0.0,0.0
2026-09-23T09:46:24.271529+07:00,final_benchmark:PositionEvalAgent,4.0,183.0,27.5,47.0,9.9,12.54629135131836,0.43332989619686585,0.0,0.0
2026-09-23T09:46:25.205584+07:00,final_benchmark:PositionEvalAgent,4.0,183.0,29.06,47.0,11.7,12.543159484863281,0.43284811237198256,0.0,0.0
2026-09-23T09:46:26.221021+07:00,final_benchmark:PositionEvalAgent,4.0,183.0,28.29,47.0,13.6,12.577964782714844,0.43284811237198256,0.0,0.0
2026-09-23T09:46:27.205755+07:00,final_benchmark:PositionEvalAgent,1.0,183.0,28.3,46.0,11.7,12.577518463134766,0.43284811237198256,0.0,0.0
2026-09-23T09:46:28.221670+07:00,final_benchmark:PositionEvalAgent,4.0,183.0,28.81,47.0,9.3,12.583560943603516,0.43284811237198256,0.0,0.0
2026-09-23T09:46:29.204724+07:00,final_benchmark:PositionEvalAgent,4.0,183.0,29.88,47.0,9.6,12.57546615600586,0.43218123140529524,0.0,0.0
2026-09-23T09:46:30.210826+07:00,final_benchmark:PositionEvalAgent,4.0,183.0,28.14,47.0,13.4,12.598102569580078,0.43218123140529524,0.0,0.0
2026-09-23T09:46:31.209188+07:00,final_benchmark:PositionEvalAgent,4.0,183.0,28.68,47.0,11.7,12.602470397949219,0.43218123140529524,0.0,0.0
2026-09-23T09:46:32.225263+07:00,final_benchmark:PositionEvalAgent,1.0,183.0,28.7,47.0,13.1,12.593746185302734,0.43218123140529524,0.0,0.0
2026-09-23T09:46:33.211587+07:00,final_benchmark:PositionEvalAgent,3.0,183.0,28.71,46.0,12.7,12.591728210449219,0.43218123140529524,0.0,0.0
2026-09-23T09:46:34.217375+07:00,final_benchmark:PositionEvalAgent,4.0,183.0,28.29,47.0,16.9,12.951305389404297,0.43218123140529524,0.0,0.0
2026-09-23T09:46:35.305724+07:00,final_benchmark:PositionEvalAgent,4.0,183.0,29.71,47.0,17.4,12.558719635009766,0.43218123140529524,0.0,0.0
2026-09-23T09:46:36.237015+07:00,final_benchmark:PositionEvalAgent,4.0,183.0,28.68,47.0,14.8,12.56313705444336,0.43218123140529524,0.0,0.0
2026-09-23T09:46:37.221927+07:00,final_benchmark:PositionEvalAgent,4.0,183.0,28.72,47.0,14.0,12.617977142333984,0.43218123140529524,0.0,0.0
2026-09-23T09:46:38.221200+07:00,final_benchmark:PositionEvalAgent,7.0,183.0,29.12,47.0,11.5,12.603084564208984,0.42940531823601785,0.0,0.0
2026-09-23T09:46:39.203777+07:00,final_benchmark:PositionEvalAgent,4.0,183.0,29.31,47.0,11.0,12.601512908935547,0.42940531823601785,0.0,0.0
2026-09-23T09:46:40.203630+07:00,final_benchmark:PositionEvalAgent,6.0,183.0,29.36,47.0,9.5,12.601417541503906,0.42940531823601785,0.0,0.0
2026-09-23T09:46:41.253979+07:00,final_benchmark:PositionEvalAgent,7.0,183.0,29.63,47.0,11.7,12.597431182861328,0.42940531823601785,0.0,0.0
2026-09-23T09:46:42.237281+07:00,final_benchmark:PositionEvalAgent,7.0,183.0,30.31,47.0,10.9,12.59683609008789,0.42940531823601785,0.0,0.0
2026-09-23T09:46:43.237413+07:00,final_benchmark:PositionEvalAgent,4.0,183.0,28.3,47.0,9.9,12.593826293945312,0.42940531823601785,0.0,0.0
2026-09-23T09:46:44.254769+07:00,final_benchmark:PositionEvalAgent,4.0,183.0,22.82,47.0,9.1,12.541816711425781,0.42770341200758516,0.0,0.0
2026-09-23T09:46:45.255900+07:00,final_benchmark:PositionEvalAgent,0.0,183.0,15.13,45.0,8.6,12.50192642211914,0.42770341200758516,0.0,0.0
2026-09-23T09:46:46.254589+07:00,final_benchmark:PositionEvalAgent,0.0,183.0,12.02,45.0,8.0,12.494152069091797,0.42770341200758516,0.0,0.0
2026-09-23T09:46:47.240190+07:00,final_benchmark:PositionEvalAgent,0.0,183.0,11.03,45.0,6.6,12.490406036376953,0.42770341200758516,0.0,0.0
2026-09-23T09:46:48.248026+07:00,final_benchmark:PositionEvalAgent,0.0,183.0,10.94,45.0,8.3,12.489967346191406,0.42770341200758516,0.0,0.0
2026-09-23T09:46:49.253401+07:00,final_benchmark:PositionEvalAgent,0.0,183.0,10.86,45.0,8.1,12.490188598632812,0.42770341200758516,0.0,0.0
2026-09-23T09:46:50.235816+07:00,final_benchmark:PositionEvalAgent,0.0,183.0,10.94,45.0,7.7,12.48974609375,0.42770341200758516,0.0,0.0
2026-09-23T09:46:51.253177+07:00,final_benchmark:PositionEvalAgent,0.0,183.0,10.99,45.0,8.3,12.487762451171875,0.42770341200758516,0.0,0.0
2026-09-23T09:46:52.256218+07:00,final_benchmark:PositionEvalAgent,0.0,183.0,11.03,45.0,10.1,12.488685607910156,0.42770341200758516,0.0,0.0
2026-09-23T09:46:53.242370+07:00,final_benchmark:PositionEvalAgent,0.0,183.0,10.93,44.0,9.5,12.48873519897461,0.42770341200758516,0.0,0.0
2026-09-23T09:46:54.255176+07:00,final_benchmark:PositionEvalAgent,0.0,183.0,10.8,44.0,9.0,12.489006042480469,0.42770341200758516,0.0,0.0
2026-09-23T09:46:55.256565+07:00,final_benchmark:PositionEvalAgent,0.0,183.0,10.81,44.0,8.4,12.48880386352539,0.42770341200758516,0.0,0.0
2026-09-23T09:46:56.221435+07:00,final_benchmark:PositionEvalAgent,2.0,183.0,18.14,46.0,8.1,12.488590240478516,0.42770341200758516,0.0,0.0
2026-09-23T09:46:57.219793+07:00,final_benchmark:PositionEvalAgent,7.0,183.0,29.15,47.0,8.6,12.489410400390625,0.42770341200758516,0.0,0.0
2026-09-23T09:46:58.304255+07:00,final_benchmark:PositionEvalAgent,3.0,183.0,29.78,47.0,8.2,12.488594055175781,0.42770341200758516,0.0,0.0
2026-09-23T09:46:59.199346+07:00,final_benchmark:PositionEvalAgent,6.0,183.0,29.08,46.0,10.3,12.518287658691406,0.42770341200758516,0.0,0.0
2026-09-23T09:47:00.220880+07:00,final_benchmark:PositionEvalAgent,7.0,183.0,29.21,47.0,12.6,12.517154693603516,0.42770341200758516,0.0,0.0
2026-09-23T09:47:01.204121+07:00,final_benchmark:PositionEvalAgent,4.0,183.0,29.65,47.0,11.3,12.519485473632812,0.42191680478121735,0.0,0.0
2026-09-23T09:47:02.220174+07:00,final_benchmark:PositionEvalAgent,3.0,183.0,30.38,47.0,12.5,12.554168701171875,0.42191680478121735,0.0,0.0
2026-09-23T09:47:03.218885+07:00,final_benchmark:PositionEvalAgent,6.0,183.0,29.31,47.0,9.0,12.555885314941406,0.42205601449013574,0.0,0.0
2026-09-23T09:47:04.221850+07:00,final_benchmark:PositionEvalAgent,2.0,183.0,28.5,46.0,9.2,12.55514907836914,0.42205601449013574,0.0,0.0
2026-09-23T09:47:05.225686+07:00,final_benchmark:PositionEvalAgent,4.0,183.0,28.52,47.0,8.2,12.555839538574219,0.42205601449013574,0.0,0.0
2026-09-23T09:47:06.221304+07:00,final_benchmark:PositionEvalAgent,4.0,183.0,28.43,47.0,8.3,12.551422119140625,0.42205601449013574,0.0,0.0
2026-09-23T09:47:07.209546+07:00,final_benchmark:PositionEvalAgent,4.0,183.0,28.42,47.0,8.1,12.552711486816406,0.42205601449013574,0.0,0.0
2026-09-23T09:47:08.221213+07:00,final_benchmark:PositionEvalAgent,4.0,183.0,27.83,47.0,8.4,12.552581787109375,0.42205601449013574,0.0,0.0
2026-09-23T09:47:09.225828+07:00,final_benchmark:PositionEvalAgent,1.0,183.0,28.7,47.0,6.9,12.545238494873047,0.42205601449013574,0.0,0.0
2026-09-23T09:47:10.254778+07:00,final_benchmark:PositionEvalAgent,4.0,183.0,26.01,47.0,8.4,12.542999267578125,0.42205601449013574,0.0,0.0
2026-09-23T09:47:11.303188+07:00,final_benchmark:PositionEvalAgent,1.0,183.0,25.71,47.0,6.7,12.540603637695312,0.42205601449013574,0.0,0.0
2026-09-23T09:47:12.314822+07:00,final_benchmark:PositionEvalAgent,3.0,183.0,22.22,46.0,6.9,12.53731918334961,0.42205601449013574,0.0,0.0
2026-09-23T09:47:13.217739+07:00,final_benchmark:PositionEvalAgent,4.0,183.0,29.07,47.0,7.9,12.53134536743164,0.419403726965424,0.0,0.0
2026-09-23T09:47:14.209472+07:00,final_benchmark:PositionEvalAgent,4.0,183.0,28.38,47.0,8.5,12.536296844482422,0.419403726965424,0.0,0.0
2026-09-23T09:47:15.221504+07:00,final_benchmark:PositionEvalAgent,2.0,183.0,28.22,47.0,10.2,12.541915893554688,0.419403726965424,0.0,0.0
2026-09-23T09:47:16.209525+07:00,final_benchmark:PositionEvalAgent,2.0,183.0,28.68,47.0,13.5,12.56917953491211,0.419403726965424,0.0,0.0
2026-09-23T09:47:17.219982+07:00,final_benchmark:PositionEvalAgent,0.0,183.0,28.63,47.0,8.3,12.571952819824219,0.419403726965424,0.0,0.0
2026-09-23T09:47:18.203298+07:00,final_benchmark:PositionEvalAgent,1.0,183.0,29.06,47.0,7.3,12.556629180908203,0.419403726965424,0.0,0.0
2026-09-23T09:47:19.220399+07:00,final_benchmark:PositionEvalAgent,4.0,183.0,29.02,46.0,8.1,12.556793212890625,0.419403726965424,0.0,0.0
2026-09-23T09:47:20.221777+07:00,final_benchmark:PositionEvalAgent,4.0,183.0,28.89,47.0,7.6,12.540992736816406,0.419403726965424,0.0,0.0
2026-09-23T09:47:21.209393+07:00,final_benchmark:PositionEvalAgent,4.0,183.0,31.44,47.0,9.8,12.582157135009766,0.4171381421306043,0.0,0.0
2026-09-23T09:47:22.238995+07:00,final_benchmark:PositionEvalAgent,2.0,183.0,28.43,46.0,9.1,12.573974609375,0.4171381421306043,0.0,0.0
2026-09-23T09:47:23.221800+07:00,final_benchmark:PositionEvalAgent,4.0,183.0,28.27,47.0,9.8,12.577178955078125,0.4171381421306043,0.0,0.0
2026-09-23T09:47:24.232745+07:00,final_benchmark:PositionEvalAgent,4.0,183.0,28.71,47.0,12.5,12.582649230957031,0.4171381421306043,0.0,0.0
2026-09-23T09:47:25.221840+07:00,final_benchmark:PositionEvalAgent,4.0,183.0,28.52,47.0,7.4,12.583049774169922,0.4171381421306043,0.0,0.0
2026-09-23T09:47:26.204150+07:00,final_benchmark:PositionEvalAgent,4.0,183.0,27.34,47.0,8.8,12.562442779541016,0.4171381421306043,0.0,0.0
2026-09-23T09:47:27.253670+07:00,final_benchmark:PositionEvalAgent,4.0,183.0,28.39,47.0,8.1,12.563129425048828,0.4171381421306043,0.0,0.0
2026-09-23T09:47:28.220881+07:00,final_benchmark:PositionEvalAgent,4.0,183.0,29.86,47.0,8.8,12.561080932617188,0.4171381421306043,0.0,0.0
2026-09-23T09:47:29.204476+07:00,final_benchmark:PositionEvalAgent,4.0,183.0,29.02,47.0,8.5,12.545852661132812,0.4171381421306043,0.0,0.0
2026-09-23T09:47:30.220633+07:00,final_benchmark:PositionEvalAgent,4.0,183.0,29.11,47.0,7.7,12.542160034179688,0.4171381421306043,0.0,0.0
2026-09-23T09:47:31.269564+07:00,final_benchmark:PositionEvalAgent,4.0,183.0,29.82,48.0,8.7,12.541877746582031,0.4171381421306043,0.0,0.0
2026-09-23T09:47:32.220948+07:00,final_benchmark:PositionEvalAgent,4.0,183.0,29.45,48.0,8.7,12.532276153564453,0.41403364540812604,0.0,0.0
2026-09-23T09:47:33.232343+07:00,final_benchmark:PositionEvalAgent,3.0,183.0,28.36,47.0,14.1,12.508010864257812,0.41403364540812604,0.0,0.0
2026-09-23T09:47:34.221405+07:00,final_benchmark:PositionEvalAgent,1.0,183.0,28.37,47.0,8.1,12.499374389648438,0.41403364540812604,0.0,0.0
2026-09-23T09:47:35.221652+07:00,final_benchmark:PositionEvalAgent,0.0,183.0,28.64,47.0,11.7,12.489433288574219,0.41403364540812604,0.0,0.0
2026-09-23T09:47:36.220198+07:00,final_benchmark:PositionEvalAgent,1.0,183.0,28.73,47.0,11.4,12.485435485839844,0.41403364540812604,0.0,0.0
2026-09-23T09:47:37.236561+07:00,final_benchmark:PositionEvalAgent,4.0,183.0,28.75,48.0,11.6,12.482280731201172,0.41403364540812604,0.0,0.0
2026-09-23T09:47:38.221741+07:00,final_benchmark:PositionEvalAgent,4.0,183.0,27.49,48.0,11.8,12.488338470458984,0.41403364540812604,0.0,0.0
2026-09-23T09:47:39.332626+07:00,final_benchmark:PositionEvalAgent,4.0,183.0,31.51,48.0,8.6,12.489261627197266,0.41403364540812604,0.0,0.0
2026-09-23T09:47:40.235203+07:00,final_benchmark:PositionEvalAgent,4.0,183.0,28.42,48.0,9.9,12.484600067138672,0.41403364540812604,0.0,0.0
2026-09-23T09:47:41.326763+07:00,final_benchmark:PositionEvalAgent,4.0,183.0,28.4,48.0,9.2,12.485057830810547,0.41403364540812604,0.0,0.0
2026-09-23T09:47:42.215718+07:00,final_benchmark:PositionEvalAgent,4.0,183.0,29.42,48.0,10.8,12.483997344970703,0.41403364540812604,0.0,0.0
2026-09-23T09:47:43.235301+07:00,final_benchmark:PositionEvalAgent,4.0,183.0,26.86,48.0,11.9,12.484256744384766,0.41403364540812604,0.0,0.0
2026-09-23T09:47:44.271269+07:00,final_benchmark:PositionEvalAgent,1.0,183.0,23.29,47.0,11.6,12.484275817871094,0.41403364540812604,0.0,0.0
2026-09-23T09:47:45.226625+07:00,final_benchmark:PositionEvalAgent,4.0,183.0,25.68,48.0,9.9,12.483177185058594,0.41010108137160656,0.0,0.0
2026-09-23T09:47:46.220769+07:00,final_benchmark:PositionEvalAgent,0.0,183.0,28.6,47.0,9.4,12.473480224609375,0.41010108137160656,0.0,0.0
2026-09-23T09:47:47.218322+07:00,final_benchmark:PositionEvalAgent,2.0,183.0,28.5,46.0,10.0,12.47772216796875,0.41010108137160656,0.0,0.0
2026-09-23T09:47:48.237968+07:00,final_benchmark:PositionEvalAgent,3.0,183.0,28.87,46.0,10.5,12.478172302246094,0.41010108137160656,0.0,0.0
2026-09-23T09:47:49.221603+07:00,final_benchmark:PositionEvalAgent,3.0,183.0,28.3,46.0,11.2,12.476543426513672,0.41010108137160656,0.0,0.0
2026-09-23T09:47:50.222262+07:00,final_benchmark:PositionEvalAgent,4.0,183.0,28.63,47.0,8.0,12.486454010009766,0.41010108137160656,0.0,0.0
2026-09-23T09:47:51.332738+07:00,final_benchmark:PositionEvalAgent,4.0,183.0,30.85,48.0,10.1,12.478370666503906,0.41010108137160656,0.0,0.0
2026-09-23T09:47:52.287749+07:00,final_benchmark:PositionEvalAgent,4.0,183.0,27.81,48.0,13.0,12.503231048583984,0.41010108137160656,0.0,0.0
2026-09-23T09:47:53.239464+07:00,final_benchmark:PositionEvalAgent,1.0,183.0,24.79,47.0,9.8,12.500812530517578,0.41010108137160656,0.0,0.0
2026-09-23T09:47:54.220982+07:00,final_benchmark:PositionEvalAgent,4.0,183.0,27.68,48.0,9.9,12.502216339111328,0.40771105689530995,0.0,0.0
2026-09-23T09:47:55.204679+07:00,final_benchmark:PositionEvalAgent,2.0,183.0,28.68,46.0,9.5,12.498851776123047,0.40771105689530995,0.0,0.0
2026-09-23T09:47:56.212817+07:00,final_benchmark:PositionEvalAgent,4.0,183.0,28.6,47.0,9.9,12.49203872680664,0.40771105689530995,0.0,0.0
2026-09-23T09:47:57.221355+07:00,final_benchmark:PositionEvalAgent,4.0,183.0,28.65,47.0,13.1,12.490913391113281,0.40771105689530995,0.0,0.0
2026-09-23T09:47:58.221254+07:00,final_benchmark:PositionEvalAgent,2.0,183.0,28.09,47.0,13.0,12.494377136230469,0.40771105689530995,0.0,0.0
2026-09-23T09:47:59.220563+07:00,final_benchmark:PositionEvalAgent,4.0,183.0,25.92,48.0,12.7,12.503898620605469,0.40771105689530995,0.0,0.0
2026-09-23T09:48:00.205387+07:00,final_benchmark:PositionEvalAgent,2.0,183.0,26.5,47.0,9.8,12.508769989013672,0.40771105689530995,0.0,0.0
2026-09-23T09:48:01.222366+07:00,final_benchmark:PositionEvalAgent,3.0,183.0,26.67,48.0,13.1,12.511734008789062,0.40771105689530995,0.0,0.0
2026-09-23T09:48:02.205182+07:00,final_benchmark:PositionEvalAgent,4.0,183.0,29.52,48.0,10.4,12.505733489990234,0.405811090424195,0.0,0.0
2026-09-23T09:48:03.216852+07:00,final_benchmark:PositionEvalAgent,2.0,183.0,28.09,48.0,11.5,12.503410339355469,0.405811090424195,0.0,0.0
2026-09-23T09:48:04.222064+07:00,final_benchmark:PositionEvalAgent,1.0,183.0,28.63,47.0,10.9,12.501907348632812,0.405811090424195,0.0,0.0
2026-09-23T09:48:05.222301+07:00,final_benchmark:PositionEvalAgent,2.0,183.0,28.77,47.0,12.4,12.501853942871094,0.4054509676147187,0.0,0.0
2026-09-23T09:48:06.255804+07:00,final_benchmark:PositionEvalAgent,4.0,183.0,28.35,48.0,8.7,12.512889862060547,0.4054509676147187,0.0,0.0
2026-09-23T09:48:07.220406+07:00,final_benchmark:PositionEvalAgent,4.0,183.0,29.88,48.0,11.1,12.534191131591797,0.4054509676147187,0.0,0.0
2026-09-23T09:48:08.220836+07:00,final_benchmark:PositionEvalAgent,4.0,183.0,28.44,48.0,10.9,12.565948486328125,0.4054509676147187,0.0,0.0
2026-09-23T09:48:09.203964+07:00,final_benchmark:PositionEvalAgent,7.0,183.0,28.83,48.0,10.3,12.581077575683594,0.4054509676147187,0.0,0.0
2026-09-23T09:48:10.271870+07:00,final_benchmark:PositionEvalAgent,5.0,183.0,29.53,48.0,8.6,12.581428527832031,0.4054509676147187,0.0,0.0
2026-09-23T09:48:11.220781+07:00,final_benchmark:PositionEvalAgent,4.0,183.0,29.58,48.0,9.1,12.576862335205078,0.4054509676147187,0.0,0.0
2026-09-23T09:48:12.288516+07:00,final_benchmark:PositionEvalAgent,7.0,183.0,30.11,48.0,10.9,12.581195831298828,0.4039911019889398,0.0,0.0
2026-09-23T09:48:13.219666+07:00,final_benchmark:PositionEvalAgent,6.0,183.0,29.29,47.0,8.3,12.580696105957031,0.4039911019889398,0.0,0.0
2026-09-23T09:48:14.285664+07:00,final_benchmark:PositionEvalAgent,7.0,183.0,29.97,48.0,9.0,12.580318450927734,0.4041747319055749,0.0,0.0
2026-09-23T09:48:15.224609+07:00,final_benchmark:PositionEvalAgent,7.0,183.0,29.3,47.0,9.0,12.532855987548828,0.4041747319055749,0.0,0.0
2026-09-23T09:48:16.235664+07:00,final_benchmark:PositionEvalAgent,7.0,183.0,29.33,48.0,11.2,12.524017333984375,0.4043602648113152,0.0,0.0
2026-09-23T09:48:17.215940+07:00,final_benchmark:PositionEvalAgent,4.0,183.0,30.14,48.0,14.2,12.571514129638672,0.4043602648113152,0.0,0.0
2026-09-23T09:48:18.221935+07:00,final_benchmark:PositionEvalAgent,7.0,183.0,29.54,48.0,13.5,12.5653076171875,0.4043602648113152,0.0,0.0
2026-09-23T09:48:19.205383+07:00,final_benchmark:PositionEvalAgent,6.0,183.0,30.75,47.0,12.3,12.5594482421875,0.4043602648113152,0.0,0.0
2026-09-23T09:48:20.231437+07:00,final_benchmark:PositionEvalAgent,7.0,183.0,29.16,48.0,14.7,12.571903228759766,0.4043602648113152,0.0,0.0
2026-09-23T09:48:21.224137+07:00,final_benchmark:PositionEvalAgent,4.0,183.0,29.11,48.0,13.3,12.556690216064453,0.4043602648113152,0.0,0.0
2026-09-23T09:48:22.219397+07:00,final_benchmark:PositionEvalAgent,4.0,183.0,31.59,48.0,11.0,12.567646026611328,0.4029988362843044,0.0,0.0
2026-09-23T09:48:23.208973+07:00,final_benchmark:PositionEvalAgent,4.0,183.0,28.15,48.0,9.2,12.56900405883789,0.4029988362843044,0.0,0.0
2026-09-23T09:48:24.270269+07:00,final_benchmark:PositionEvalAgent,4.0,183.0,29.05,48.0,8.2,12.563507080078125,0.4029988362843044,0.0,0.0
2026-09-23T09:48:25.236350+07:00,final_benchmark:PositionEvalAgent,4.0,183.0,28.75,48.0,8.4,12.547447204589844,0.4029988362843044,0.0,0.0
2026-09-23T09:48:26.221216+07:00,final_benchmark:PositionEvalAgent,4.0,183.0,30.28,48.0,8.0,12.544391632080078,0.4026810696378134,0.0,0.0
2026-09-23T09:48:27.221431+07:00,final_benchmark:PositionEvalAgent,4.0,183.0,28.28,48.0,6.9,12.54400634765625,0.4026810696378134,0.0,0.0
2026-09-23T09:48:28.220903+07:00,final_benchmark:PositionEvalAgent,1.0,183.0,28.86,48.0,7.9,12.538105010986328,0.4026810696378134,0.0,0.0
2026-09-23T09:48:29.221595+07:00,final_benchmark:PositionEvalAgent,4.0,183.0,29.12,48.0,9.1,12.53665542602539,0.4022099095761349,0.0,0.0
2026-09-23T09:48:30.351249+07:00,final_benchmark:PositionEvalAgent,4.0,183.0,30.84,49.0,8.4,12.536964416503906,0.4022099095761349,0.0,0.0
2026-09-23T09:48:31.209736+07:00,final_benchmark:PositionEvalAgent,4.0,183.0,28.63,49.0,8.0,12.533931732177734,0.4022099095761349,0.0,0.0
2026-09-23T09:48:32.221018+07:00,final_benchmark:PositionEvalAgent,4.0,183.0,28.66,49.0,7.4,12.53537368774414,0.4022099095761349,0.0,0.0
2026-09-23T09:48:33.209410+07:00,final_benchmark:PositionEvalAgent,4.0,183.0,28.79,49.0,7.7,12.524383544921875,0.4022099095761349,0.0,0.0
2026-09-23T09:48:34.221993+07:00,final_benchmark:PositionEvalAgent,4.0,183.0,28.33,48.0,6.9,12.516921997070312,0.4022099095761349,0.0,0.0
2026-09-23T09:48:35.221879+07:00,final_benchmark:PositionEvalAgent,4.0,183.0,28.76,49.0,7.7,12.517040252685547,0.4022099095761349,0.0,0.0
2026-09-23T09:48:36.217376+07:00,final_benchmark:PositionEvalAgent,1.0,183.0,28.95,48.0,7.8,12.516624450683594,0.4022099095761349,0.0,0.0
2026-09-23T09:48:37.221196+07:00,final_benchmark:PositionEvalAgent,4.0,183.0,31.7,49.0,8.1,12.520973205566406,0.4022099095761349,0.0,0.0
2026-09-23T09:48:38.221539+07:00,final_benchmark:PositionEvalAgent,4.0,183.0,28.79,49.0,8.2,12.522907257080078,0.4022099095761349,0.0,0.0
2026-09-23T09:48:39.254847+07:00,final_benchmark:PositionEvalAgent,4.0,183.0,26.53,49.0,7.6,12.524177551269531,0.4022099095761349,0.0,0.0
2026-09-23T09:48:40.282500+07:00,final_benchmark:PositionEvalAgent,3.0,183.0,25.31,48.0,8.5,12.529483795166016,0.4022099095761349,0.0,0.0
2026-09-23T09:48:41.265326+07:00,final_benchmark:PositionEvalAgent,2.0,183.0,22.62,48.0,11.0,12.529342651367188,0.3989591535788519,0.0,0.0
2026-09-23T09:48:42.225009+07:00,final_benchmark:PositionEvalAgent,4.0,183.0,29.65,49.0,9.9,12.528499603271484,0.3989591535788519,0.0,0.0
2026-09-23T09:48:43.220980+07:00,final_benchmark:PositionEvalAgent,4.0,183.0,28.6,49.0,10.8,12.529956817626953,0.3989591535788519,0.0,0.0
2026-09-23T09:48:44.221804+07:00,final_benchmark:PositionEvalAgent,4.0,183.0,28.37,49.0,9.2,12.529258728027344,0.3989591535788519,0.0,0.0
2026-09-23T09:48:45.221928+07:00,final_benchmark:PositionEvalAgent,4.0,183.0,28.87,49.0,9.1,12.528450012207031,0.3989591535788519,0.0,0.0
2026-09-23T09:48:46.221582+07:00,final_benchmark:PositionEvalAgent,3.0,183.0,28.93,49.0,9.5,12.527271270751953,0.3989591535788519,0.0,0.0
2026-09-23T09:48:47.210467+07:00,final_benchmark:PositionEvalAgent,4.0,183.0,28.86,48.0,9.0,12.527591705322266,0.3989591535788519,0.0,0.0
2026-09-23T09:48:48.220873+07:00,final_benchmark:PositionEvalAgent,4.0,183.0,28.91,49.0,8.7,12.527023315429688,0.3989591535788519,0.0,0.0
2026-09-23T09:48:49.220476+07:00,final_benchmark:PositionEvalAgent,4.0,183.0,29.01,49.0,12.7,12.525287628173828,0.3989591535788519,0.0,0.0
2026-09-23T09:48:50.220342+07:00,final_benchmark:PositionEvalAgent,3.0,183.0,28.89,47.0,13.8,12.523628234863281,0.3989591535788519,0.0,0.0
2026-09-23T09:48:51.221249+07:00,final_benchmark:PositionEvalAgent,1.0,183.0,29.29,48.0,10.3,12.527847290039062,0.3989591535788519,0.0,0.0
2026-09-23T09:48:52.305012+07:00,final_benchmark:PositionEvalAgent,4.0,183.0,26.29,49.0,8.6,12.526123046875,0.3989591535788519,0.0,0.0
2026-09-23T09:48:53.203809+07:00,final_benchmark:PositionEvalAgent,4.0,183.0,26.77,48.0,8.5,12.523880004882812,0.3989591535788519,0.0,0.0
2026-09-23T09:48:54.221817+07:00,final_benchmark:PositionEvalAgent,1.0,183.0,29.27,49.0,8.4,12.522323608398438,0.39555702439064183,0.0,0.0
2026-09-23T09:48:55.238199+07:00,final_benchmark:PositionEvalAgent,4.0,183.0,28.61,49.0,8.2,12.522411346435547,0.39555702439064183,0.0,0.0
2026-09-23T09:48:56.326182+07:00,final_benchmark:PositionEvalAgent,4.0,183.0,29.1,49.0,9.0,12.551063537597656,0.39555702439064183,0.0,0.0
2026-09-23T09:48:57.342002+07:00,final_benchmark:PositionEvalAgent,4.0,183.0,27.41,49.0,9.6,12.561641693115234,0.39555702439064183,0.0,0.0
2026-09-23T09:48:58.255309+07:00,final_benchmark:PositionEvalAgent,4.0,183.0,28.01,49.0,8.6,12.581703186035156,0.39555702439064183,0.0,0.0
2026-09-23T09:48:59.204944+07:00,final_benchmark:PositionEvalAgent,5.0,183.0,29.39,49.0,9.0,12.578838348388672,0.39555702439064183,0.0,0.0
2026-09-23T09:49:00.203985+07:00,final_benchmark:PositionEvalAgent,6.0,183.0,29.54,49.0,9.0,12.570755004882812,0.39555702439064183,0.0,0.0
2026-09-23T09:49:01.257893+07:00,final_benchmark:PositionEvalAgent,6.0,183.0,29.24,48.0,8.3,12.570541381835938,0.39555702439064183,0.0,0.0
2026-09-23T09:49:02.238298+07:00,final_benchmark:PositionEvalAgent,4.0,183.0,25.94,49.0,8.2,12.557914733886719,0.39555702439064183,0.0,0.0
2026-09-23T09:49:03.255053+07:00,final_benchmark:PositionEvalAgent,0.0,183.0,14.91,47.0,5.4,12.54852294921875,0.3936632290043398,0.0,0.0
2026-09-23T09:49:04.236852+07:00,final_benchmark:PositionEvalAgent,0.0,183.0,14.81,47.0,5.0,12.550094604492188,0.3936632290043398,0.0,0.0
2026-09-23T09:49:05.250209+07:00,final_benchmark:PositionEvalAgent,0.0,183.0,12.0,46.0,5.4,12.519611358642578,0.3936632290043398,0.0,0.0
2026-09-23T09:49:06.235943+07:00,final_benchmark:PositionEvalAgent,0.0,183.0,11.08,46.0,7.2,12.508075714111328,0.3936632290043398,0.0,0.0
2026-09-23T09:49:07.255491+07:00,final_benchmark:PositionEvalAgent,0.0,183.0,10.96,46.0,4.5,12.50350570678711,0.3936632290043398,0.0,0.0
2026-09-23T09:49:08.220092+07:00,final_benchmark:PositionEvalAgent,0.0,183.0,10.85,46.0,15.1,12.59219741821289,0.3936632290043398,0.0,0.0
2026-09-23T09:49:09.237590+07:00,final_benchmark:PositionEvalAgent,0.0,183.0,10.92,46.0,10.4,12.599193572998047,0.3936632290043398,0.0,0.0
2026-09-23T09:49:10.237360+07:00,final_benchmark:PositionEvalAgent,0.0,183.0,10.95,46.0,9.1,12.607135772705078,0.3936632290043398,0.0,0.0
2026-09-23T09:49:11.251719+07:00,final_benchmark:PositionEvalAgent,0.0,183.0,10.97,46.0,6.3,12.60892105102539,0.3936632290043398,0.0,0.0
2026-09-23T09:49:12.254184+07:00,final_benchmark:PositionEvalAgent,0.0,183.0,10.98,46.0,5.8,12.607547760009766,0.3936632290043398,0.0,0.0
2026-09-23T09:49:13.255843+07:00,final_benchmark:PositionEvalAgent,0.0,183.0,10.84,46.0,5.2,12.614627838134766,0.3936632290043398,0.0,0.0
2026-09-23T09:49:14.271751+07:00,final_benchmark:PositionEvalAgent,0.0,183.0,10.89,46.0,5.2,12.614383697509766,0.3936632290043398,0.0,0.0
2026-09-23T09:49:15.254274+07:00,final_benchmark:PositionEvalAgent,0.0,183.0,10.9,46.0,5.3,12.614372253417969,0.3936632290043398,0.0,0.0
2026-09-23T09:49:16.237953+07:00,final_benchmark:PositionEvalAgent,0.0,183.0,10.98,46.0,5.3,12.614112854003906,0.3936632290043398,0.0,0.0
2026-09-23T09:49:17.254122+07:00,final_benchmark:PositionEvalAgent,0.0,183.0,11.1,46.0,5.6,12.614620208740234,0.3936632290043398,0.0,0.0
2026-09-23T09:49:18.238744+07:00,final_benchmark:PositionEvalAgent,0.0,183.0,11.08,45.0,5.9,12.612930297851562,0.3936632290043398,0.0,0.0
2026-09-23T09:49:19.305038+07:00,final_benchmark:PositionEvalAgent,16.0,183.0,17.85,47.0,8.2,12.615455627441406,0.3936632290043398,0.0,0.0
2026-09-23T09:49:20.219900+07:00,final_benchmark:PositionEvalAgent,6.0,183.0,29.12,47.0,8.4,12.615203857421875,0.3936632290043398,0.0,0.0
2026-09-23T09:49:21.237448+07:00,final_benchmark:PositionEvalAgent,6.0,183.0,29.0,48.0,10.0,12.615402221679688,0.3936632290043398,0.0,0.0
2026-09-23T09:49:22.255304+07:00,final_benchmark:PositionEvalAgent,4.0,183.0,29.11,48.0,7.9,12.618118286132812,0.3936632290043398,0.0,0.0
2026-09-23T09:49:23.220030+07:00,final_benchmark:PositionEvalAgent,6.0,183.0,27.8,48.0,8.4,12.618717193603516,0.3936632290043398,0.0,0.0
2026-09-23T09:49:24.250022+07:00,final_benchmark:PositionEvalAgent,4.0,183.0,24.58,47.0,9.5,12.619239807128906,0.3936632290043398,0.0,0.0
2026-09-23T09:49:25.219560+07:00,final_benchmark:PositionEvalAgent,6.0,183.0,29.48,47.0,9.4,12.622184753417969,0.38746284475006315,0.0,0.0
2026-09-23T09:49:26.281856+07:00,final_benchmark:PositionEvalAgent,3.0,183.0,30.68,48.0,8.9,12.61956787109375,0.38746284475006315,0.0,0.0
2026-09-23T09:49:27.237674+07:00,final_benchmark:PositionEvalAgent,6.0,183.0,29.51,48.0,8.8,12.620838165283203,0.38746284475006315,0.0,0.0
2026-09-23T09:49:28.221167+07:00,final_benchmark:PositionEvalAgent,5.0,183.0,31.08,48.0,9.0,12.620002746582031,0.38709162976721173,0.0,0.0
2026-09-23T09:49:29.221056+07:00,final_benchmark:PositionEvalAgent,3.0,183.0,30.63,48.0,8.4,12.619365692138672,0.38709162976721173,0.0,0.0
2026-09-23T09:49:30.218640+07:00,final_benchmark:PositionEvalAgent,7.0,183.0,29.22,48.0,10.5,12.654850006103516,0.38709162976721173,0.0,0.0
2026-09-23T09:49:31.288456+07:00,final_benchmark:PositionEvalAgent,6.0,183.0,30.83,48.0,9.4,12.675586700439453,0.38709162976721173,0.0,0.0
2026-09-23T09:49:32.219441+07:00,final_benchmark:PositionEvalAgent,6.0,183.0,29.74,47.0,8.6,12.671802520751953,0.38709162976721173,0.0,0.0
2026-09-23T09:49:33.242655+07:00,final_benchmark:PositionEvalAgent,3.0,183.0,24.55,48.0,9.6,12.668964385986328,0.3863097937781037,0.0,0.0
2026-09-23T09:49:34.220860+07:00,final_benchmark:PositionEvalAgent,0.0,183.0,15.87,46.0,5.6,12.672382354736328,0.3863097937781037,0.0,0.0
2026-09-23T09:49:35.222272+07:00,final_benchmark:PositionEvalAgent,0.0,183.0,12.26,46.0,6.6,12.662467956542969,0.3863097937781037,0.0,0.0
2026-09-23T09:49:36.204554+07:00,final_benchmark:PositionEvalAgent,0.0,183.0,11.74,46.0,15.3,12.853679656982422,0.3863097937781037,0.0,0.0
2026-09-23T09:49:37.208350+07:00,final_benchmark:PositionEvalAgent,0.0,183.0,11.39,46.0,9.4,12.746585845947266,0.3863097937781037,0.0,0.0
2026-09-23T09:49:38.236027+07:00,final_benchmark:PositionEvalAgent,0.0,183.0,10.9,45.0,6.5,12.721569061279297,0.3863097937781037,0.0,0.0
2026-09-23T09:49:39.239981+07:00,final_benchmark:PositionEvalAgent,0.0,183.0,10.87,45.0,7.2,12.699142456054688,0.3863097937781037,0.0,0.0
2026-09-23T09:49:40.246574+07:00,final_benchmark:PositionEvalAgent,0.0,183.0,10.94,45.0,5.1,12.704254150390625,0.3863097937781037,0.0,0.0
2026-09-23T09:49:41.254328+07:00,final_benchmark:PositionEvalAgent,0.0,183.0,10.96,45.0,3.5,12.698318481445312,0.3863097937781037,0.0,0.0
2026-09-23T09:49:42.240190+07:00,final_benchmark:PositionEvalAgent,0.0,183.0,11.04,45.0,5.8,12.674800872802734,0.3863097937781037,0.0,0.0
2026-09-23T09:49:43.238877+07:00,final_benchmark:PositionEvalAgent,0.0,183.0,10.95,45.0,5.8,12.67386245727539,0.3863097937781037,0.0,0.0
2026-09-23T09:49:44.254187+07:00,final_benchmark:PositionEvalAgent,0.0,183.0,10.89,45.0,6.1,12.673851013183594,0.3863097937781037,0.0,0.0
2026-09-23T09:49:45.256233+07:00,final_benchmark:PositionEvalAgent,0.0,183.0,10.78,45.0,5.8,12.63101577758789,0.3863097937781037,0.0,0.0
2026-09-23T09:49:46.238664+07:00,final_benchmark:PositionEvalAgent,0.0,183.0,10.8,45.0,6.5,12.60958480834961,0.3863097937781037,0.0,0.0
2026-09-23T09:49:47.237612+07:00,final_benchmark:PositionEvalAgent,0.0,183.0,10.91,45.0,7.4,12.603710174560547,0.3863097937781037,0.0,0.0
2026-09-23T09:49:48.237550+07:00,final_benchmark:PositionEvalAgent,0.0,183.0,10.89,45.0,6.1,12.603282928466797,0.3863097937781037,0.0,0.0
2026-09-23T09:49:49.237643+07:00,final_benchmark:PositionEvalAgent,0.0,183.0,10.83,45.0,6.2,12.600929260253906,0.3863097937781037,0.0,0.0
2026-09-23T09:49:50.258154+07:00,final_benchmark:PositionEvalAgent,0.0,183.0,10.79,45.0,4.6,12.596569061279297,0.3863097937781037,0.0,0.0
2026-09-23T09:49:51.254394+07:00,final_benchmark:PositionEvalAgent,0.0,183.0,10.76,45.0,6.2,12.592144012451172,0.3863097937781037,0.0,0.0
2026-09-23T09:49:52.204071+07:00,final_benchmark:PositionEvalAgent,0.0,183.0,10.78,45.0,6.3,12.592693328857422,0.3863097937781037,0.0,0.0
2026-09-23T09:49:53.238195+07:00,final_benchmark:PositionEvalAgent,0.0,183.0,10.84,45.0,5.7,12.599067687988281,0.3863097937781037,0.0,0.0
2026-09-23T09:49:54.255456+07:00,final_benchmark:PositionEvalAgent,0.0,183.0,10.91,45.0,5.9,12.599525451660156,0.3863097937781037,0.0,0.0
2026-09-23T09:49:55.219883+07:00,final_benchmark:PositionEvalAgent,0.0,183.0,10.88,45.0,6.9,12.591167449951172,0.3863097937781037,0.0,0.0
2026-09-23T09:49:56.272934+07:00,final_benchmark:PositionEvalAgent,0.0,183.0,10.84,45.0,6.9,12.591808319091797,0.3863097937781037,0.0,0.0
2026-09-23T09:49:57.199987+07:00,final_benchmark:PositionEvalAgent,0.0,183.0,10.78,45.0,7.3,12.590686798095703,0.3863097937781037,0.0,0.0
2026-09-23T09:49:58.220992+07:00,final_benchmark:PositionEvalAgent,0.0,183.0,10.72,44.0,5.5,12.590522766113281,0.3863097937781037,0.0,0.0
2026-09-23T09:49:59.204521+07:00,final_benchmark:PositionEvalAgent,0.0,183.0,10.8,44.0,5.3,12.589984893798828,0.3863097937781037,0.0,0.0
2026-09-23T09:50:00.237879+07:00,final_benchmark:PositionEvalAgent,0.0,183.0,10.89,44.0,4.6,12.590496063232422,0.3863097937781037,0.0,0.0
2026-09-23T09:50:01.255911+07:00,final_benchmark:PositionEvalAgent,0.0,183.0,10.91,44.0,4.8,12.591571807861328,0.3863097937781037,0.0,0.0
2026-09-23T09:50:02.237733+07:00,final_benchmark:PositionEvalAgent,0.0,183.0,10.88,44.0,3.5,12.59140396118164,0.3863097937781037,0.0,0.0
2026-09-23T09:50:03.253514+07:00,final_benchmark:PositionEvalAgent,0.0,183.0,10.82,44.0,5.4,12.588638305664062,0.3863097937781037,0.0,0.0
2026-09-23T09:50:04.255448+07:00,final_benchmark:PositionEvalAgent,0.0,183.0,10.72,44.0,4.1,12.588665008544922,0.3863097937781037,0.0,0.0
2026-09-23T09:50:05.242443+07:00,final_benchmark:PositionEvalAgent,0.0,183.0,10.75,44.0,5.7,12.588981628417969,0.3863097937781037,0.0,0.0
2026-09-23T09:50:06.240303+07:00,final_benchmark:PositionEvalAgent,0.0,183.0,10.91,44.0,6.8,12.547431945800781,0.3863097937781037,0.0,0.0
2026-09-23T09:50:07.237714+07:00,final_benchmark:PositionEvalAgent,0.0,183.0,10.95,44.0,6.2,12.535587310791016,0.3863097937781037,0.0,0.0
2026-09-23T09:50:08.237683+07:00,final_benchmark:PositionEvalAgent,0.0,183.0,11.0,44.0,6.8,12.515037536621094,0.3863097937781037,0.0,0.0
2026-09-23T09:50:09.254198+07:00,final_benchmark:PositionEvalAgent,0.0,183.0,10.96,44.0,7.8,12.518852233886719,0.3863097937781037,0.0,0.0
2026-09-23T09:50:10.257089+07:00,final_benchmark:PositionEvalAgent,0.0,183.0,10.87,44.0,10.3,12.561592102050781,0.3863097937781037,0.0,0.0
2026-09-23T09:50:11.254049+07:00,final_benchmark:PositionEvalAgent,0.0,183.0,10.85,44.0,6.9,12.562583923339844,0.3863097937781037,0.0,0.0
2026-09-23T09:50:12.219961+07:00,final_benchmark:PositionEvalAgent,7.0,183.0,23.04,46.0,8.3,12.56447982788086,0.3863097937781037,0.0,0.0
2026-09-23T09:50:13.275472+07:00,final_benchmark:PositionEvalAgent,4.0,183.0,29.97,46.0,8.6,12.547779083251953,0.3863097937781037,0.0,0.0
2026-09-23T09:50:14.219592+07:00,final_benchmark:PositionEvalAgent,7.0,183.0,29.2,45.0,7.5,12.546775817871094,0.3863097937781037,0.0,0.0
2026-09-23T09:50:15.226115+07:00,final_benchmark:PositionEvalAgent,7.0,183.0,30.91,47.0,9.1,12.548419952392578,0.3745284288559062,0.0,0.0
2026-09-23T09:50:16.219499+07:00,final_benchmark:PositionEvalAgent,6.0,183.0,28.64,47.0,7.9,12.537975311279297,0.3745284288559062,0.0,0.0
2026-09-23T09:50:17.220709+07:00,final_benchmark:PositionEvalAgent,7.0,183.0,30.71,47.0,8.6,12.492324829101562,0.37475247958088637,0.0,0.0
2026-09-23T09:50:18.219617+07:00,final_benchmark:PositionEvalAgent,7.0,183.0,28.72,47.0,8.6,12.46502685546875,0.37475247958088637,0.0,0.0
2026-09-23T09:50:19.305189+07:00,final_benchmark:PositionEvalAgent,7.0,183.0,29.34,47.0,8.9,12.464653015136719,0.37496291826779965,0.0,0.0
2026-09-23T09:50:20.219891+07:00,final_benchmark:PositionEvalAgent,7.0,183.0,29.37,46.0,8.0,12.463050842285156,0.37496291826779965,0.0,0.0
2026-09-23T09:50:21.254746+07:00,final_benchmark:PositionEvalAgent,7.0,183.0,29.54,47.0,7.6,12.462440490722656,0.37496291826779965,0.0,0.0
2026-09-23T09:50:22.202153+07:00,final_benchmark:PositionEvalAgent,5.0,183.0,29.67,47.0,8.7,12.461856842041016,0.3747251252139328,0.0,0.0
2026-09-23T09:50:23.238254+07:00,final_benchmark:PositionEvalAgent,4.0,183.0,30.43,47.0,8.4,12.461563110351562,0.3747251252139328,0.0,0.0
2026-09-23T09:50:24.219528+07:00,final_benchmark:PositionEvalAgent,6.0,183.0,28.54,47.0,8.2,12.455394744873047,0.3747251252139328,0.0,0.0
2026-09-23T09:50:25.219773+07:00,final_benchmark:PositionEvalAgent,4.0,183.0,30.32,47.0,8.7,12.456550598144531,0.3747251252139328,0.0,0.0
2026-09-23T09:50:26.220791+07:00,final_benchmark:PositionEvalAgent,5.0,183.0,29.27,47.0,9.4,12.450935363769531,0.3747251252139328,0.0,0.0
2026-09-23T09:50:27.205272+07:00,final_benchmark:PositionEvalAgent,6.0,183.0,30.76,47.0,7.9,12.450843811035156,0.3747251252139328,0.0,0.0
2026-09-23T09:50:28.264303+07:00,final_benchmark:PositionEvalAgent,7.0,183.0,29.59,46.0,8.1,12.450836181640625,0.3747251252139328,0.0,0.0
2026-09-23T09:50:29.296437+07:00,final_benchmark:PositionEvalAgent,6.0,183.0,26.11,46.0,8.7,12.450836181640625,0.3747251252139328,0.0,0.0
2026-09-23T09:50:30.252162+07:00,final_benchmark:PositionEvalAgent,6.0,183.0,26.2,47.0,8.6,12.453529357910156,0.37336438615424455,0.0,0.0
2026-09-23T09:50:31.238613+07:00,final_benchmark:PositionEvalAgent,5.0,183.0,28.99,47.0,8.9,12.450843811035156,0.37336438615424455,0.0,0.0
2026-09-23T09:50:32.237761+07:00,final_benchmark:PositionEvalAgent,7.0,183.0,29.31,47.0,7.7,12.450630187988281,0.37336438615424455,0.0,0.0
2026-09-23T09:50:33.237046+07:00,final_benchmark:PositionEvalAgent,4.0,183.0,29.25,47.0,8.7,12.449089050292969,0.37336438615424455,0.0,0.0
2026-09-23T09:50:34.219786+07:00,final_benchmark:PositionEvalAgent,8.0,183.0,29.33,46.0,8.9,12.448577880859375,0.37336438615424455,0.0,0.0
2026-09-23T09:50:35.238237+07:00,final_benchmark:PositionEvalAgent,5.0,183.0,29.71,47.0,8.4,12.45046615600586,0.37257262344745656,0.0,0.0
2026-09-23T09:50:36.238529+07:00,final_benchmark:PositionEvalAgent,7.0,183.0,28.91,47.0,8.4,12.44852066040039,0.37257262344745656,0.0,0.0
2026-09-23T09:50:37.219888+07:00,final_benchmark:PositionEvalAgent,5.0,183.0,29.87,47.0,8.1,12.449565887451172,0.37278983620942635,0.0,0.0
2026-09-23T09:50:38.220544+07:00,final_benchmark:PositionEvalAgent,7.0,183.0,28.85,47.0,8.4,12.44754409790039,0.37278983620942635,0.0,0.0
2026-09-23T09:50:39.219703+07:00,final_benchmark:PositionEvalAgent,6.0,183.0,30.23,47.0,8.0,12.448112487792969,0.3729518107438324,0.0,0.0
2026-09-23T09:50:40.298253+07:00,final_benchmark:PositionEvalAgent,6.0,183.0,30.45,47.0,8.4,12.428958892822266,0.3729518107438324,0.0,0.0
2026-09-23T09:50:41.220399+07:00,final_benchmark:PositionEvalAgent,7.0,183.0,29.11,46.0,9.0,12.437347412109375,0.3729518107438324,0.0,0.0
2026-09-23T09:50:42.279150+07:00,final_benchmark:PositionEvalAgent,6.0,183.0,30.61,47.0,8.9,12.43636703491211,0.3729518107438324,0.0,0.0
2026-09-23T09:50:43.239068+07:00,final_benchmark:PositionEvalAgent,7.0,183.0,29.19,46.0,8.4,12.436389923095703,0.3729518107438324,0.0,0.0
2026-09-23T09:50:44.238789+07:00,final_benchmark:PositionEvalAgent,4.0,183.0,30.8,47.0,7.8,12.436264038085938,0.3729518107438324,0.0,0.0
2026-09-23T09:50:45.237269+07:00,final_benchmark:PositionEvalAgent,6.0,183.0,30.84,48.0,8.3,12.438056945800781,0.37205181086538175,0.0,0.0
2026-09-23T09:50:46.270637+07:00,final_benchmark:PositionEvalAgent,7.0,183.0,29.43,48.0,7.8,12.435653686523438,0.37205181086538175,0.0,0.0
2026-09-23T09:50:47.237538+07:00,final_benchmark:PositionEvalAgent,6.0,183.0,29.82,47.0,7.5,12.435565948486328,0.37205181086538175,0.0,0.0
2026-09-23T09:50:48.237401+07:00,final_benchmark:PositionEvalAgent,7.0,183.0,29.51,47.0,8.1,12.435604095458984,0.3719059971898268,0.0,0.0
2026-09-23T09:50:49.237251+07:00,final_benchmark:PositionEvalAgent,4.0,183.0,30.41,47.0,8.5,12.434993743896484,0.3719059971898268,0.0,0.0
2026-09-23T09:50:50.220368+07:00,final_benchmark:PositionEvalAgent,8.0,183.0,29.24,47.0,8.3,12.437507629394531,0.3719059971898268,0.0,0.0
2026-09-23T09:50:51.252242+07:00,final_benchmark:PositionEvalAgent,7.0,183.0,29.56,48.0,14.5,12.419105529785156,0.3719059971898268,0.0,0.0
2026-09-23T09:50:52.205176+07:00,final_benchmark:PositionEvalAgent,4.0,183.0,30.2,48.0,9.2,12.418724060058594,0.3719059971898268,0.0,0.0
2026-09-23T09:50:53.204114+07:00,final_benchmark:PositionEvalAgent,7.0,183.0,28.94,48.0,10.0,12.417449951171875,0.3719059971898268,0.0,0.0
2026-09-23T09:50:54.249827+07:00,final_benchmark:PositionEvalAgent,7.0,183.0,30.07,48.0,9.3,12.417518615722656,0.37108937252249335,0.0,0.0
2026-09-23T09:50:55.219773+07:00,final_benchmark:PositionEvalAgent,6.0,183.0,29.06,47.0,10.5,12.419544219970703,0.37108937252249335,0.0,0.0
2026-09-23T09:50:56.220546+07:00,final_benchmark:PositionEvalAgent,8.0,183.0,29.18,48.0,10.7,12.416793823242188,0.37131182973610993,0.0,0.0
2026-09-23T09:50:57.219470+07:00,final_benchmark:PositionEvalAgent,5.0,183.0,29.93,47.0,9.7,12.414188385009766,0.37131182973610993,0.0,0.0
2026-09-23T09:50:58.269629+07:00,final_benchmark:PositionEvalAgent,7.0,183.0,29.84,48.0,8.9,12.41357421875,0.37147756720127256,0.0,0.0
2026-09-23T09:50:59.220492+07:00,final_benchmark:PositionEvalAgent,6.0,183.0,29.09,47.0,9.5,12.421947479248047,0.37147756720127256,0.0,0.0
2026-09-23T09:51:00.219763+07:00,final_benchmark:PositionEvalAgent,7.0,183.0,29.4,48.0,11.5,12.424186706542969,0.37171560254557867,0.0,0.0
2026-09-23T09:51:01.219761+07:00,final_benchmark:PositionEvalAgent,4.0,183.0,30.35,48.0,10.7,12.420841217041016,0.37171560254557867,0.0,0.0
2026-09-23T09:51:02.237227+07:00,final_benchmark:PositionEvalAgent,7.0,183.0,29.0,48.0,10.6,12.421371459960938,0.3719183406803789,0.0,0.0
2026-09-23T09:51:03.219291+07:00,final_benchmark:PositionEvalAgent,4.0,183.0,30.62,48.0,11.5,12.41986083984375,0.3719183406803789,0.0,0.0
2026-09-23T09:51:04.238976+07:00,final_benchmark:PositionEvalAgent,7.0,183.0,29.34,48.0,12.5,12.419559478759766,0.3719183406803789,0.0,0.0
2026-09-23T09:51:05.238594+07:00,final_benchmark:PositionEvalAgent,7.0,183.0,30.97,48.0,11.9,12.45596694946289,0.3716868234432144,0.0,0.0
2026-09-23T09:51:06.225610+07:00,final_benchmark:PositionEvalAgent,7.0,183.0,28.78,48.0,11.1,12.456489562988281,0.3716868234432144,0.0,0.0
2026-09-23T09:51:07.219212+07:00,final_benchmark:PositionEvalAgent,5.0,183.0,29.39,48.0,10.2,12.457717895507812,0.3716868234432144,0.0,0.0
2026-09-23T09:51:08.221701+07:00,final_benchmark:PositionEvalAgent,7.0,183.0,28.89,47.0,12.9,12.505172729492188,0.3716868234432144,0.0,0.0
2026-09-23T09:51:09.216171+07:00,final_benchmark:PositionEvalAgent,7.0,183.0,29.62,47.0,10.2,12.517189025878906,0.3716868234432144,0.0,0.0
2026-09-23T09:51:10.222429+07:00,final_benchmark:PositionEvalAgent,4.0,183.0,27.02,48.0,8.8,12.517032623291016,0.3716868234432144,0.0,0.0
2026-09-23T09:51:11.220698+07:00,final_benchmark:PositionEvalAgent,3.0,183.0,26.88,48.0,7.4,12.512451171875,0.3716868234432144,0.0,0.0
2026-09-23T09:51:12.364628+07:00,final_benchmark:PositionEvalAgent,4.0,183.0,31.47,48.0,7.6,12.50094985961914,0.37068243211056706,0.0,0.0
2026-09-23T09:51:13.220593+07:00,final_benchmark:PositionEvalAgent,4.0,183.0,28.0,48.0,7.9,12.501262664794922,0.37068243211056706,0.0,0.0
2026-09-23T09:51:14.220634+07:00,final_benchmark:PositionEvalAgent,4.0,183.0,28.65,48.0,8.7,12.501052856445312,0.37068243211056706,0.0,0.0
2026-09-23T09:51:15.221357+07:00,final_benchmark:PositionEvalAgent,1.0,183.0,29.09,48.0,7.5,12.50604248046875,0.37040644846635074,0.0,0.0
2026-09-23T09:51:16.221868+07:00,final_benchmark:PositionEvalAgent,4.0,183.0,28.17,48.0,8.6,12.490242004394531,0.37040644846635074,0.0,0.0
2026-09-23T09:51:17.303184+07:00,final_benchmark:PositionEvalAgent,4.0,183.0,28.51,48.0,7.7,12.490280151367188,0.37040644846635074,0.0,0.0
2026-09-23T09:51:18.270400+07:00,final_benchmark:PositionEvalAgent,4.0,183.0,28.58,48.0,8.6,12.479354858398438,0.37040644846635074,0.0,0.0
2026-09-23T09:51:19.220505+07:00,final_benchmark:PositionEvalAgent,4.0,183.0,29.78,48.0,6.9,12.479476928710938,0.3702144884845102,0.0,0.0
2026-09-23T09:51:20.215047+07:00,final_benchmark:PositionEvalAgent,4.0,183.0,28.18,48.0,7.5,12.479293823242188,0.3702144884845102,0.0,0.0
2026-09-23T09:51:21.221315+07:00,final_benchmark:PositionEvalAgent,3.0,183.0,28.61,48.0,8.0,12.476470947265625,0.3702144884845102,0.0,0.0
2026-09-23T09:51:22.221625+07:00,final_benchmark:PositionEvalAgent,3.0,183.0,28.27,48.0,7.9,12.474899291992188,0.3702144884845102,0.0,0.0
2026-09-23T09:51:23.202600+07:00,final_benchmark:PositionEvalAgent,3.0,183.0,28.53,48.0,9.7,12.485919952392578,0.3702144884845102,0.0,0.0
2026-09-23T09:51:24.237577+07:00,final_benchmark:PositionEvalAgent,1.0,183.0,28.37,48.0,8.8,12.527057647705078,0.3702144884845102,0.0,0.0
2026-09-23T09:51:25.220104+07:00,final_benchmark:PositionEvalAgent,4.0,183.0,29.15,48.0,9.4,12.545299530029297,0.3702144884845102,0.0,0.0
2026-09-23T09:51:26.238053+07:00,final_benchmark:PositionEvalAgent,6.0,183.0,29.57,48.0,8.8,12.547134399414062,0.3702144884845102,0.0,0.0
2026-09-23T09:51:27.272819+07:00,final_benchmark:PositionEvalAgent,0.0,183.0,17.14,46.0,6.0,12.54489517211914,0.3687630677516161,0.0,0.0
2026-09-23T09:51:28.237745+07:00,final_benchmark:PositionEvalAgent,0.0,183.0,15.41,46.0,5.9,12.545059204101562,0.3687630677516161,0.0,0.0
2026-09-23T09:51:29.221079+07:00,final_benchmark:PositionEvalAgent,0.0,183.0,12.76,46.0,6.6,12.558032989501953,0.3687630677516161,0.0,0.0
2026-09-23T09:51:30.241022+07:00,final_benchmark:PositionEvalAgent,0.0,183.0,12.17,46.0,7.5,12.573131561279297,0.3687630677516161,0.0,0.0
2026-09-23T09:51:31.251870+07:00,final_benchmark:PositionEvalAgent,0.0,183.0,10.83,46.0,5.5,12.600662231445312,0.3687630677516161,0.0,0.0
2026-09-23T09:51:32.236363+07:00,final_benchmark:PositionEvalAgent,0.0,183.0,10.73,46.0,8.8,12.589908599853516,0.3687630677516161,0.0,0.0
2026-09-23T09:51:33.237912+07:00,final_benchmark:PositionEvalAgent,0.0,183.0,10.73,46.0,10.5,12.58624267578125,0.3687630677516161,0.0,0.0
2026-09-23T09:51:34.238520+07:00,final_benchmark:PositionEvalAgent,0.0,183.0,10.82,45.0,7.6,12.614501953125,0.3687630677516161,0.0,0.0
2026-09-23T09:51:35.255483+07:00,final_benchmark:PositionEvalAgent,0.0,183.0,10.91,45.0,7.4,12.630027770996094,0.3687630677516161,0.0,0.0
2026-09-23T09:51:36.255859+07:00,final_benchmark:PositionEvalAgent,0.0,183.0,10.93,45.0,6.5,12.659069061279297,0.3687630677516161,0.0,0.0
2026-09-23T09:51:37.238105+07:00,final_benchmark:PositionEvalAgent,0.0,183.0,10.92,45.0,6.9,12.654834747314453,0.3687630677516161,0.0,0.0
2026-09-23T09:51:38.237424+07:00,final_benchmark:PositionEvalAgent,0.0,183.0,10.82,45.0,8.6,12.624061584472656,0.3687630677516161,0.0,0.0
2026-09-23T09:51:39.256559+07:00,final_benchmark:PositionEvalAgent,0.0,183.0,10.71,45.0,7.8,12.61764907836914,0.3687630677516161,0.0,0.0
2026-09-23T09:51:40.238163+07:00,final_benchmark:PositionEvalAgent,0.0,183.0,10.74,45.0,10.8,12.614967346191406,0.3687630677516161,0.0,0.0
2026-09-23T09:51:41.241276+07:00,final_benchmark:PositionEvalAgent,0.0,183.0,10.84,45.0,10.2,12.61273193359375,0.3687630677516161,0.0,0.0
2026-09-23T09:51:42.238130+07:00,final_benchmark:PositionEvalAgent,0.0,183.0,10.94,45.0,7.2,12.60052490234375,0.3687630677516161,0.0,0.0
2026-09-23T09:51:43.256407+07:00,final_benchmark:PositionEvalAgent,0.0,183.0,10.96,45.0,9.5,12.607357025146484,0.3687630677516161,0.0,0.0
2026-09-23T09:51:44.221116+07:00,final_benchmark:PositionEvalAgent,0.0,183.0,10.91,45.0,9.3,12.60980224609375,0.3687630677516161,0.0,0.0
2026-09-23T09:51:45.221896+07:00,final_benchmark:PositionEvalAgent,0.0,183.0,10.79,45.0,6.9,12.609382629394531,0.3687630677516161,0.0,0.0
2026-09-23T09:51:46.239295+07:00,final_benchmark:PositionEvalAgent,0.0,183.0,10.77,45.0,11.1,12.597702026367188,0.3687630677516161,0.0,0.0
2026-09-23T09:51:47.254068+07:00,final_benchmark:PositionEvalAgent,0.0,183.0,10.76,45.0,9.7,12.599929809570312,0.3687630677516161,0.0,0.0
2026-09-23T09:51:48.205136+07:00,final_benchmark:PositionEvalAgent,0.0,183.0,10.85,45.0,13.1,12.741573333740234,0.3687630677516161,0.0,0.0
2026-09-23T09:51:49.221740+07:00,final_benchmark:PositionEvalAgent,0.0,183.0,10.88,45.0,12.3,12.849925994873047,0.3687630677516161,0.0,0.0
2026-09-23T09:51:50.222105+07:00,final_benchmark:PositionEvalAgent,0.0,183.0,10.87,45.0,9.4,12.830184936523438,0.3687630677516161,0.0,0.0
2026-09-23T09:51:51.225471+07:00,final_benchmark:PositionEvalAgent,0.0,183.0,10.84,45.0,8.8,12.845016479492188,0.3687630677516161,0.0,0.0
2026-09-23T09:51:52.254193+07:00,final_benchmark:PositionEvalAgent,0.0,183.0,10.79,45.0,7.6,12.840251922607422,0.3687630677516161,0.0,0.0
2026-09-23T09:51:53.255281+07:00,final_benchmark:PositionEvalAgent,0.0,183.0,10.81,44.0,7.1,12.839832305908203,0.3687630677516161,0.0,0.0
2026-09-23T09:51:54.254485+07:00,final_benchmark:PositionEvalAgent,0.0,183.0,10.88,44.0,9.3,12.810707092285156,0.3687630677516161,0.0,0.0
2026-09-23T09:51:55.239718+07:00,final_benchmark:PositionEvalAgent,0.0,183.0,10.9,44.0,7.9,12.805431365966797,0.3687630677516161,0.0,0.0
2026-09-23T09:51:56.259441+07:00,final_benchmark:PositionEvalAgent,0.0,183.0,10.77,44.0,9.1,12.809944152832031,0.3687630677516161,0.0,0.0
2026-09-23T09:51:57.241252+07:00,final_benchmark:PositionEvalAgent,0.0,183.0,10.78,44.0,7.3,12.804939270019531,0.3687630677516161,0.0,0.0
2026-09-23T09:51:58.238881+07:00,final_benchmark:PositionEvalAgent,0.0,183.0,10.69,44.0,8.2,12.798377990722656,0.3687630677516161,0.0,0.0
2026-09-23T09:51:59.222196+07:00,final_benchmark:PositionEvalAgent,0.0,183.0,10.71,44.0,7.4,12.792015075683594,0.3687630677516161,0.0,0.0
2026-09-23T09:52:00.237322+07:00,final_benchmark:PositionEvalAgent,0.0,183.0,10.94,44.0,9.6,12.785503387451172,0.3687630677516161,0.0,0.0
2026-09-23T09:52:01.254855+07:00,final_benchmark:PositionEvalAgent,0.0,183.0,10.95,44.0,9.3,12.768665313720703,0.3687630677516161,0.0,0.0
2026-09-23T09:52:02.256575+07:00,final_benchmark:PositionEvalAgent,0.0,183.0,10.85,44.0,7.7,12.755813598632812,0.3687630677516161,0.0,0.0
2026-09-23T09:52:03.259198+07:00,final_benchmark:PositionEvalAgent,0.0,183.0,10.83,44.0,8.9,12.656269073486328,0.3687630677516161,0.0,0.0
2026-09-23T09:52:04.221844+07:00,final_benchmark:PositionEvalAgent,0.0,183.0,10.81,44.0,8.0,12.654224395751953,0.3687630677516161,0.0,0.0
2026-09-23T09:52:05.239705+07:00,final_benchmark:PositionEvalAgent,0.0,183.0,10.82,44.0,7.1,12.651214599609375,0.3687630677516161,0.0,0.0
2026-09-23T09:52:06.255197+07:00,final_benchmark:PositionEvalAgent,0.0,183.0,10.84,44.0,9.5,12.646110534667969,0.3687630677516161,0.0,0.0
2026-09-23T09:52:07.270332+07:00,final_benchmark:PositionEvalAgent,0.0,183.0,11.05,44.0,9.1,12.647109985351562,0.3687630677516161,0.0,0.0
2026-09-23T09:52:08.220783+07:00,final_benchmark:PositionEvalAgent,0.0,183.0,11.04,44.0,10.2,12.645389556884766,0.3687630677516161,0.0,0.0
2026-09-23T09:52:09.240405+07:00,final_benchmark:PositionEvalAgent,0.0,183.0,10.88,44.0,8.4,12.642597198486328,0.3687630677516161,0.0,0.0
2026-09-23T09:52:10.204055+07:00,final_benchmark:PositionEvalAgent,0.0,183.0,10.84,44.0,9.7,12.63836669921875,0.3687630677516161,0.0,0.0
2026-09-23T09:52:11.222382+07:00,final_benchmark:PositionEvalAgent,0.0,183.0,10.72,44.0,9.0,12.641338348388672,0.3687630677516161,0.0,0.0
2026-09-23T09:52:12.239722+07:00,final_benchmark:PositionEvalAgent,0.0,183.0,10.73,44.0,6.0,12.649986267089844,0.3687630677516161,0.0,0.0
2026-09-23T09:52:13.226697+07:00,final_benchmark:PositionEvalAgent,0.0,183.0,10.85,44.0,8.8,12.653663635253906,0.3687630677516161,0.0,0.0
2026-09-23T09:52:14.258391+07:00,final_benchmark:PositionEvalAgent,0.0,183.0,11.05,44.0,6.4,12.646461486816406,0.3687630677516161,0.0,0.0
2026-09-23T09:52:15.237357+07:00,final_benchmark:PositionEvalAgent,0.0,183.0,11.01,44.0,6.5,12.64950180053711,0.3687630677516161,0.0,0.0
2026-09-23T09:52:16.239483+07:00,final_benchmark:PositionEvalAgent,0.0,183.0,10.9,43.0,9.1,12.621326446533203,0.3687630677516161,0.0,0.0
2026-09-23T09:52:17.255273+07:00,final_benchmark:PositionEvalAgent,0.0,183.0,10.79,43.0,11.3,12.623416900634766,0.3687630677516161,0.0,0.0
2026-09-23T09:52:18.268803+07:00,final_benchmark:PositionEvalAgent,0.0,183.0,10.86,43.0,8.1,12.617195129394531,0.3687630677516161,0.0,0.0
2026-09-23T09:52:19.222020+07:00,final_benchmark:PositionEvalAgent,0.0,183.0,10.96,43.0,7.6,12.619430541992188,0.3687630677516161,0.0,0.0
2026-09-23T09:52:20.239844+07:00,final_benchmark:PositionEvalAgent,0.0,183.0,11.11,43.0,7.6,12.615283966064453,0.3687630677516161,0.0,0.0
2026-09-23T09:52:21.222674+07:00,final_benchmark:PositionEvalAgent,0.0,183.0,11.09,43.0,8.3,12.610054016113281,0.3687630677516161,0.0,0.0
2026-09-23T09:52:22.239927+07:00,final_benchmark:PositionEvalAgent,0.0,183.0,10.99,43.0,9.2,12.60849380493164,0.3687630677516161,0.0,0.0
2026-09-23T09:52:23.240140+07:00,final_benchmark:PositionEvalAgent,0.0,183.0,10.77,43.0,6.4,12.611812591552734,0.3687630677516161,0.0,0.0
2026-09-23T09:52:24.239908+07:00,final_benchmark:PositionEvalAgent,0.0,183.0,10.83,43.0,9.0,12.488216400146484,0.3687630677516161,0.0,0.0
2026-09-23T09:52:25.237649+07:00,final_benchmark:PositionEvalAgent,0.0,183.0,10.89,43.0,8.2,12.483318328857422,0.3687630677516161,0.0,0.0
2026-09-23T09:52:26.238911+07:00,final_benchmark:PositionEvalAgent,0.0,183.0,10.99,43.0,7.3,12.475021362304688,0.3687630677516161,0.0,0.0
2026-09-23T09:52:27.239997+07:00,final_benchmark:PositionEvalAgent,0.0,183.0,10.97,43.0,5.7,12.471637725830078,0.3687630677516161,0.0,0.0
2026-09-23T09:52:28.256274+07:00,final_benchmark:PositionEvalAgent,0.0,183.0,10.92,43.0,7.9,12.489116668701172,0.3687630677516161,0.0,0.0
2026-09-23T09:52:29.221865+07:00,final_benchmark:PositionEvalAgent,0.0,183.0,10.84,43.0,8.3,12.483940124511719,0.3687630677516161,0.0,0.0
2026-09-23T09:52:30.205168+07:00,final_benchmark:PositionEvalAgent,0.0,183.0,10.82,43.0,9.4,12.487407684326172,0.3687630677516161,0.0,0.0
2026-09-23T09:52:31.221697+07:00,final_benchmark:PositionEvalAgent,0.0,183.0,10.81,43.0,9.2,12.495811462402344,0.3687630677516161,0.0,0.0
2026-09-23T09:52:32.222349+07:00,final_benchmark:PositionEvalAgent,0.0,183.0,10.93,43.0,8.6,12.515045166015625,0.3687630677516161,0.0,0.0
2026-09-23T09:52:33.238388+07:00,final_benchmark:PositionEvalAgent,0.0,183.0,10.93,43.0,10.8,12.563575744628906,0.3687630677516161,0.0,0.0
2026-09-23T09:52:34.257888+07:00,final_benchmark:PositionEvalAgent,0.0,183.0,10.83,43.0,9.8,12.571422576904297,0.3687630677516161,0.0,0.0
2026-09-23T09:52:35.256657+07:00,final_benchmark:PositionEvalAgent,0.0,183.0,10.76,43.0,6.5,12.622306823730469,0.3687630677516161,0.0,0.0
2026-09-23T09:52:36.256119+07:00,final_benchmark:PositionEvalAgent,0.0,183.0,10.75,43.0,5.9,12.618793487548828,0.3687630677516161,0.0,0.0
2026-09-23T09:52:37.256894+07:00,final_benchmark:PositionEvalAgent,0.0,183.0,10.76,43.0,6.4,12.610435485839844,0.3687630677516161,0.0,0.0
2026-09-23T09:52:38.237366+07:00,final_benchmark:PositionEvalAgent,0.0,183.0,10.84,43.0,6.1,12.609779357910156,0.3687630677516161,0.0,0.0
2026-09-23T09:52:39.235279+07:00,final_benchmark:PositionEvalAgent,0.0,183.0,10.93,43.0,8.5,12.657524108886719,0.3687630677516161,0.0,0.0
2026-09-23T09:52:40.237343+07:00,final_benchmark:PositionEvalAgent,0.0,183.0,10.88,43.0,10.0,12.70107650756836,0.3687630677516161,0.0,0.0
2026-09-23T09:52:41.238311+07:00,final_benchmark:PositionEvalAgent,0.0,183.0,10.75,43.0,8.3,12.697731018066406,0.3687630677516161,0.0,0.0
2026-09-23T09:52:42.229453+07:00,final_benchmark:PositionEvalAgent,0.0,183.0,10.71,43.0,7.5,12.705867767333984,0.3687630677516161,0.0,0.0
2026-09-23T09:52:43.256959+07:00,final_benchmark:PositionEvalAgent,0.0,183.0,10.7,43.0,6.5,12.706378936767578,0.3687630677516161,0.0,0.0
2026-09-23T09:52:44.236360+07:00,final_benchmark:PositionEvalAgent,0.0,183.0,10.73,43.0,16.7,12.881298065185547,0.3687630677516161,0.0,0.0
2026-09-23T09:52:45.240038+07:00,final_benchmark:PositionEvalAgent,0.0,183.0,10.89,42.0,11.0,12.981449127197266,0.3687630677516161,0.0,0.0
2026-09-23T09:52:46.224630+07:00,final_benchmark:PositionEvalAgent,0.0,183.0,10.89,42.0,7.8,12.987442016601562,0.3687630677516161,0.0,0.0
2026-09-23T09:52:47.255518+07:00,final_benchmark:PositionEvalAgent,0.0,183.0,10.82,42.0,8.3,12.983386993408203,0.3687630677516161,0.0,0.0
2026-09-23T09:52:48.219446+07:00,final_benchmark:PositionEvalAgent,0.0,183.0,10.72,42.0,8.4,12.993648529052734,0.3687630677516161,0.0,0.0
2026-09-23T09:52:49.238773+07:00,final_benchmark:PositionEvalAgent,0.0,183.0,10.72,42.0,11.3,13.004295349121094,0.3687630677516161,0.0,0.0
2026-09-23T09:52:50.246936+07:00,final_benchmark:PositionEvalAgent,0.0,183.0,10.81,42.0,8.8,12.991527557373047,0.3687630677516161,0.0,0.0
2026-09-23T09:52:51.235932+07:00,final_benchmark:PositionEvalAgent,0.0,183.0,10.87,42.0,6.8,12.977821350097656,0.3687630677516161,0.0,0.0
2026-09-23T09:52:52.221575+07:00,final_benchmark:PositionEvalAgent,0.0,183.0,10.95,42.0,8.8,13.006771087646484,0.3687630677516161,0.0,0.0
2026-09-23T09:52:53.239170+07:00,final_benchmark:PositionEvalAgent,0.0,183.0,10.92,42.0,9.0,13.002891540527344,0.3687630677516161,0.0,0.0
2026-09-23T09:52:54.253822+07:00,final_benchmark:PositionEvalAgent,0.0,183.0,10.77,42.0,8.1,12.98586654663086,0.3687630677516161,0.0,0.0
2026-09-23T09:52:55.257880+07:00,final_benchmark:PositionEvalAgent,0.0,183.0,10.74,42.0,9.0,13.00912094116211,0.3687630677516161,0.0,0.0
2026-09-23T09:52:56.222354+07:00,final_benchmark:PositionEvalAgent,0.0,183.0,10.75,42.0,10.7,12.977031707763672,0.3687630677516161,0.0,0.0
2026-09-23T09:52:57.203489+07:00,final_benchmark:PositionEvalAgent,0.0,183.0,10.9,42.0,7.9,12.970829010009766,0.3687630677516161,0.0,0.0
2026-09-23T09:52:58.221870+07:00,final_benchmark:PositionEvalAgent,0.0,183.0,10.9,42.0,7.8,12.99423599243164,0.3687630677516161,0.0,0.0
2026-09-23T09:52:59.223252+07:00,final_benchmark:PositionEvalAgent,0.0,183.0,10.9,42.0,7.1,12.99416732788086,0.3687630677516161,0.0,0.0
2026-09-23T09:53:00.240060+07:00,final_benchmark:PositionEvalAgent,0.0,183.0,10.83,42.0,6.5,12.998714447021484,0.3687630677516161,0.0,0.0
2026-09-23T09:53:01.239494+07:00,final_benchmark:PositionEvalAgent,0.0,183.0,10.78,42.0,7.3,12.998016357421875,0.3687630677516161,0.0,0.0
2026-09-23T09:53:02.221622+07:00,final_benchmark:PositionEvalAgent,0.0,183.0,10.74,42.0,8.8,12.993911743164062,0.3687630677516161,0.0,0.0
2026-09-23T09:53:03.242220+07:00,final_benchmark:PositionEvalAgent,0.0,183.0,10.79,42.0,7.7,12.99728012084961,0.3687630677516161,0.0,0.0
2026-09-23T09:53:04.238944+07:00,final_benchmark:PositionEvalAgent,0.0,183.0,10.82,42.0,7.2,12.926715850830078,0.3687630677516161,0.0,0.0
2026-09-23T09:53:05.257969+07:00,final_benchmark:PositionEvalAgent,0.0,183.0,10.8,42.0,7.5,12.922767639160156,0.3687630677516161,0.0,0.0
2026-09-23T09:53:06.241767+07:00,final_benchmark:PositionEvalAgent,0.0,183.0,10.78,42.0,7.4,12.92447280883789,0.3687630677516161,0.0,0.0
2026-09-23T09:53:07.220435+07:00,final_benchmark:PositionEvalAgent,0.0,183.0,10.7,42.0,11.2,12.916793823242188,0.3687630677516161,0.0,0.0
2026-09-23T09:53:08.238670+07:00,final_benchmark:PositionEvalAgent,0.0,183.0,10.71,42.0,8.8,12.917282104492188,0.3687630677516161,0.0,0.0
2026-09-23T09:53:09.224590+07:00,final_benchmark:PositionEvalAgent,0.0,183.0,10.76,42.0,8.7,12.915794372558594,0.3687630677516161,0.0,0.0
2026-09-23T09:53:10.222354+07:00,final_benchmark:PositionEvalAgent,0.0,183.0,10.91,42.0,6.5,12.921859741210938,0.3687630677516161,0.0,0.0
2026-09-23T09:53:11.221726+07:00,final_benchmark:PositionEvalAgent,0.0,183.0,10.91,42.0,6.2,12.919883728027344,0.3687630677516161,0.0,0.0
2026-09-23T09:53:12.238725+07:00,final_benchmark:PositionEvalAgent,0.0,183.0,10.88,42.0,7.1,12.921859741210938,0.3687630677516161,0.0,0.0
2026-09-23T09:53:13.218551+07:00,final_benchmark:PositionEvalAgent,0.0,183.0,10.73,42.0,10.0,12.917530059814453,0.3687630677516161,0.0,0.0
2026-09-23T09:53:14.220917+07:00,final_benchmark:PositionEvalAgent,0.0,183.0,10.72,42.0,11.5,12.877017974853516,0.3687630677516161,0.0,0.0
2026-09-23T09:53:15.239395+07:00,final_benchmark:PositionEvalAgent,0.0,183.0,10.77,42.0,10.7,12.853717803955078,0.3687630677516161,0.0,0.0
2026-09-23T09:53:16.221637+07:00,final_benchmark:PositionEvalAgent,0.0,183.0,10.82,42.0,10.9,12.856948852539062,0.3687630677516161,0.0,0.0
2026-09-23T09:53:17.220646+07:00,final_benchmark:PositionEvalAgent,0.0,183.0,11.0,41.0,9.4,12.863597869873047,0.3687630677516161,0.0,0.0
2026-09-23T09:53:18.255863+07:00,final_benchmark:PositionEvalAgent,0.0,183.0,10.89,41.0,8.6,12.860992431640625,0.3687630677516161,0.0,0.0
2026-09-23T09:53:19.236726+07:00,final_benchmark:PositionEvalAgent,0.0,183.0,10.66,41.0,7.6,12.863838195800781,0.3687630677516161,0.0,0.0
2026-09-23T09:53:20.238264+07:00,final_benchmark:PositionEvalAgent,0.0,183.0,10.6,41.0,7.0,12.868049621582031,0.3687630677516161,0.0,0.0
2026-09-23T09:53:21.256464+07:00,final_benchmark:PositionEvalAgent,0.0,183.0,10.57,41.0,9.5,12.862312316894531,0.3687630677516161,0.0,0.0
2026-09-23T09:53:22.256757+07:00,final_benchmark:PositionEvalAgent,0.0,183.0,10.74,41.0,8.2,12.867115020751953,0.3687630677516161,0.0,0.0
2026-09-23T09:53:23.221867+07:00,final_benchmark:PositionEvalAgent,0.0,183.0,10.76,41.0,8.5,12.869972229003906,0.3687630677516161,0.0,0.0
2026-09-23T09:53:24.256548+07:00,final_benchmark:PositionEvalAgent,0.0,183.0,10.74,41.0,8.9,12.876106262207031,0.3687630677516161,0.0,0.0
2026-09-23T09:53:25.255564+07:00,final_benchmark:PositionEvalAgent,0.0,183.0,10.79,41.0,7.9,12.874942779541016,0.3687630677516161,0.0,0.0
2026-09-23T09:53:26.237504+07:00,final_benchmark:PositionEvalAgent,0.0,183.0,10.73,41.0,9.1,12.880390167236328,0.3687630677516161,0.0,0.0
2026-09-23T09:53:27.255126+07:00,final_benchmark:PositionEvalAgent,0.0,183.0,10.7,41.0,7.5,12.878379821777344,0.3687630677516161,0.0,0.0
2026-09-23T09:53:28.222157+07:00,final_benchmark:PositionEvalAgent,0.0,183.0,10.76,41.0,7.4,12.877853393554688,0.3687630677516161,0.0,0.0
2026-09-23T09:53:29.222044+07:00,final_benchmark:PositionEvalAgent,0.0,183.0,10.81,41.0,6.6,12.88180160522461,0.3687630677516161,0.0,0.0
2026-09-23T09:53:30.255715+07:00,final_benchmark:PositionEvalAgent,0.0,183.0,10.85,41.0,8.4,12.889652252197266,0.3687630677516161,0.0,0.0
2026-09-23T09:53:31.221130+07:00,final_benchmark:PositionEvalAgent,0.0,183.0,10.85,41.0,7.7,12.895099639892578,0.3687630677516161,0.0,0.0
2026-09-23T09:53:32.257172+07:00,final_benchmark:PositionEvalAgent,0.0,183.0,10.77,41.0,8.7,12.888298034667969,0.3687630677516161,0.0,0.0
2026-09-23T09:53:33.256906+07:00,final_benchmark:PositionEvalAgent,0.0,183.0,10.63,41.0,8.8,12.893299102783203,0.3687630677516161,0.0,0.0
2026-09-23T09:53:34.256598+07:00,final_benchmark:PositionEvalAgent,0.0,183.0,10.65,41.0,11.1,12.890174865722656,0.3687630677516161,0.0,0.0
2026-09-23T09:53:35.238596+07:00,final_benchmark:PositionEvalAgent,0.0,183.0,10.7,41.0,10.0,12.903377532958984,0.3687630677516161,0.0,0.0
2026-09-23T09:53:36.221916+07:00,final_benchmark:PositionEvalAgent,0.0,183.0,10.73,41.0,7.0,12.902153015136719,0.3687630677516161,0.0,0.0
2026-09-23T09:53:37.222359+07:00,final_benchmark:PositionEvalAgent,0.0,183.0,10.69,41.0,8.7,12.901863098144531,0.3687630677516161,0.0,0.0
2026-09-23T09:53:38.220318+07:00,final_benchmark:PositionEvalAgent,0.0,183.0,10.59,41.0,7.2,12.907905578613281,0.3687630677516161,0.0,0.0
2026-09-23T09:53:39.259452+07:00,final_benchmark:PositionEvalAgent,0.0,183.0,10.58,41.0,8.2,12.865558624267578,0.3687630677516161,0.0,0.0
2026-09-23T09:53:40.239056+07:00,final_benchmark:PositionEvalAgent,0.0,183.0,10.68,41.0,5.9,12.864761352539062,0.3687630677516161,0.0,0.0
2026-09-23T09:53:41.249885+07:00,final_benchmark:PositionEvalAgent,0.0,183.0,10.73,41.0,6.8,12.85775375366211,0.3687630677516161,0.0,0.0
2026-09-23T09:53:42.255993+07:00,final_benchmark:PositionEvalAgent,0.0,183.0,10.76,41.0,12.2,12.79061508178711,0.3687630677516161,0.0,0.0
2026-09-23T09:53:43.234998+07:00,final_benchmark:PositionEvalAgent,0.0,183.0,10.73,41.0,8.0,12.806522369384766,0.3687630677516161,0.0,0.0
2026-09-23T09:53:44.238557+07:00,final_benchmark:PositionEvalAgent,0.0,183.0,10.69,41.0,8.7,12.808834075927734,0.3687630677516161,0.0,0.0
2026-09-23T09:53:45.256863+07:00,final_benchmark:PositionEvalAgent,0.0,183.0,10.63,41.0,7.7,12.802486419677734,0.3687630677516161,0.0,0.0
2026-09-23T09:53:46.255034+07:00,final_benchmark:PositionEvalAgent,0.0,183.0,10.54,41.0,8.1,12.806800842285156,0.3687630677516161,0.0,0.0
2026-09-23T09:53:47.255537+07:00,final_benchmark:PositionEvalAgent,0.0,183.0,10.58,41.0,9.2,12.802719116210938,0.3687630677516161,0.0,0.0
2026-09-23T09:53:48.256880+07:00,final_benchmark:PositionEvalAgent,0.0,183.0,10.71,41.0,8.0,12.796920776367188,0.3687630677516161,0.0,0.0
2026-09-23T09:53:49.238353+07:00,final_benchmark:PositionEvalAgent,0.0,183.0,10.69,41.0,8.3,12.80059814453125,0.3687630677516161,0.0,0.0
2026-09-23T09:53:50.239703+07:00,final_benchmark:PositionEvalAgent,0.0,183.0,10.69,41.0,7.5,12.809906005859375,0.3687630677516161,0.0,0.0
2026-09-23T09:53:51.241993+07:00,final_benchmark:PositionEvalAgent,0.0,183.0,10.66,41.0,7.0,12.810783386230469,0.3687630677516161,0.0,0.0
2026-09-23T09:53:52.225992+07:00,final_benchmark:PositionEvalAgent,0.0,183.0,10.61,41.0,7.1,12.814910888671875,0.3687630677516161,0.0,0.0
2026-09-23T09:53:53.255809+07:00,final_benchmark:PositionEvalAgent,0.0,183.0,10.6,41.0,7.2,12.811691284179688,0.3687630677516161,0.0,0.0
2026-09-23T09:53:54.257276+07:00,final_benchmark:PositionEvalAgent,0.0,183.0,10.62,40.0,7.8,12.81060791015625,0.3687630677516161,0.0,0.0
2026-09-23T09:53:55.219948+07:00,final_benchmark:PositionEvalAgent,0.0,183.0,10.65,40.0,8.2,12.811725616455078,0.3687630677516161,0.0,0.0
2026-09-23T09:53:56.222086+07:00,final_benchmark:PositionEvalAgent,0.0,183.0,10.69,40.0,6.6,12.817413330078125,0.3687630677516161,0.0,0.0
2026-09-23T09:53:57.237880+07:00,final_benchmark:PositionEvalAgent,0.0,183.0,10.57,40.0,8.7,12.825164794921875,0.3687630677516161,0.0,0.0
2026-09-23T09:53:58.239132+07:00,final_benchmark:PositionEvalAgent,0.0,183.0,10.53,40.0,5.8,12.832687377929688,0.3687630677516161,0.0,0.0
2026-09-23T09:53:59.238554+07:00,final_benchmark:PositionEvalAgent,0.0,183.0,10.55,40.0,9.0,12.839916229248047,0.3687630677516161,0.0,0.0
2026-09-23T09:54:00.238844+07:00,final_benchmark:PositionEvalAgent,0.0,183.0,10.72,40.0,7.3,12.833248138427734,0.3687630677516161,0.0,0.0
2026-09-23T09:54:01.221920+07:00,final_benchmark:PositionEvalAgent,0.0,183.0,10.7,40.0,7.3,12.828849792480469,0.3687630677516161,0.0,0.0
2026-09-23T09:54:02.239580+07:00,final_benchmark:PositionEvalAgent,0.0,183.0,10.73,40.0,8.6,12.828060150146484,0.3687630677516161,0.0,0.0
2026-09-23T09:54:03.256792+07:00,final_benchmark:PositionEvalAgent,0.0,183.0,10.73,40.0,7.9,12.832294464111328,0.3687630677516161,0.0,0.0
2026-09-23T09:54:04.222213+07:00,final_benchmark:PositionEvalAgent,0.0,183.0,10.6,40.0,8.2,12.832191467285156,0.3687630677516161,0.0,0.0
2026-09-23T09:54:05.241324+07:00,final_benchmark:PositionEvalAgent,0.0,183.0,10.59,40.0,8.8,12.825691223144531,0.3687630677516161,0.0,0.0
2026-09-23T09:54:06.222160+07:00,final_benchmark:PositionEvalAgent,0.0,183.0,10.6,40.0,10.9,12.825550079345703,0.3687630677516161,0.0,0.0
2026-09-23T09:54:07.220492+07:00,final_benchmark:PositionEvalAgent,0.0,183.0,10.69,40.0,8.1,12.841514587402344,0.3687630677516161,0.0,0.0
2026-09-23T09:54:08.236542+07:00,final_benchmark:PositionEvalAgent,0.0,183.0,10.66,40.0,7.5,12.84243392944336,0.3687630677516161,0.0,0.0
2026-09-23T09:54:09.237556+07:00,final_benchmark:PositionEvalAgent,0.0,183.0,10.62,40.0,7.1,12.844718933105469,0.3687630677516161,0.0,0.0
2026-09-23T09:54:10.258727+07:00,final_benchmark:PositionEvalAgent,0.0,183.0,10.54,40.0,7.6,12.8427734375,0.3687630677516161,0.0,0.0
2026-09-23T09:54:11.255567+07:00,final_benchmark:PositionEvalAgent,0.0,183.0,10.46,40.0,8.7,12.843692779541016,0.3687630677516161,0.0,0.0
2026-09-23T09:54:12.257245+07:00,final_benchmark:PositionEvalAgent,0.0,183.0,10.54,40.0,8.1,12.848251342773438,0.3687630677516161,0.0,0.0
2026-09-23T09:54:13.237187+07:00,final_benchmark:PositionEvalAgent,0.0,183.0,10.54,40.0,7.9,12.848472595214844,0.3687630677516161,0.0,0.0
2026-09-23T09:54:14.255309+07:00,final_benchmark:PositionEvalAgent,0.0,183.0,10.59,40.0,10.4,12.845226287841797,0.3687630677516161,0.0,0.0
2026-09-23T09:54:15.255489+07:00,final_benchmark:PositionEvalAgent,0.0,183.0,10.62,40.0,7.2,12.847511291503906,0.3687630677516161,0.0,0.0
2026-09-23T09:54:16.238759+07:00,final_benchmark:PositionEvalAgent,0.0,183.0,10.53,40.0,6.9,12.84832763671875,0.3687630677516161,0.0,0.0
2026-09-23T09:54:17.262966+07:00,final_benchmark:PositionEvalAgent,0.0,183.0,10.51,40.0,7.5,12.83267593383789,0.3687630677516161,0.0,0.0
2026-09-23T09:54:18.241092+07:00,final_benchmark:PositionEvalAgent,0.0,183.0,10.53,40.0,7.4,12.822917938232422,0.3687630677516161,0.0,0.0
2026-09-23T09:54:19.231431+07:00,final_benchmark:PositionEvalAgent,0.0,183.0,10.58,40.0,7.7,12.819480895996094,0.3687630677516161,0.0,0.0
2026-09-23T09:54:20.235756+07:00,final_benchmark:PositionEvalAgent,0.0,183.0,10.62,40.0,11.5,12.81546401977539,0.3687630677516161,0.0,0.0
2026-09-23T09:54:21.239171+07:00,final_benchmark:PositionEvalAgent,0.0,183.0,10.66,40.0,8.6,12.815448760986328,0.3687630677516161,0.0,0.0
2026-09-23T09:54:22.220021+07:00,final_benchmark:PositionEvalAgent,0.0,183.0,10.65,40.0,10.8,12.815113067626953,0.3687630677516161,0.0,0.0
2026-09-23T09:54:23.220676+07:00,final_benchmark:PositionEvalAgent,0.0,183.0,10.54,40.0,10.1,12.803211212158203,0.3687630677516161,0.0,0.0
2026-09-23T09:54:24.235987+07:00,final_benchmark:PositionEvalAgent,0.0,183.0,10.52,40.0,6.3,12.797065734863281,0.3687630677516161,0.0,0.0
2026-09-23T09:54:25.237057+07:00,final_benchmark:PositionEvalAgent,0.0,183.0,10.57,40.0,7.9,12.804019927978516,0.3687630677516161,0.0,0.0
2026-09-23T09:54:26.222196+07:00,final_benchmark:PositionEvalAgent,0.0,183.0,10.66,40.0,8.1,12.797386169433594,0.3687630677516161,0.0,0.0
2026-09-23T09:54:27.257572+07:00,final_benchmark:PositionEvalAgent,0.0,183.0,10.75,40.0,6.9,12.79897689819336,0.3687630677516161,0.0,0.0
2026-09-23T09:54:28.255932+07:00,final_benchmark:PositionEvalAgent,0.0,183.0,10.72,40.0,11.0,12.817188262939453,0.3687630677516161,0.0,0.0
2026-09-23T09:54:29.238331+07:00,final_benchmark:PositionEvalAgent,0.0,183.0,10.65,40.0,5.8,12.806568145751953,0.3687630677516161,0.0,0.0
2026-09-23T09:54:30.256590+07:00,final_benchmark:PositionEvalAgent,0.0,183.0,10.65,40.0,6.8,12.806831359863281,0.3687630677516161,0.0,0.0
2026-09-23T09:54:31.255846+07:00,final_benchmark:PositionEvalAgent,0.0,183.0,10.73,40.0,7.4,12.808162689208984,0.3687630677516161,0.0,0.0
2026-09-23T09:54:32.236973+07:00,final_benchmark:PositionEvalAgent,0.0,183.0,10.74,40.0,6.6,12.809764862060547,0.3687630677516161,0.0,0.0
2026-09-23T09:54:33.238511+07:00,final_benchmark:PositionEvalAgent,0.0,183.0,10.74,40.0,10.4,12.806915283203125,0.3687630677516161,0.0,0.0
2026-09-23T09:54:34.255513+07:00,final_benchmark:PositionEvalAgent,0.0,183.0,10.72,40.0,7.5,12.80672836303711,0.3687630677516161,0.0,0.0
2026-09-23T09:54:35.221907+07:00,final_benchmark:PositionEvalAgent,0.0,183.0,10.66,40.0,8.9,12.801193237304688,0.3687630677516161,0.0,0.0
2026-09-23T09:54:36.255489+07:00,final_benchmark:PositionEvalAgent,0.0,183.0,10.62,40.0,8.8,12.821697235107422,0.3687630677516161,0.0,0.0
2026-09-23T09:54:37.238210+07:00,final_benchmark:PositionEvalAgent,0.0,183.0,10.64,40.0,7.3,12.816303253173828,0.3687630677516161,0.0,0.0
2026-09-23T09:54:38.237125+07:00,final_benchmark:PositionEvalAgent,0.0,183.0,10.77,40.0,7.7,12.823490142822266,0.3687630677516161,0.0,0.0
2026-09-23T09:54:39.238199+07:00,final_benchmark:PositionEvalAgent,0.0,183.0,10.74,40.0,8.6,12.829437255859375,0.3687630677516161,0.0,0.0
2026-09-23T09:54:40.228512+07:00,final_benchmark:PositionEvalAgent,0.0,183.0,10.62,40.0,6.4,12.834522247314453,0.3687630677516161,0.0,0.0
2026-09-23T09:54:41.255290+07:00,final_benchmark:PositionEvalAgent,0.0,183.0,10.51,39.0,8.8,12.83682632446289,0.3687630677516161,0.0,0.0
2026-09-23T09:54:42.255146+07:00,final_benchmark:PositionEvalAgent,0.0,183.0,10.41,39.0,8.9,12.843269348144531,0.3687630677516161,0.0,0.0
2026-09-23T09:54:43.223026+07:00,final_benchmark:PositionEvalAgent,0.0,183.0,10.43,39.0,7.4,12.843517303466797,0.3687630677516161,0.0,0.0
2026-09-23T09:54:44.221010+07:00,final_benchmark:PositionEvalAgent,0.0,183.0,10.58,39.0,7.0,12.835285186767578,0.3687630677516161,0.0,0.0
2026-09-23T09:54:45.221484+07:00,final_benchmark:PositionEvalAgent,0.0,183.0,10.6,39.0,7.7,12.840690612792969,0.3687630677516161,0.0,0.0
2026-09-23T09:54:46.239004+07:00,final_benchmark:PositionEvalAgent,0.0,183.0,10.6,39.0,6.5,12.843063354492188,0.3687630677516161,0.0,0.0
2026-09-23T09:54:47.255634+07:00,final_benchmark:PositionEvalAgent,0.0,183.0,10.6,39.0,8.0,12.861465454101562,0.3687630677516161,0.0,0.0
2026-09-23T09:54:48.238517+07:00,final_benchmark:PositionEvalAgent,0.0,183.0,10.48,39.0,7.0,12.856273651123047,0.3687630677516161,0.0,0.0
2026-09-23T09:54:49.240221+07:00,final_benchmark:PositionEvalAgent,0.0,183.0,10.45,39.0,7.5,12.853878021240234,0.3687630677516161,0.0,0.0
2026-09-23T09:54:50.226076+07:00,final_benchmark:PositionEvalAgent,0.0,183.0,10.49,39.0,7.5,12.861312866210938,0.3687630677516161,0.0,0.0
2026-09-23T09:54:51.246289+07:00,final_benchmark:PositionEvalAgent,0.0,183.0,10.62,39.0,7.5,12.863296508789062,0.3687630677516161,0.0,0.0
2026-09-23T09:54:52.238497+07:00,final_benchmark:PositionEvalAgent,0.0,183.0,10.64,39.0,7.6,12.874069213867188,0.3687630677516161,0.0,0.0
2026-09-23T09:54:53.224867+07:00,final_benchmark:PositionEvalAgent,0.0,183.0,10.59,39.0,10.5,12.964645385742188,0.3687630677516161,0.0,0.0
2026-09-23T09:54:54.256341+07:00,final_benchmark:PositionEvalAgent,0.0,183.0,10.55,39.0,10.8,12.962257385253906,0.3687630677516161,0.0,0.0
2026-09-23T09:54:55.239020+07:00,final_benchmark:PositionEvalAgent,0.0,183.0,10.51,39.0,9.0,12.954330444335938,0.3687630677516161,0.0,0.0
2026-09-23T09:54:56.239869+07:00,final_benchmark:PositionEvalAgent,0.0,183.0,10.56,39.0,12.4,12.953426361083984,0.3687630677516161,0.0,0.0
2026-09-23T09:54:57.222342+07:00,final_benchmark:PositionEvalAgent,0.0,183.0,10.61,39.0,8.6,12.935714721679688,0.3687630677516161,0.0,0.0
2026-09-23T09:54:58.205790+07:00,final_benchmark:PositionEvalAgent,0.0,183.0,10.73,39.0,9.0,12.942432403564453,0.3687630677516161,0.0,0.0
2026-09-23T09:54:59.239244+07:00,final_benchmark:PositionEvalAgent,0.0,183.0,10.65,39.0,8.6,12.948127746582031,0.3687630677516161,0.0,0.0
2026-09-23T09:55:00.222059+07:00,final_benchmark:PositionEvalAgent,0.0,183.0,10.66,39.0,8.8,12.919181823730469,0.3687630677516161,0.0,0.0
2026-09-23T09:55:01.236767+07:00,final_benchmark:PositionEvalAgent,0.0,183.0,10.57,39.0,10.7,12.861770629882812,0.3687630677516161,0.0,0.0
2026-09-23T09:55:02.240282+07:00,final_benchmark:PositionEvalAgent,0.0,183.0,10.58,39.0,9.3,12.867210388183594,0.3687630677516161,0.0,0.0
2026-09-23T09:55:03.220929+07:00,final_benchmark:PositionEvalAgent,0.0,183.0,10.57,39.0,9.6,12.87192153930664,0.3687630677516161,0.0,0.0
2026-09-23T09:55:04.221746+07:00,final_benchmark:PositionEvalAgent,0.0,183.0,10.58,39.0,8.3,12.876209259033203,0.3687630677516161,0.0,0.0
2026-09-23T09:55:05.239124+07:00,final_benchmark:PositionEvalAgent,0.0,183.0,10.68,39.0,9.6,12.86203384399414,0.3687630677516161,0.0,0.0
2026-09-23T09:55:06.239396+07:00,final_benchmark:PositionEvalAgent,0.0,183.0,10.65,39.0,10.9,12.863121032714844,0.3687630677516161,0.0,0.0
2026-09-23T09:55:07.236733+07:00,final_benchmark:PositionEvalAgent,0.0,183.0,10.6,39.0,9.2,12.866447448730469,0.3687630677516161,0.0,0.0
2026-09-23T09:55:08.239793+07:00,final_benchmark:PositionEvalAgent,0.0,183.0,10.52,39.0,10.1,12.867565155029297,0.3687630677516161,0.0,0.0
2026-09-23T09:55:09.222547+07:00,final_benchmark:PositionEvalAgent,0.0,183.0,10.53,39.0,8.8,12.864242553710938,0.3687630677516161,0.0,0.0
2026-09-23T09:55:10.222675+07:00,final_benchmark:PositionEvalAgent,0.0,183.0,10.67,39.0,11.6,12.776782989501953,0.3687630677516161,0.0,0.0
2026-09-23T09:55:11.222909+07:00,final_benchmark:PositionEvalAgent,0.0,183.0,10.67,39.0,10.0,12.771102905273438,0.3687630677516161,0.0,0.0
2026-09-23T09:55:12.222729+07:00,final_benchmark:PositionEvalAgent,0.0,183.0,10.63,39.0,10.3,12.788505554199219,0.3687630677516161,0.0,0.0
2026-09-23T09:55:13.221974+07:00,final_benchmark:PositionEvalAgent,0.0,183.0,10.6,39.0,9.2,12.770523071289062,0.3687630677516161,0.0,0.0
2026-09-23T09:55:14.222564+07:00,final_benchmark:PositionEvalAgent,0.0,183.0,10.56,39.0,8.4,12.771209716796875,0.3687630677516161,0.0,0.0
2026-09-23T09:55:15.223730+07:00,final_benchmark:PositionEvalAgent,0.0,183.0,10.57,39.0,9.3,12.765632629394531,0.3687630677516161,0.0,0.0
2026-09-23T09:55:16.220983+07:00,final_benchmark:PositionEvalAgent,0.0,183.0,10.59,39.0,10.5,12.766529083251953,0.3687630677516161,0.0,0.0
2026-09-23T09:55:17.222343+07:00,final_benchmark:PositionEvalAgent,0.0,183.0,10.62,39.0,9.7,12.752887725830078,0.3687630677516161,0.0,0.0
2026-09-23T09:55:18.221666+07:00,final_benchmark:PositionEvalAgent,0.0,183.0,10.62,39.0,12.2,12.758838653564453,0.3687630677516161,0.0,0.0
2026-09-23T09:55:19.222757+07:00,final_benchmark:PositionEvalAgent,0.0,183.0,10.55,39.0,11.1,12.762046813964844,0.3687630677516161,0.0,0.0
2026-09-23T09:55:20.205264+07:00,final_benchmark:PositionEvalAgent,0.0,183.0,10.5,39.0,11.1,12.761260986328125,0.3687630677516161,0.0,0.0
2026-09-23T09:55:21.222320+07:00,final_benchmark:PositionEvalAgent,0.0,183.0,10.46,39.0,11.3,12.755363464355469,0.3687630677516161,0.0,0.0
2026-09-23T09:55:22.222593+07:00,final_benchmark:PositionEvalAgent,0.0,183.0,10.5,39.0,7.9,12.774284362792969,0.3687630677516161,0.0,0.0
2026-09-23T09:55:23.236027+07:00,final_benchmark:PositionEvalAgent,0.0,183.0,10.54,39.0,6.8,12.797603607177734,0.3687630677516161,0.0,0.0
2026-09-23T09:55:24.217845+07:00,final_benchmark:PositionEvalAgent,0.0,183.0,10.55,39.0,8.0,12.821014404296875,0.3687630677516161,0.0,0.0
2026-09-23T09:55:25.225833+07:00,final_benchmark:PositionEvalAgent,0.0,183.0,10.49,39.0,8.4,12.833641052246094,0.3687630677516161,0.0,0.0
2026-09-23T09:55:26.239283+07:00,final_benchmark:PositionEvalAgent,0.0,183.0,10.5,39.0,13.7,12.8380126953125,0.3687630677516161,0.0,0.0
2026-09-23T09:55:27.221796+07:00,final_benchmark:PositionEvalAgent,0.0,183.0,10.51,39.0,12.0,12.84688949584961,0.3687630677516161,0.0,0.0
2026-09-23T09:55:28.239187+07:00,final_benchmark:PositionEvalAgent,0.0,183.0,10.56,39.0,8.8,12.846893310546875,0.3687630677516161,0.0,0.0
2026-09-23T09:55:29.238607+07:00,final_benchmark:PositionEvalAgent,0.0,183.0,10.64,39.0,8.4,12.835380554199219,0.3687630677516161,0.0,0.0
2026-09-23T09:55:30.222501+07:00,final_benchmark:PositionEvalAgent,0.0,183.0,10.66,39.0,11.2,12.845211029052734,0.3687630677516161,0.0,0.0
2026-09-23T09:55:31.238657+07:00,final_benchmark:PositionEvalAgent,0.0,183.0,10.6,39.0,11.1,12.860092163085938,0.3687630677516161,0.0,0.0
2026-09-23T09:55:32.242493+07:00,final_benchmark:PositionEvalAgent,0.0,183.0,10.53,39.0,12.8,12.859268188476562,0.3687630677516161,0.0,0.0
2026-09-23T09:55:33.223176+07:00,final_benchmark:PositionEvalAgent,0.0,183.0,10.49,39.0,9.3,12.834930419921875,0.3687630677516161,0.0,0.0
2026-09-23T09:55:34.216371+07:00,final_benchmark:PositionEvalAgent,0.0,183.0,10.55,39.0,13.4,12.806903839111328,0.3687630677516161,0.0,0.0
2026-09-23T09:55:35.220947+07:00,final_benchmark:PositionEvalAgent,0.0,183.0,10.64,39.0,11.1,12.8306884765625,0.3687630677516161,0.0,0.0
2026-09-23T09:55:36.238608+07:00,final_benchmark:PositionEvalAgent,0.0,183.0,10.65,39.0,8.4,12.82699966430664,0.3687630677516161,0.0,0.0
2026-09-23T09:55:37.220361+07:00,final_benchmark:PositionEvalAgent,0.0,183.0,10.62,38.0,9.9,12.814983367919922,0.3687630677516161,0.0,0.0
2026-09-23T09:55:38.238431+07:00,final_benchmark:PositionEvalAgent,0.0,183.0,10.53,39.0,7.9,12.893524169921875,0.3687630677516161,0.0,0.0
2026-09-23T09:55:39.256522+07:00,final_benchmark:PositionEvalAgent,0.0,183.0,10.61,38.0,6.7,12.891304016113281,0.3687630677516161,0.0,0.0
2026-09-23T09:55:40.236220+07:00,final_benchmark:PositionEvalAgent,0.0,183.0,10.58,38.0,7.4,12.890426635742188,0.3687630677516161,0.0,0.0
2026-09-23T09:55:41.237954+07:00,final_benchmark:PositionEvalAgent,0.0,183.0,10.55,38.0,7.4,12.88034439086914,0.3687630677516161,0.0,0.0
2026-09-23T09:55:42.236450+07:00,final_benchmark:PositionEvalAgent,0.0,183.0,10.56,38.0,9.4,12.892997741699219,0.3687630677516161,0.0,0.0
2026-09-23T09:55:43.238470+07:00,final_benchmark:PositionEvalAgent,0.0,183.0,10.54,38.0,7.8,12.899578094482422,0.3687630677516161,0.0,0.0
2026-09-23T09:55:44.227623+07:00,final_benchmark:PositionEvalAgent,0.0,183.0,10.49,38.0,8.6,12.895191192626953,0.3687630677516161,0.0,0.0
2026-09-23T09:55:45.255477+07:00,final_benchmark:PositionEvalAgent,0.0,183.0,10.45,38.0,9.5,12.888118743896484,0.3687630677516161,0.0,0.0
2026-09-23T09:55:46.238829+07:00,final_benchmark:PositionEvalAgent,0.0,183.0,10.45,38.0,5.8,12.889057159423828,0.3687630677516161,0.0,0.0
2026-09-23T09:55:47.236989+07:00,final_benchmark:PositionEvalAgent,0.0,183.0,10.5,38.0,5.4,12.889411926269531,0.3687630677516161,0.0,0.0
2026-09-23T09:55:48.235707+07:00,final_benchmark:PositionEvalAgent,0.0,183.0,10.47,38.0,5.4,12.894828796386719,0.3687630677516161,0.0,0.0
2026-09-23T09:55:49.237143+07:00,final_benchmark:PositionEvalAgent,0.0,183.0,10.49,38.0,6.1,12.880931854248047,0.3687630677516161,0.0,0.0
2026-09-23T09:55:50.237017+07:00,final_benchmark:PositionEvalAgent,0.0,183.0,10.42,38.0,6.2,12.893970489501953,0.3687630677516161,0.0,0.0
2026-09-23T09:55:51.239088+07:00,final_benchmark:PositionEvalAgent,0.0,183.0,10.42,38.0,5.3,12.891242980957031,0.3687630677516161,0.0,0.0
2026-09-23T09:55:52.222514+07:00,final_benchmark:PositionEvalAgent,0.0,183.0,10.42,38.0,5.6,12.892158508300781,0.3687630677516161,0.0,0.0
2026-09-23T09:55:53.221691+07:00,final_benchmark:PositionEvalAgent,0.0,183.0,10.55,38.0,10.7,12.813091278076172,0.3687630677516161,0.0,0.0
2026-09-23T09:55:54.238345+07:00,final_benchmark:PositionEvalAgent,0.0,183.0,10.56,38.0,7.9,12.820510864257812,0.3687630677516161,0.0,0.0
2026-09-23T09:55:55.238760+07:00,final_benchmark:PositionEvalAgent,0.0,183.0,10.6,38.0,8.6,12.812808990478516,0.3687630677516161,0.0,0.0
2026-09-23T09:55:56.257164+07:00,final_benchmark:PositionEvalAgent,0.0,183.0,10.51,38.0,9.0,12.815849304199219,0.3687630677516161,0.0,0.0
2026-09-23T09:55:57.237552+07:00,final_benchmark:PositionEvalAgent,0.0,183.0,10.47,38.0,7.8,12.807708740234375,0.3687630677516161,0.0,0.0
2026-09-23T09:55:58.238911+07:00,final_benchmark:PositionEvalAgent,0.0,183.0,10.41,38.0,9.1,12.812530517578125,0.3687630677516161,0.0,0.0
2026-09-23T09:55:59.238108+07:00,final_benchmark:PositionEvalAgent,0.0,183.0,10.42,38.0,9.0,12.816604614257812,0.3687630677516161,0.0,0.0
2026-09-23T09:56:00.221048+07:00,final_benchmark:PositionEvalAgent,0.0,183.0,10.44,38.0,7.3,12.81961441040039,0.3687630677516161,0.0,0.0
2026-09-23T09:56:01.222699+07:00,final_benchmark:PositionEvalAgent,0.0,183.0,10.56,38.0,7.0,12.819454193115234,0.3687630677516161,0.0,0.0
2026-09-23T09:56:02.205073+07:00,final_benchmark:PositionEvalAgent,0.0,183.0,10.59,38.0,8.9,12.851436614990234,0.3687630677516161,0.0,0.0
2026-09-23T09:56:03.222943+07:00,final_benchmark:PositionEvalAgent,0.0,183.0,10.59,38.0,8.8,12.861202239990234,0.3687630677516161,0.0,0.0
2026-09-23T09:56:04.222672+07:00,final_benchmark:PositionEvalAgent,0.0,183.0,10.51,38.0,7.7,12.870540618896484,0.3687630677516161,0.0,0.0
2026-09-23T09:56:05.221930+07:00,final_benchmark:PositionEvalAgent,0.0,183.0,10.57,38.0,10.5,12.872638702392578,0.3687630677516161,0.0,0.0
2026-09-23T09:56:06.222144+07:00,final_benchmark:PositionEvalAgent,0.0,183.0,10.54,38.0,10.2,12.874309539794922,0.3687630677516161,0.0,0.0
2026-09-23T09:56:07.222028+07:00,final_benchmark:PositionEvalAgent,0.0,183.0,10.51,38.0,8.1,12.897937774658203,0.3687630677516161,0.0,0.0
2026-09-23T09:56:08.221172+07:00,final_benchmark:PositionEvalAgent,0.0,183.0,10.58,38.0,9.4,12.899612426757812,0.3687630677516161,0.0,0.0
2026-09-23T09:56:09.239203+07:00,final_benchmark:PositionEvalAgent,0.0,183.0,10.55,38.0,8.8,12.893196105957031,0.3687630677516161,0.0,0.0
2026-09-23T09:56:10.240217+07:00,final_benchmark:PositionEvalAgent,0.0,183.0,10.48,38.0,11.4,12.894332885742188,0.3687630677516161,0.0,0.0
2026-09-23T09:56:11.221977+07:00,final_benchmark:PositionEvalAgent,0.0,183.0,10.47,38.0,8.7,12.89608383178711,0.3687630677516161,0.0,0.0
2026-09-23T09:56:12.222316+07:00,final_benchmark:PositionEvalAgent,0.0,183.0,10.57,38.0,10.0,12.896926879882812,0.3687630677516161,0.0,0.0
2026-09-23T09:56:13.220931+07:00,final_benchmark:PositionEvalAgent,0.0,183.0,10.58,38.0,7.5,12.88705825805664,0.3687630677516161,0.0,0.0
2026-09-23T09:56:14.221822+07:00,final_benchmark:PositionEvalAgent,0.0,183.0,10.57,38.0,9.0,12.888507843017578,0.3687630677516161,0.0,0.0
2026-09-23T09:56:15.232257+07:00,final_benchmark:PositionEvalAgent,0.0,183.0,10.59,38.0,10.3,12.892337799072266,0.3687630677516161,0.0,0.0
2026-09-23T09:56:16.238983+07:00,final_benchmark:PositionEvalAgent,0.0,183.0,10.57,38.0,9.6,12.898292541503906,0.3687630677516161,0.0,0.0
2026-09-23T09:56:17.239557+07:00,final_benchmark:PositionEvalAgent,0.0,183.0,10.55,38.0,9.6,12.898582458496094,0.3687630677516161,0.0,0.0
2026-09-23T09:56:18.223331+07:00,final_benchmark:PositionEvalAgent,0.0,183.0,10.56,38.0,10.4,12.884654998779297,0.3687630677516161,0.0,0.0
2026-09-23T09:56:19.205558+07:00,final_benchmark:PositionEvalAgent,0.0,183.0,10.57,38.0,9.9,12.881534576416016,0.3687630677516161,0.0,0.0
2026-09-23T09:56:20.236960+07:00,final_benchmark:PositionEvalAgent,0.0,183.0,10.63,38.0,9.7,12.900901794433594,0.3687630677516161,0.0,0.0
2026-09-23T09:56:21.221580+07:00,final_benchmark:PositionEvalAgent,0.0,183.0,10.65,38.0,8.2,12.902217864990234,0.3687630677516161,0.0,0.0
2026-09-23T09:56:22.225037+07:00,final_benchmark:PositionEvalAgent,0.0,183.0,10.57,38.0,9.9,12.897464752197266,0.3687630677516161,0.0,0.0
2026-09-23T09:56:23.240715+07:00,final_benchmark:PositionEvalAgent,0.0,183.0,10.5,38.0,9.7,12.901481628417969,0.3687630677516161,0.0,0.0
2026-09-23T09:56:24.236227+07:00,final_benchmark:PositionEvalAgent,0.0,183.0,10.49,38.0,10.0,12.904449462890625,0.3687630677516161,0.0,0.0
2026-09-23T09:56:25.236335+07:00,final_benchmark:PositionEvalAgent,0.0,183.0,10.52,38.0,8.3,12.898857116699219,0.3687630677516161,0.0,0.0
2026-09-23T09:56:26.236076+07:00,final_benchmark:PositionEvalAgent,0.0,183.0,10.65,38.0,6.8,12.90848159790039,0.3687630677516161,0.0,0.0
2026-09-23T09:56:27.220748+07:00,final_benchmark:PositionEvalAgent,0.0,183.0,10.63,38.0,8.5,12.908794403076172,0.3687630677516161,0.0,0.0
2026-09-23T09:56:28.220793+07:00,final_benchmark:PositionEvalAgent,0.0,183.0,10.6,38.0,9.6,12.908924102783203,0.3687630677516161,0.0,0.0
2026-09-23T09:56:29.241181+07:00,final_benchmark:PositionEvalAgent,0.0,183.0,10.51,38.0,9.1,12.815895080566406,0.3687630677516161,0.0,0.0
2026-09-23T09:56:30.235729+07:00,final_benchmark:PositionEvalAgent,0.0,183.0,10.49,38.0,8.8,12.819637298583984,0.3687630677516161,0.0,0.0
2026-09-23T09:56:31.209299+07:00,final_benchmark:PositionEvalAgent,0.0,183.0,10.52,38.0,9.3,12.821769714355469,0.3687630677516161,0.0,0.0
2026-09-23T09:56:32.204864+07:00,final_benchmark:PositionEvalAgent,0.0,183.0,10.57,38.0,7.8,12.823802947998047,0.3687630677516161,0.0,0.0
2026-09-23T09:56:33.238485+07:00,final_benchmark:PositionEvalAgent,0.0,183.0,10.67,38.0,9.2,12.820293426513672,0.3687630677516161,0.0,0.0
2026-09-23T09:56:34.255971+07:00,final_benchmark:PositionEvalAgent,0.0,183.0,10.55,38.0,8.9,12.81662368774414,0.3687630677516161,0.0,0.0
2026-09-23T09:56:35.238389+07:00,final_benchmark:PositionEvalAgent,0.0,183.0,10.51,38.0,10.0,12.812049865722656,0.3687630677516161,0.0,0.0
2026-09-23T09:56:36.273541+07:00,final_benchmark:PositionEvalAgent,0.0,183.0,10.37,38.0,10.6,12.814178466796875,0.3687630677516161,0.0,0.0
2026-09-23T09:56:37.238453+07:00,final_benchmark:PositionEvalAgent,0.0,183.0,10.41,38.0,7.4,12.816768646240234,0.3687630677516161,0.0,0.0
2026-09-23T09:56:38.222392+07:00,final_benchmark:PositionEvalAgent,0.0,183.0,10.49,38.0,7.0,12.81002426147461,0.3687630677516161,0.0,0.0
2026-09-23T09:56:39.259035+07:00,final_benchmark:PositionEvalAgent,0.0,183.0,10.57,38.0,9.2,12.807392120361328,0.3687630677516161,0.0,0.0
2026-09-23T09:56:40.239379+07:00,final_benchmark:PositionEvalAgent,0.0,183.0,10.52,38.0,8.2,12.806705474853516,0.3687630677516161,0.0,0.0
2026-09-23T09:56:41.256736+07:00,final_benchmark:PositionEvalAgent,0.0,183.0,10.46,38.0,7.8,12.814643859863281,0.3687630677516161,0.0,0.0
2026-09-23T09:56:42.239827+07:00,final_benchmark:PositionEvalAgent,0.0,183.0,10.46,38.0,9.1,12.81500244140625,0.3687630677516161,0.0,0.0
2026-09-23T09:56:43.238908+07:00,final_benchmark:PositionEvalAgent,0.0,183.0,10.5,38.0,8.6,12.814094543457031,0.3687630677516161,0.0,0.0
2026-09-23T09:56:44.221543+07:00,final_benchmark:PositionEvalAgent,0.0,183.0,10.59,38.0,9.4,12.815242767333984,0.3687630677516161,0.0,0.0
2026-09-23T09:56:45.222626+07:00,final_benchmark:PositionEvalAgent,0.0,183.0,10.68,38.0,8.7,12.814788818359375,0.3687630677516161,0.0,0.0
2026-09-23T09:56:46.238714+07:00,final_benchmark:PositionEvalAgent,0.0,183.0,10.61,38.0,7.8,12.82244873046875,0.3687630677516161,0.0,0.0
2026-09-23T09:56:47.237797+07:00,final_benchmark:PositionEvalAgent,0.0,183.0,10.59,38.0,8.5,12.817764282226562,0.3687630677516161,0.0,0.0
2026-09-23T09:56:48.238470+07:00,final_benchmark:PositionEvalAgent,0.0,183.0,10.59,38.0,8.3,12.811004638671875,0.3687630677516161,0.0,0.0
2026-09-23T09:56:49.235820+07:00,final_benchmark:PositionEvalAgent,0.0,183.0,10.52,38.0,7.8,12.793327331542969,0.3687630677516161,0.0,0.0
2026-09-23T09:56:50.238283+07:00,final_benchmark:PositionEvalAgent,0.0,183.0,10.55,38.0,7.8,12.792457580566406,0.3687630677516161,0.0,0.0
2026-09-23T09:56:51.236838+07:00,final_benchmark:PositionEvalAgent,0.0,183.0,10.6,38.0,6.3,12.804771423339844,0.3687630677516161,0.0,0.0
2026-09-23T09:56:52.224868+07:00,final_benchmark:PositionEvalAgent,0.0,183.0,10.61,38.0,8.3,12.809707641601562,0.3687630677516161,0.0,0.0
2026-09-23T09:56:53.256070+07:00,final_benchmark:PositionEvalAgent,0.0,183.0,10.6,38.0,6.4,12.80783462524414,0.3687630677516161,0.0,0.0
2026-09-23T09:56:54.254718+07:00,final_benchmark:PositionEvalAgent,0.0,183.0,10.57,38.0,6.9,12.81527328491211,0.3687630677516161,0.0,0.0
2026-09-23T09:56:55.249758+07:00,final_benchmark:PositionEvalAgent,0.0,183.0,10.53,38.0,6.5,12.811302185058594,0.3687630677516161,0.0,0.0
2026-09-23T09:56:56.238013+07:00,final_benchmark:PositionEvalAgent,0.0,183.0,10.61,37.0,9.8,12.810714721679688,0.3687630677516161,0.0,0.0
2026-09-23T09:56:57.237334+07:00,final_benchmark:PositionEvalAgent,0.0,183.0,10.75,38.0,9.8,12.809257507324219,0.3687630677516161,0.0,0.0
2026-09-23T09:56:58.238624+07:00,final_benchmark:PositionEvalAgent,0.0,183.0,10.73,37.0,6.9,12.81668472290039,0.3687630677516161,0.0,0.0
2026-09-23T09:56:59.230607+07:00,final_benchmark:PositionEvalAgent,0.0,183.0,10.7,37.0,8.9,12.824119567871094,0.3687630677516161,0.0,0.0
2026-09-23T09:57:00.239419+07:00,final_benchmark:PositionEvalAgent,0.0,183.0,10.63,37.0,7.2,12.82541275024414,0.3687630677516161,0.0,0.0
2026-09-23T09:57:01.239060+07:00,final_benchmark:PositionEvalAgent,0.0,183.0,10.57,37.0,6.3,12.824577331542969,0.3687630677516161,0.0,0.0
2026-09-23T09:57:02.224859+07:00,final_benchmark:PositionEvalAgent,0.0,183.0,10.58,37.0,8.6,12.823661804199219,0.3687630677516161,0.0,0.0
2026-09-23T09:57:03.221851+07:00,final_benchmark:PositionEvalAgent,0.0,183.0,10.65,37.0,10.8,12.824104309082031,0.3687630677516161,0.0,0.0
2026-09-23T09:57:04.222126+07:00,final_benchmark:PositionEvalAgent,0.0,183.0,10.76,37.0,9.5,12.91220474243164,0.3687630677516161,0.0,0.0
2026-09-23T09:57:05.254389+07:00,final_benchmark:PositionEvalAgent,0.0,183.0,10.73,37.0,9.1,12.924541473388672,0.3687630677516161,0.0,0.0
2026-09-23T09:57:06.204299+07:00,final_benchmark:PositionEvalAgent,3.0,183.0,12.83,39.0,8.5,12.92425537109375,0.3687630677516161,0.0,0.0
2026-09-23T09:57:07.204034+07:00,final_benchmark:PositionEvalAgent,7.0,183.0,29.62,40.0,8.8,12.922466278076172,0.3687630677516161,0.0,0.0
2026-09-23T09:57:08.203980+07:00,final_benchmark:PositionEvalAgent,3.0,183.0,28.39,40.0,8.1,12.91778564453125,0.3687630677516161,0.0,0.0
2026-09-23T09:57:09.248370+07:00,final_benchmark:PositionEvalAgent,6.0,183.0,29.28,40.0,7.1,12.9161376953125,0.3687630677516161,0.0,0.0
2026-09-23T09:57:10.238287+07:00,final_benchmark:PositionEvalAgent,6.0,183.0,28.55,39.0,8.4,12.912799835205078,0.3687630677516161,0.0,0.0
2026-09-23T09:57:11.219688+07:00,final_benchmark:PositionEvalAgent,7.0,183.0,28.49,39.0,9.5,12.845436096191406,0.3687630677516161,0.0,0.0
2026-09-23T09:57:12.283965+07:00,final_benchmark:PositionEvalAgent,4.0,183.0,25.66,39.0,8.4,12.797294616699219,0.29429122549397546,0.0,0.0
2026-09-23T09:57:13.288377+07:00,final_benchmark:PositionEvalAgent,0.0,183.0,14.96,38.0,7.2,12.796333312988281,0.29429122549397546,0.0,0.0
2026-09-23T09:57:14.328967+07:00,final_benchmark:MCTSAgent,0.0,183.0,13.11,38.0,7.2,12.795948028564453,0.294675584572025,0.0,0.0
2026-09-23T09:57:15.324372+07:00,final_benchmark:MCTSAgent,0.0,183.0,12.42,38.0,7.6,12.790313720703125,0.29506449366762705,0.0,0.0
2026-09-23T09:57:16.296964+07:00,final_benchmark:MCTSAgent,0.0,183.0,11.69,38.0,7.5,12.791736602783203,0.2954497845293015,0.0,0.0
2026-09-23T09:57:17.363888+07:00,final_benchmark:MCTSAgent,0.0,183.0,11.44,38.0,7.1,12.791545867919922,0.29583300962902065,0.0,0.0
2026-09-23T09:57:18.281130+07:00,final_benchmark:MCTSAgent,0.0,183.0,11.36,38.0,7.9,12.790782928466797,0.2963170892500215,0.0,0.0
2026-09-23T09:57:19.313739+07:00,final_benchmark:MCTSAgent,0.0,183.0,11.21,38.0,7.9,12.79404067993164,0.29661501050155387,0.0,0.0
2026-09-23T09:57:20.346968+07:00,final_benchmark:MCTSAgent,0.0,183.0,11.29,38.0,7.3,12.793804168701172,0.2971344044548775,0.0,0.0
2026-09-23T09:57:21.273962+07:00,final_benchmark:MCTSAgent,0.0,183.0,11.4,38.0,8.2,12.792877197265625,0.2980484086377033,0.0,0.0
2026-09-23T09:57:22.314920+07:00,final_benchmark:MCTSAgent,0.0,183.0,11.48,38.0,8.0,12.792984008789062,0.2984683189115677,0.0,0.0
2026-09-23T09:57:23.332888+07:00,final_benchmark:MCTSAgent,0.0,183.0,11.44,38.0,7.2,12.793155670166016,0.29942768505191103,0.0,0.0
2026-09-23T09:57:24.403251+07:00,final_benchmark:MCTSAgent,0.0,183.0,11.25,38.0,8.0,12.793037414550781,0.29986501660450093,0.0,0.0
2026-09-23T09:57:25.273276+07:00,final_benchmark:MCTSAgent,0.0,183.0,11.22,38.0,8.0,12.791412353515625,0.3002728560573704,0.0,0.0
2026-09-23T09:57:26.282622+07:00,final_benchmark:MCTSAgent,0.0,183.0,11.25,38.0,7.8,12.79153060913086,0.30066269264917794,0.0,0.0
2026-09-23T09:57:27.348351+07:00,final_benchmark:MCTSAgent,0.0,183.0,11.37,38.0,7.9,12.792255401611328,0.301099063644431,0.0,0.0
2026-09-23T09:57:28.298330+07:00,final_benchmark:MCTSAgent,0.0,183.0,11.46,38.0,8.4,12.792922973632812,0.3014745523233765,0.0,0.0
2026-09-23T09:57:29.288107+07:00,final_benchmark:MCTSAgent,0.0,183.0,11.46,38.0,8.2,12.79098892211914,0.301961938480423,0.0,0.0
2026-09-23T09:57:30.339422+07:00,final_benchmark:MCTSAgent,0.0,183.0,11.34,38.0,10.2,12.791000366210938,0.30231648702807107,0.0,0.0
2026-09-23T09:57:31.348480+07:00,final_benchmark:MCTSAgent,0.0,183.0,11.24,38.0,10.2,12.790409088134766,0.30328750494663664,0.0,0.0
2026-09-23T09:57:32.344749+07:00,final_benchmark:MCTSAgent,0.0,183.0,11.2,38.0,8.1,12.784286499023438,0.30328750494663664,0.0,0.0
2026-09-23T09:57:33.336427+07:00,final_benchmark:MCTSAgent,0.0,183.0,11.34,38.0,8.5,12.785606384277344,0.3036058303046826,0.0,0.0
2026-09-23T09:57:34.285888+07:00,final_benchmark:MCTSAgent,0.0,183.0,11.47,38.0,8.4,12.785568237304688,0.30402556295577526,0.0,0.0
2026-09-23T09:57:35.280266+07:00,final_benchmark:MCTSAgent,0.0,183.0,11.55,38.0,7.1,12.785175323486328,0.3049169151514228,0.0,0.0
2026-09-23T09:57:36.284919+07:00,final_benchmark:MCTSAgent,0.0,183.0,11.52,38.0,7.0,12.785099029541016,0.30532298986035533,0.0,0.0
2026-09-23T09:57:37.385655+07:00,final_benchmark:MCTSAgent,0.0,183.0,11.38,38.0,7.2,12.78506088256836,0.30628774900428923,0.0,0.0
2026-09-23T09:57:38.273488+07:00,final_benchmark:MCTSAgent,0.0,183.0,11.23,38.0,12.1,12.784603118896484,0.30628774900428923,0.0,0.0
2026-09-23T09:57:39.336053+07:00,final_benchmark:MCTSAgent,0.0,183.0,11.29,38.0,11.4,12.784751892089844,0.3066473906161495,0.0,0.0
2026-09-23T09:57:40.330380+07:00,final_benchmark:MCTSAgent,0.0,183.0,11.49,38.0,10.0,12.784233093261719,0.30747982476384766,0.0,0.0
2026-09-23T09:57:41.287057+07:00,final_benchmark:MCTSAgent,0.0,183.0,11.57,38.0,10.2,12.784225463867188,0.30794541718534524,0.0,0.0
2026-09-23T09:57:42.314942+07:00,final_benchmark:MCTSAgent,0.0,183.0,11.55,38.0,9.2,12.784065246582031,0.3083736482710295,0.0,0.0
2026-09-23T09:57:43.380259+07:00,final_benchmark:MCTSAgent,0.0,183.0,11.28,38.0,8.8,12.784194946289062,0.3092726621452448,0.0,0.0
2026-09-23T09:57:44.315139+07:00,final_benchmark:MCTSAgent,0.0,183.0,11.21,37.0,7.2,12.784618377685547,0.3096811973342396,0.0,0.0
2026-09-23T09:57:45.283266+07:00,final_benchmark:MCTSAgent,0.0,183.0,11.23,37.0,6.4,12.784248352050781,0.3096811973342396,0.0,0.0
2026-09-23T09:57:46.332982+07:00,final_benchmark:MCTSAgent,0.0,183.0,11.52,37.0,7.5,12.785404205322266,0.31001533588770824,0.0,0.0
2026-09-23T09:57:47.292378+07:00,final_benchmark:MCTSAgent,0.0,183.0,11.66,37.0,7.4,12.785614013671875,0.31088024740198605,0.0,0.0
2026-09-23T09:57:48.314143+07:00,final_benchmark:MCTSAgent,0.0,183.0,11.62,37.0,7.6,12.786579132080078,0.31088024740198605,0.0,0.0
2026-09-23T09:57:49.325566+07:00,final_benchmark:MCTSAgent,0.0,183.0,11.54,37.0,7.2,12.787128448486328,0.31114957694811013,0.0,0.0
2026-09-23T09:57:50.331729+07:00,final_benchmark:MCTSAgent,0.0,183.0,11.32,37.0,6.5,12.787097930908203,0.31148268287601066,0.0,0.0
2026-09-23T09:57:51.363847+07:00,final_benchmark:MCTSAgent,0.0,183.0,11.32,37.0,7.3,12.786567687988281,0.3119505576733187,0.0,0.0
2026-09-23T09:57:52.266787+07:00,final_benchmark:MCTSAgent,0.0,183.0,11.48,37.0,7.0,12.785957336425781,0.3128482782739017,0.0,0.0
2026-09-23T09:57:53.331822+07:00,final_benchmark:MCTSAgent,0.0,183.0,11.58,37.0,7.6,12.787487030029297,0.3133081356512725,0.0,0.0
2026-09-23T09:57:54.281947+07:00,final_benchmark:MCTSAgent,0.0,183.0,11.69,37.0,7.8,12.788223266601562,0.31365117827295924,0.0,0.0
2026-09-23T09:57:55.279321+07:00,final_benchmark:MCTSAgent,0.0,183.0,11.51,37.0,7.4,12.78778076171875,0.3146390801198849,0.0,0.0
2026-09-23T09:57:56.278870+07:00,final_benchmark:MCTSAgent,0.0,183.0,11.35,37.0,7.4,12.787967681884766,0.31555281671137625,0.0,0.0
2026-09-23T09:57:57.297005+07:00,final_benchmark:MCTSAgent,0.0,183.0,11.33,37.0,6.8,12.787837982177734,0.315978611182783,0.0,0.0
2026-09-23T09:57:58.338412+07:00,final_benchmark:MCTSAgent,0.0,183.0,11.43,37.0,7.8,12.788143157958984,0.31695647916872777,0.0,0.0
2026-09-23T09:57:59.286787+07:00,final_benchmark:MCTSAgent,0.0,183.0,11.55,37.0,8.2,12.803874969482422,0.3173793709166081,0.0,0.0
2026-09-23T09:58:00.304188+07:00,final_benchmark:MCTSAgent,0.0,183.0,11.64,37.0,7.5,12.799362182617188,0.3178160183660734,0.0,0.0
2026-09-23T09:58:01.310674+07:00,final_benchmark:MCTSAgent,0.0,183.0,11.5,37.0,8.2,12.805583953857422,0.3186668062622565,0.0,0.0
2026-09-23T09:58:02.331737+07:00,final_benchmark:MCTSAgent,0.0,183.0,11.37,37.0,6.8,12.813407897949219,0.31967386112790397,0.0,0.0
2026-09-23T09:58:03.337785+07:00,final_benchmark:MCTSAgent,0.0,183.0,11.25,37.0,7.0,12.811752319335938,0.3201112304028421,0.0,0.0
2026-09-23T09:58:04.314300+07:00,final_benchmark:MCTSAgent,0.0,183.0,11.28,37.0,7.4,12.811767578125,0.32044501403881576,0.0,0.0
2026-09-23T09:58:05.341265+07:00,final_benchmark:MCTSAgent,0.0,183.0,11.41,37.0,7.3,12.811370849609375,0.3208245278049009,0.0,0.0
2026-09-23T09:58:06.271479+07:00,final_benchmark:MCTSAgent,0.0,183.0,11.45,37.0,7.5,12.811717987060547,0.32130273942720233,0.0,0.0
2026-09-23T09:58:07.272501+07:00,final_benchmark:MCTSAgent,0.0,183.0,11.47,37.0,11.7,12.913749694824219,0.3221457582093372,0.0,0.0
2026-09-23T09:58:08.347019+07:00,final_benchmark:MCTSAgent,0.0,183.0,11.35,37.0,8.8,12.926929473876953,0.3221457582093372,0.0,0.0
2026-09-23T09:58:09.310367+07:00,final_benchmark:MCTSAgent,0.0,183.0,11.24,37.0,9.4,12.914905548095703,0.32291316402285397,0.0,0.0
2026-09-23T09:58:10.269927+07:00,final_benchmark:MCTSAgent,0.0,183.0,11.37,37.0,6.8,12.902351379394531,0.32291316402285397,0.0,0.0
2026-09-23T09:58:11.272882+07:00,final_benchmark:MCTSAgent,0.0,183.0,11.4,37.0,7.0,12.905323028564453,0.3232590035192635,0.0,0.0
2026-09-23T09:58:12.263550+07:00,final_benchmark:MCTSAgent,0.0,183.0,11.65,37.0,7.3,12.919639587402344,0.32360381330957205,0.0,0.0
2026-09-23T09:58:13.287077+07:00,final_benchmark:MCTSAgent,0.0,183.0,11.56,37.0,6.9,12.901077270507812,0.32394847340712685,0.0,0.0
2026-09-23T09:58:14.328681+07:00,final_benchmark:MCTSAgent,0.0,183.0,11.47,37.0,7.6,12.875015258789062,0.3248328126671009,0.0,0.0
2026-09-23T09:58:15.328448+07:00,final_benchmark:MCTSAgent,0.0,183.0,11.32,37.0,7.1,12.826942443847656,0.3252551381993413,0.0,0.0
2026-09-23T09:58:16.296934+07:00,final_benchmark:MCTSAgent,0.0,183.0,11.18,37.0,6.7,12.811687469482422,0.3256376225118541,0.0,0.0
2026-09-23T09:58:17.289024+07:00,final_benchmark:MCTSAgent,0.0,183.0,11.25,37.0,6.9,12.811294555664062,0.3260085073444013,0.0,0.0
2026-09-23T09:58:18.316867+07:00,final_benchmark:MCTSAgent,0.0,183.0,11.52,37.0,7.5,12.801094055175781,0.32638372228855356,0.0,0.0
2026-09-23T09:58:19.338991+07:00,final_benchmark:MCTSAgent,0.0,183.0,11.54,37.0,7.1,12.8011474609375,0.32638372228855356,0.0,0.0
2026-09-23T09:58:20.286157+07:00,final_benchmark:MCTSAgent,0.0,183.0,11.55,37.0,7.4,12.80086898803711,0.326681871934552,0.0,0.0
2026-09-23T09:58:21.263954+07:00,final_benchmark:MCTSAgent,0.0,183.0,11.45,37.0,7.2,12.800243377685547,0.32705373840628715,0.0,0.0
2026-09-23T09:58:22.285893+07:00,final_benchmark:MCTSAgent,0.0,183.0,11.26,37.0,7.5,12.800312042236328,0.32793148585272386,0.0,0.0
2026-09-23T09:58:23.310388+07:00,final_benchmark:MCTSAgent,0.0,183.0,11.3,37.0,7.2,12.80044174194336,0.3282875073343806,0.0,0.0
2026-09-23T09:58:24.311017+07:00,final_benchmark:MCTSAgent,0.0,183.0,11.28,37.0,7.6,12.797378540039062,0.3282875073343806,0.0,0.0
2026-09-23T09:58:25.281707+07:00,final_benchmark:MCTSAgent,0.0,183.0,11.43,37.0,7.7,12.80007553100586,0.3285593440289134,0.0,0.0
2026-09-23T09:58:26.254516+07:00,final_benchmark:MCTSAgent,0.0,183.0,11.42,37.0,11.1,12.818286895751953,0.3289520095561634,0.0,0.0
2026-09-23T09:58:27.281796+07:00,final_benchmark:MCTSAgent,0.0,183.0,11.23,37.0,7.4,12.829967498779297,0.32975951416695254,0.0,0.0
2026-09-23T09:58:28.281839+07:00,final_benchmark:MCTSAgent,0.0,183.0,11.26,37.0,9.3,12.835762023925781,0.3302608598015806,0.0,0.0
2026-09-23T09:58:29.314428+07:00,final_benchmark:MCTSAgent,0.0,183.0,11.2,37.0,7.9,12.835830688476562,0.3310732973539891,0.0,0.0
2026-09-23T09:58:30.251423+07:00,final_benchmark:MCTSAgent,0.0,183.0,11.4,37.0,7.6,12.826148986816406,0.3310732973539891,0.0,0.0
2026-09-23T09:58:31.281823+07:00,final_benchmark:MCTSAgent,0.0,183.0,11.46,37.0,7.7,12.831581115722656,0.3314412661458021,0.0,0.0
2026-09-23T09:58:32.360659+07:00,final_benchmark:MCTSAgent,0.0,183.0,11.48,37.0,7.3,12.824665069580078,0.3321976340490602,0.0,0.0
2026-09-23T09:58:33.300631+07:00,final_benchmark:MCTSAgent,0.0,183.0,11.33,37.0,7.6,12.823680877685547,0.3321976340490602,0.0,0.0
2026-09-23T09:58:34.292941+07:00,final_benchmark:MCTSAgent,0.0,183.0,11.26,37.0,6.9,12.823516845703125,0.3324958432713418,0.0,0.0
2026-09-23T09:58:35.326827+07:00,final_benchmark:MCTSAgent,0.0,183.0,11.2,37.0,8.9,12.82339859008789,0.3327642768844599,0.0,0.0
2026-09-23T09:58:36.289265+07:00,final_benchmark:MCTSAgent,0.0,183.0,11.34,37.0,9.5,12.816173553466797,0.3337669733888198,0.0,0.0
2026-09-23T09:58:37.298750+07:00,final_benchmark:MCTSAgent,0.0,183.0,11.56,37.0,8.2,12.818164825439453,0.33407534121657056,0.0,0.0
2026-09-23T09:58:38.278244+07:00,final_benchmark:MCTSAgent,0.0,183.0,11.57,37.0,7.9,12.818107604980469,0.3345379035517172,0.0,0.0
2026-09-23T09:58:39.267594+07:00,final_benchmark:MCTSAgent,0.0,183.0,11.51,37.0,9.4,12.818302154541016,0.33499274857638744,0.0,0.0
2026-09-23T09:58:40.331782+07:00,final_benchmark:MCTSAgent,0.0,183.0,11.37,37.0,7.6,12.806770324707031,0.3357492430885016,0.0,0.0
2026-09-23T09:58:41.306343+07:00,final_benchmark:MCTSAgent,0.0,183.0,11.41,37.0,7.7,12.812187194824219,0.3357492430885016,0.0,0.0
2026-09-23T09:58:42.366182+07:00,final_benchmark:AlphaGoAgent,1.0,183.0,11.26,37.0,8.0,12.81722640991211,0.33603077512928375,0.0,0.0
2026-09-23T09:58:43.311148+07:00,final_benchmark:AlphaGoAgent,1.0,183.0,11.38,37.0,7.5,12.81142807006836,0.33603077512928375,0.0,0.0
2026-09-23T09:58:44.364186+07:00,final_benchmark:AlphaGoAgent,0.0,183.0,11.49,37.0,11.0,12.799747467041016,0.33623460355659923,0.0,0.0
2026-09-23T09:58:45.333740+07:00,final_benchmark:AlphaGoAgent,1.0,183.0,11.44,37.0,8.6,12.799461364746094,0.33623460355659923,0.0,0.0
2026-09-23T09:58:46.237580+07:00,final_benchmark:AlphaGoAgent,1.0,183.0,11.31,37.0,8.8,12.799922943115234,0.33629499696479526,0.0,0.0
2026-09-23T09:58:47.300574+07:00,final_benchmark:AlphaGoAgent,0.0,183.0,11.32,37.0,10.1,12.799152374267578,0.33629499696479526,0.0,0.0
2026-09-23T09:58:48.237425+07:00,final_benchmark:AlphaGoAgent,0.0,183.0,11.35,37.0,10.4,12.799663543701172,0.33703449269319213,0.0,0.0
2026-09-23T09:58:49.314097+07:00,final_benchmark:AlphaGoAgent,0.0,183.0,11.43,37.0,10.0,12.799186706542969,0.33703449269319213,0.0,0.0
2026-09-23T09:58:50.291784+07:00,final_benchmark:AlphaGoAgent,1.0,183.0,11.48,37.0,7.4,12.7991943359375,0.3372056140443875,0.0,0.0
2026-09-23T09:58:51.289470+07:00,final_benchmark:AlphaGoAgent,0.0,183.0,11.59,37.0,7.3,12.79812240600586,0.3372056140443875,0.0,0.0
2026-09-23T09:58:52.333083+07:00,final_benchmark:AlphaGoAgent,1.0,183.0,11.4,37.0,6.9,12.796855926513672,0.33754992373312187,0.0,0.0
2026-09-23T09:58:53.274392+07:00,final_benchmark:AlphaGoAgent,1.0,183.0,11.24,37.0,7.2,12.797279357910156,0.33754992373312187,0.0,0.0
2026-09-23T09:58:54.335057+07:00,final_benchmark:AlphaGoAgent,0.0,183.0,11.14,37.0,7.5,12.797725677490234,0.3376889631228511,0.0,0.0
2026-09-23T09:58:55.321998+07:00,final_benchmark:AlphaGoAgent,0.0,183.0,11.3,37.0,7.2,12.797294616699219,0.3376889631228511,0.0,0.0
2026-09-23T09:58:56.271439+07:00,final_benchmark:AlphaGoAgent,0.0,183.0,11.44,37.0,7.4,12.797473907470703,0.3378598218732494,0.0,0.0
2026-09-23T09:58:57.268047+07:00,final_benchmark:AlphaGoAgent,0.0,183.0,11.47,37.0,6.6,12.797077178955078,0.3378598218732494,0.0,0.0
2026-09-23T09:58:58.298630+07:00,final_benchmark:AlphaGoAgent,1.0,183.0,11.37,37.0,7.5,12.797378540039062,0.3380820447633135,0.0,0.0
2026-09-23T09:58:59.304544+07:00,final_benchmark:AlphaGoAgent,1.0,183.0,11.28,37.0,7.8,12.797283172607422,0.3380820447633135,0.0,0.0
2026-09-23T09:59:00.301225+07:00,final_benchmark:AlphaGoAgent,1.0,183.0,11.21,37.0,6.3,12.793983459472656,0.33815982009408296,0.0,0.0
2026-09-23T09:59:01.302243+07:00,final_benchmark:AlphaGoAgent,0.0,183.0,11.23,37.0,7.0,12.79738998413086,0.33859980185861155,0.0,0.0
2026-09-23T09:59:02.304938+07:00,final_benchmark:AlphaGoAgent,0.0,183.0,11.4,37.0,8.0,12.80203628540039,0.33859980185861155,0.0,0.0
2026-09-23T09:59:03.242647+07:00,final_benchmark:AlphaGoAgent,1.0,183.0,11.48,37.0,9.1,12.812885284423828,0.33866017741997106,0.0,0.0
2026-09-23T09:59:04.284862+07:00,final_benchmark:AlphaGoAgent,1.0,183.0,11.48,37.0,6.9,12.819072723388672,0.33866017741997106,0.0,0.0
2026-09-23T09:59:05.251233+07:00,final_benchmark:AlphaGoAgent,0.0,183.0,11.23,37.0,6.7,12.818634033203125,0.33866017741997106,0.0,0.0
2026-09-23T09:59:06.327630+07:00,final_benchmark:AlphaGoAgent,1.0,183.0,11.21,37.0,7.1,12.817638397216797,0.3386907725283859,0.0,0.0
2026-09-23T09:59:07.298246+07:00,final_benchmark:AlphaGoAgent,1.0,183.0,11.18,37.0,7.4,12.817375183105469,0.33904288610028493,0.0,0.0
2026-09-23T09:59:08.299845+07:00,final_benchmark:AlphaGoAgent,0.0,183.0,11.36,37.0,7.6,12.816905975341797,0.33904288610028493,0.0,0.0
2026-09-23T09:59:09.320539+07:00,final_benchmark:AlphaGoAgent,1.0,183.0,11.37,37.0,6.8,12.814525604248047,0.3392158226601968,0.0,0.0
2026-09-23T09:59:10.259154+07:00,final_benchmark:AlphaGoAgent,1.0,183.0,11.4,37.0,6.8,12.814338684082031,0.3392158226601968,0.0,0.0
2026-09-23T09:59:11.276947+07:00,final_benchmark:AlphaGoAgent,1.0,183.0,11.33,37.0,7.0,12.800289154052734,0.33954314957902143,0.0,0.0
2026-09-23T09:59:12.281930+07:00,final_benchmark:AlphaGoAgent,1.0,183.0,11.23,37.0,7.0,12.799846649169922,0.33954314957902143,0.0,0.0
2026-09-23T09:59:13.250087+07:00,final_benchmark:AlphaGoAgent,1.0,183.0,11.23,37.0,6.8,12.797969818115234,0.33954525252217316,0.0,0.0
2026-09-23T09:59:14.327615+07:00,final_benchmark:AlphaGoAgent,1.0,183.0,11.22,37.0,7.2,12.79806137084961,0.33954525252217316,0.0,0.0
2026-09-23T09:59:15.311609+07:00,final_benchmark:AlphaGoAgent,1.0,183.0,11.35,37.0,6.4,12.798221588134766,0.33983901705198943,0.0,0.0
2026-09-23T09:59:16.254778+07:00,final_benchmark:AlphaGoAgent,1.0,183.0,11.38,37.0,6.7,12.798736572265625,0.33983901705198943,0.0,0.0
2026-09-23T09:59:17.284310+07:00,final_benchmark:AlphaGoAgent,1.0,183.0,11.31,37.0,7.1,12.798336029052734,0.3399996871465456,0.0,0.0
2026-09-23T09:59:18.332200+07:00,final_benchmark:AlphaGoAgent,1.0,183.0,11.17,37.0,7.2,12.799015045166016,0.3399996871465456,0.0,0.0
2026-09-23T09:59:19.344336+07:00,final_benchmark:AlphaGoAgent,0.0,183.0,11.08,37.0,7.0,12.802806854248047,0.3402190735480835,0.0,0.0
2026-09-23T09:59:20.286004+07:00,final_benchmark:AlphaGoAgent,1.0,183.0,11.13,37.0,7.5,12.802871704101562,0.3405003267426643,0.0,0.0
2026-09-23T09:59:21.276994+07:00,final_benchmark:AlphaGoAgent,1.0,183.0,11.3,37.0,6.9,12.802772521972656,0.3405003267426643,0.0,0.0
2026-09-23T09:59:22.251826+07:00,final_benchmark:AlphaGoAgent,0.0,183.0,11.35,37.0,7.1,12.79800796508789,0.3406266181778807,0.0,0.0
2026-09-23T09:59:23.312296+07:00,final_benchmark:AlphaGoAgent,1.0,183.0,11.28,37.0,7.9,12.798038482666016,0.3406266181778807,0.0,0.0
2026-09-23T09:59:24.322436+07:00,final_benchmark:AlphaGoAgent,1.0,183.0,11.26,37.0,6.9,12.798095703125,0.3406266181778807,0.0,0.0
2026-09-23T09:59:25.327872+07:00,final_benchmark:AlphaGoAgent,1.0,183.0,11.05,37.0,6.7,12.797798156738281,0.3407162139435249,0.0,0.0
2026-09-23T09:59:26.325942+07:00,final_benchmark:AlphaGoAgent,1.0,183.0,11.11,37.0,7.1,12.798236846923828,0.34108656651014185,0.0,0.0
2026-09-23T09:59:27.298505+07:00,final_benchmark:AlphaGoAgent,1.0,183.0,11.36,37.0,7.4,12.7926025390625,0.34108656651014185,0.0,0.0
2026-09-23T09:59:28.355426+07:00,final_benchmark:AlphaGoAgent,0.0,183.0,11.5,37.0,7.4,12.787841796875,0.34125316528555694,0.0,0.0
2026-09-23T09:59:29.342583+07:00,final_benchmark:AlphaGoAgent,1.0,183.0,11.41,37.0,7.7,12.786518096923828,0.3415826465157704,0.0,0.0
2026-09-23T09:59:30.323283+07:00,final_benchmark:AlphaGoAgent,1.0,183.0,11.26,37.0,7.0,12.78652572631836,0.3415826465157704,0.0,0.0
2026-09-23T09:59:31.289675+07:00,final_benchmark:AlphaGoAgent,1.0,183.0,11.17,37.0,6.9,12.786563873291016,0.3415826465157704,0.0,0.0
2026-09-23T09:59:32.315724+07:00,final_benchmark:AlphaGoAgent,0.0,183.0,11.23,37.0,7.3,12.785953521728516,0.3415887055160518,0.0,0.0
2026-09-23T09:59:33.239251+07:00,final_benchmark:AlphaGoAgent,0.0,183.0,11.25,37.0,8.0,12.786109924316406,0.3415887055160518,0.0,0.0
2026-09-23T09:59:34.354137+07:00,final_benchmark:AlphaGoAgent,1.0,183.0,11.49,37.0,7.5,12.786155700683594,0.3418339884241699,0.0,0.0
2026-09-23T09:59:35.304695+07:00,final_benchmark:AlphaGoAgent,0.0,183.0,11.67,37.0,8.0,12.78615951538086,0.3418339884241699,0.0,0.0
2026-09-23T09:59:36.293177+07:00,final_benchmark:AlphaGoAgent,1.0,183.0,11.52,37.0,7.2,12.786705017089844,0.3419840406835368,0.0,0.0
2026-09-23T09:59:37.333220+07:00,final_benchmark:AlphaGoAgent,0.0,183.0,11.37,37.0,7.7,12.786170959472656,0.3422533928214251,0.0,0.0
2026-09-23T09:59:38.292220+07:00,final_benchmark:AlphaGoAgent,0.0,183.0,11.25,37.0,7.0,12.78744125366211,0.3422533928214251,0.0,0.0
2026-09-23T09:59:39.320636+07:00,final_benchmark:AlphaGoAgent,0.0,183.0,11.28,37.0,7.3,12.787582397460938,0.34235263179968745,0.0,0.0
2026-09-23T09:59:40.264258+07:00,final_benchmark:AlphaGoAgent,1.0,183.0,11.49,37.0,7.1,12.7882080078125,0.34235263179968745,0.0,0.0
2026-09-23T09:59:41.278108+07:00,final_benchmark:AlphaGoAgent,1.0,183.0,11.57,37.0,8.9,12.78732681274414,0.34253159222338125,0.0,0.0
2026-09-23T09:59:42.290748+07:00,final_benchmark:AlphaGoAgent,0.0,183.0,11.48,37.0,8.8,12.787029266357422,0.34253159222338125,0.0,0.0
2026-09-23T09:59:43.296247+07:00,final_benchmark:AlphaGoAgent,0.0,183.0,11.29,37.0,8.8,12.787132263183594,0.34253159222338125,0.0,0.0
2026-09-23T09:59:44.302470+07:00,final_benchmark:AlphaGoAgent,0.0,183.0,11.19,37.0,9.3,12.786994934082031,0.3426038224245797,0.0,0.0
2026-09-23T09:59:45.267973+07:00,final_benchmark:AlphaGoAgent,0.0,183.0,11.29,37.0,7.8,12.786945343017578,0.3426038224245797,0.0,0.0
2026-09-23T09:59:46.371140+07:00,final_benchmark:AlphaGoAgent,0.0,183.0,11.46,37.0,7.8,12.787311553955078,0.3427612047470007,0.0,0.0
2026-09-23T09:59:47.278696+07:00,final_benchmark:AlphaGoAgent,0.0,183.0,11.55,37.0,7.3,12.787101745605469,0.3427612047470007,0.0,0.0
2026-09-23T09:59:48.348720+07:00,final_benchmark:AlphaGoAgent,1.0,183.0,11.49,37.0,7.4,12.787364959716797,0.34295335996603515,0.0,0.0
2026-09-23T09:59:49.298680+07:00,final_benchmark:AlphaGoAgent,1.0,183.0,11.4,37.0,7.1,12.787429809570312,0.34295335996603515,0.0,0.0
2026-09-23T09:59:50.326247+07:00,final_benchmark:AlphaGoAgent,1.0,183.0,11.38,37.0,8.3,12.78671646118164,0.34305599791984853,0.0,0.0
2026-09-23T09:59:51.291288+07:00,final_benchmark:AlphaGoAgent,0.0,183.0,11.32,37.0,11.8,12.786785125732422,0.34305599791984853,0.0,0.0
2026-09-23T09:59:52.311071+07:00,final_benchmark:AlphaGoAgent,0.0,183.0,11.39,37.0,10.4,12.786460876464844,0.3432428698484813,0.0,0.0
2026-09-23T09:59:53.287308+07:00,final_benchmark:AlphaGoAgent,1.0,183.0,11.57,37.0,11.3,12.786354064941406,0.34358119496314027,0.0,0.0
2026-09-23T09:59:54.248805+07:00,final_benchmark:AlphaGoAgent,1.0,183.0,11.65,37.0,9.6,12.786155700683594,0.34358119496314027,0.0,0.0
2026-09-23T09:59:55.328736+07:00,final_benchmark:AlphaGoAgent,1.0,183.0,11.43,37.0,8.9,12.786239624023438,0.34379887473341253,0.0,0.0
2026-09-23T09:59:56.289510+07:00,final_benchmark:AlphaGoAgent,1.0,183.0,11.29,37.0,7.6,12.786083221435547,0.34379887473341253,0.0,0.0
2026-09-23T09:59:57.291426+07:00,final_benchmark:AlphaGoAgent,1.0,183.0,11.25,37.0,6.6,12.786060333251953,0.34389969456599034,0.0,0.0
2026-09-23T09:59:58.294877+07:00,final_benchmark:AlphaGoAgent,1.0,183.0,11.28,37.0,7.3,12.786609649658203,0.34389969456599034,0.0,0.0
2026-09-23T09:59:59.300767+07:00,final_benchmark:AlphaGoAgent,1.0,183.0,11.44,37.0,6.5,12.786331176757812,0.3446004474244741,0.0,0.0
2026-09-23T10:00:00.323966+07:00,final_benchmark:AlphaGoAgent,1.0,183.0,11.46,37.0,7.5,12.784404754638672,0.3446004474244741,0.0,0.0
2026-09-23T10:00:01.293386+07:00,final_benchmark:AlphaGoAgent,1.0,183.0,11.45,37.0,7.3,12.785408020019531,0.34476840335803366,0.0,0.0
2026-09-23T10:00:02.316319+07:00,final_benchmark:AlphaGoAgent,1.0,183.0,11.26,37.0,7.6,12.800212860107422,0.34476840335803366,0.0,0.0
2026-09-23T10:00:03.334120+07:00,final_benchmark:AlphaGoAgent,0.0,183.0,11.16,37.0,7.1,12.793968200683594,0.34476840335803366,0.0,0.0
2026-09-23T10:00:04.281510+07:00,final_benchmark:AlphaGoAgent,1.0,183.0,11.19,37.0,6.9,12.793270111083984,0.34487905545562597,0.0,0.0
2026-09-23T10:00:05.352360+07:00,final_benchmark:AlphaGoAgent,1.0,183.0,11.37,37.0,7.2,12.79300308227539,0.3452107004858005,0.0,0.0
2026-09-23T10:00:06.271540+07:00,final_benchmark:AlphaGoAgent,0.0,183.0,11.43,37.0,6.9,12.794376373291016,0.34556046761725195,0.0,0.0
2026-09-23T10:00:07.243773+07:00,final_benchmark:AlphaGoAgent,1.0,183.0,11.36,37.0,6.7,12.794631958007812,0.34556046761725195,0.0,0.0
2026-09-23T10:00:08.319624+07:00,final_benchmark:AlphaGoAgent,1.0,183.0,11.18,37.0,7.4,12.794944763183594,0.34576988758911625,0.0,0.0
2026-09-23T10:00:09.338521+07:00,final_benchmark:AlphaGoAgent,0.0,183.0,11.11,37.0,7.8,12.797161102294922,0.34576988758911625,0.0,0.0
2026-09-23T10:00:10.286138+07:00,final_benchmark:AlphaGoAgent,1.0,183.0,11.19,37.0,6.4,12.800193786621094,0.34585178277514783,0.0,0.0
2026-09-23T10:00:11.315671+07:00,final_benchmark:AlphaGoAgent,1.0,183.0,11.3,37.0,6.7,12.79986572265625,0.3461413168581653,0.0,0.0
2026-09-23T10:00:12.237954+07:00,final_benchmark:AlphaGoAgent,1.0,183.0,11.49,37.0,7.3,12.799690246582031,0.3461413168581653,0.0,0.0
2026-09-23T10:00:13.259388+07:00,final_benchmark:AlphaGoAgent,1.0,183.0,11.35,37.0,6.8,12.800247192382812,0.3461413168581653,0.0,0.0
2026-09-23T10:00:14.323522+07:00,final_benchmark:AlphaGoAgent,1.0,183.0,11.38,37.0,7.1,12.800300598144531,0.3461732076176674,0.0,0.0
2026-09-23T10:00:15.340426+07:00,final_benchmark:AlphaGoAgent,1.0,183.0,11.18,37.0,7.1,12.80029296875,0.3461732076176674,0.0,0.0
2026-09-23T10:00:16.276193+07:00,final_benchmark:AlphaGoAgent,1.0,183.0,11.18,37.0,6.9,12.80051040649414,0.3461732076176674,0.0,0.0
2026-09-23T10:00:17.363870+07:00,final_benchmark:AlphaGoAgent,0.0,183.0,11.27,37.0,6.7,12.802379608154297,0.34616122905897734,0.0,0.0
2026-09-23T10:00:18.283604+07:00,final_benchmark:AlphaGoAgent,1.0,183.0,11.34,37.0,6.6,12.802509307861328,0.34616122905897734,0.0,0.0
2026-09-23T10:00:19.297105+07:00,final_benchmark:AlphaGoAgent,1.0,183.0,11.34,36.0,6.8,12.802108764648438,0.34638746736278814,0.0,0.0
2026-09-23T10:00:20.285366+07:00,final_benchmark:AlphaGoAgent,1.0,183.0,11.37,37.0,6.6,12.8026123046875,0.34638746736278814,0.0,0.0
2026-09-23T10:00:21.305624+07:00,final_benchmark:AlphaGoAgent,0.0,183.0,11.19,36.0,6.6,12.802669525146484,0.34652392824969297,0.0,0.0
2026-09-23T10:00:22.324078+07:00,final_benchmark:AlphaGoAgent,1.0,183.0,11.18,36.0,7.2,12.802696228027344,0.34678723299129655,0.0,0.0
2026-09-23T10:00:23.263586+07:00,final_benchmark:AlphaGoAgent,1.0,183.0,11.26,37.0,7.3,12.802978515625,0.34678723299129655,0.0,0.0
2026-09-23T10:00:24.251178+07:00,final_benchmark:AlphaGoAgent,1.0,183.0,11.29,36.0,7.3,12.803024291992188,0.3469288080201943,0.0,0.0
2026-09-23T10:00:25.275543+07:00,final_benchmark:AlphaGoAgent,1.0,183.0,11.45,36.0,7.0,12.803089141845703,0.34726965300649904,0.0,0.0
2026-09-23T10:00:26.298297+07:00,final_benchmark:AlphaGoAgent,1.0,183.0,11.49,36.0,8.3,12.803970336914062,0.3475969572344712,0.0,0.0
2026-09-23T10:00:27.263409+07:00,final_benchmark:AlphaGoAgent,1.0,183.0,11.29,36.0,7.1,12.804004669189453,0.3475969572344712,0.0,0.0
2026-09-23T10:00:28.280213+07:00,final_benchmark:AlphaGoAgent,0.0,183.0,11.25,36.0,7.5,12.807674407958984,0.3478451923944498,0.0,0.0
2026-09-23T10:00:29.311148+07:00,final_benchmark:AlphaGoAgent,1.0,183.0,11.12,36.0,6.9,12.804767608642578,0.3478451923944498,0.0,0.0
2026-09-23T10:00:30.276724+07:00,final_benchmark:AlphaGoAgent,1.0,183.0,11.28,36.0,7.4,12.808258056640625,0.3478451923944498,0.0,0.0
2026-09-23T10:00:31.332440+07:00,final_benchmark:AlphaGoAgent,1.0,183.0,11.37,36.0,7.4,12.805217742919922,0.3478872037438086,0.0,0.0
2026-09-23T10:00:32.333605+07:00,final_benchmark:AlphaGoAgent,1.0,183.0,11.41,36.0,7.3,12.805057525634766,0.3482074695210863,0.0,0.0
2026-09-23T10:00:33.288608+07:00,final_benchmark:AlphaGoAgent,1.0,183.0,11.32,36.0,7.8,12.808368682861328,0.3482074695210863,0.0,0.0
2026-09-23T10:00:34.348368+07:00,final_benchmark:AlphaGoAgent,1.0,183.0,11.13,36.0,7.6,12.804458618164062,0.34830721417485994,0.0,0.0
2026-09-23T10:00:35.273027+07:00,final_benchmark:AlphaGoAgent,1.0,183.0,11.06,36.0,7.4,12.807689666748047,0.34830721417485994,0.0,0.0
2026-09-23T10:00:36.328829+07:00,final_benchmark:AlphaGoAgent,0.0,183.0,11.29,36.0,8.1,12.80489730834961,0.3484576150028414,0.0,0.0
2026-09-23T10:00:37.331676+07:00,final_benchmark:AlphaGoAgent,1.0,183.0,11.46,36.0,7.0,12.808448791503906,0.34874458195597474,0.0,0.0
2026-09-23T10:00:38.294992+07:00,final_benchmark:AlphaGoAgent,1.0,183.0,11.35,36.0,6.1,12.808341979980469,0.34874458195597474,0.0,0.0
2026-09-23T10:00:39.322969+07:00,final_benchmark:AlphaGoAgent,0.0,183.0,11.31,36.0,6.1,12.808277130126953,0.3489615964650787,0.0,0.0
2026-09-23T10:00:40.300862+07:00,final_benchmark:AlphaGoAgent,1.0,183.0,11.12,36.0,6.3,12.80301284790039,0.3489615964650787,0.0,0.0
2026-09-23T10:00:41.337740+07:00,final_benchmark:AlphaGoAgent,1.0,183.0,11.04,36.0,6.5,12.807884216308594,0.3491782924451041,0.0,0.0
2026-09-23T10:00:42.273018+07:00,final_benchmark:AlphaGoAgent,1.0,183.0,11.17,36.0,6.2,12.80081558227539,0.3494336025785075,0.0,0.0
2026-09-23T10:00:43.268044+07:00,final_benchmark:AlphaGoAgent,1.0,183.0,11.27,36.0,6.7,12.80120849609375,0.3494336025785075,0.0,0.0
2026-09-23T10:00:44.294155+07:00,final_benchmark:AlphaGoAgent,1.0,183.0,11.34,36.0,6.8,12.801063537597656,0.34968085068737986,0.0,0.0
2026-09-23T10:00:45.288366+07:00,final_benchmark:AlphaGoAgent,1.0,183.0,11.35,36.0,7.1,12.801204681396484,0.3500436149085677,0.0,0.0
2026-09-23T10:00:46.326919+07:00,final_benchmark:AlphaGoAgent,1.0,183.0,11.18,36.0,7.6,12.801265716552734,0.350242982912093,0.0,0.0
2026-09-23T10:00:47.311056+07:00,final_benchmark:AlphaGoAgent,1.0,183.0,11.0,36.0,8.6,12.80087661743164,0.350242982912093,0.0,0.0
2026-09-23T10:00:48.283662+07:00,final_benchmark:AlphaGoAgent,1.0,183.0,11.18,36.0,7.4,12.800956726074219,0.350242982912093,0.0,0.0
2026-09-23T10:00:49.311364+07:00,final_benchmark:AlphaGoAgent,1.0,183.0,11.29,36.0,8.9,12.80020523071289,0.3503699758703707,0.0,0.0
2026-09-23T10:00:50.298564+07:00,final_benchmark:AlphaGoAgent,1.0,183.0,11.33,36.0,6.9,12.800357818603516,0.35055950516679646,0.0,0.0
2026-09-23T10:00:51.246652+07:00,final_benchmark:AlphaGoAgent,1.0,183.0,11.43,36.0,7.7,12.800277709960938,0.35055950516679646,0.0,0.0
2026-09-23T10:00:52.295924+07:00,final_benchmark:AlphaGoAgent,1.0,183.0,11.23,36.0,7.8,12.80007553100586,0.3508038373130086,0.0,0.0
2026-09-23T10:00:53.268676+07:00,final_benchmark:AlphaGoAgent,1.0,183.0,11.08,36.0,6.5,12.799896240234375,0.3508038373130086,0.0,0.0
2026-09-23T10:00:54.292970+07:00,final_benchmark:AlphaGoAgent,1.0,183.0,11.1,36.0,7.0,12.800201416015625,0.3510123657266185,0.0,0.0
2026-09-23T10:00:55.287038+07:00,final_benchmark:AlphaGoAgent,0.0,183.0,11.23,36.0,7.6,12.800216674804688,0.35130112268817554,0.0,0.0
2026-09-23T10:00:56.259547+07:00,final_benchmark:AlphaGoAgent,1.0,183.0,11.3,36.0,8.9,12.799747467041016,0.3515757302167274,0.0,0.0
2026-09-23T10:00:57.341446+07:00,final_benchmark:AlphaGoAgent,1.0,183.0,11.34,36.0,10.4,12.799537658691406,0.3515757302167274,0.0,0.0
2026-09-23T10:00:58.274898+07:00,final_benchmark:AlphaGoAgent,1.0,183.0,11.23,36.0,10.4,12.799942016601562,0.3517601665872473,0.0,0.0
2026-09-23T10:00:59.284012+07:00,final_benchmark:AlphaGoAgent,1.0,183.0,11.19,36.0,10.7,12.7999267578125,0.3517601665872473,0.0,0.0
2026-09-23T10:01:00.294056+07:00,final_benchmark:AlphaGoAgent,1.0,183.0,11.09,36.0,11.3,12.796520233154297,0.3519796236566273,0.0,0.0
2026-09-23T10:01:01.277918+07:00,final_benchmark:AlphaGoAgent,1.0,183.0,11.29,36.0,10.0,12.799671173095703,0.3519796236566273,0.0,0.0
2026-09-23T10:01:02.288555+07:00,final_benchmark:AlphaGoAgent,1.0,183.0,11.32,36.0,10.0,12.803020477294922,0.35214803426755764,0.0,0.0
2026-09-23T10:01:03.259625+07:00,final_benchmark:AlphaGoAgent,1.0,183.0,11.4,36.0,11.5,12.81781005859375,0.35214803426755764,0.0,0.0
2026-09-23T10:01:04.338129+07:00,final_benchmark:AlphaGoAgent,1.0,183.0,11.32,36.0,8.4,12.820964813232422,0.3523043378983712,0.0,0.0
2026-09-23T10:01:05.349097+07:00,final_benchmark:AlphaGoAgent,0.0,183.0,11.18,36.0,7.6,12.82101058959961,0.35257208960828423,0.0,0.0
2026-09-23T10:01:06.275781+07:00,final_benchmark:AlphaGoAgent,1.0,183.0,11.13,36.0,7.6,12.82101821899414,0.35257208960828423,0.0,0.0
2026-09-23T10:01:07.271154+07:00,final_benchmark:AlphaGoAgent,1.0,183.0,11.24,36.0,8.0,12.825740814208984,0.3527768183047218,0.0,0.0
2026-09-23T10:01:08.277303+07:00,final_benchmark:AlphaGoAgent,0.0,183.0,11.32,36.0,7.9,12.826339721679688,0.352989433059814,0.0,0.0
2026-09-23T10:01:09.300085+07:00,final_benchmark:AlphaGoAgent,0.0,183.0,11.42,36.0,8.6,12.825675964355469,0.352989433059814,0.0,0.0
2026-09-23T10:01:10.279835+07:00,final_benchmark:AlphaGoAgent,1.0,183.0,11.46,36.0,8.1,12.825122833251953,0.35325604320621157,0.0,0.0
2026-09-23T10:01:11.311147+07:00,final_benchmark:AlphaGoAgent,0.0,183.0,11.32,36.0,7.9,12.820014953613281,0.35350430316703746,0.0,0.0
2026-09-23T10:01:12.310648+07:00,final_benchmark:AlphaGoAgent,1.0,183.0,11.15,36.0,7.3,12.820308685302734,0.35350430316703746,0.0,0.0
2026-09-23T10:01:13.275536+07:00,final_benchmark:AlphaGoAgent,1.0,183.0,11.26,36.0,7.8,12.820499420166016,0.3536608890438974,0.0,0.0
2026-09-23T10:01:14.264223+07:00,final_benchmark:AlphaGoAgent,1.0,183.0,11.28,36.0,7.9,12.820457458496094,0.3536608890438974,0.0,0.0
2026-09-23T10:01:15.355060+07:00,final_benchmark:AlphaGoAgent,1.0,183.0,11.48,36.0,8.3,12.820663452148438,0.35391319649199776,0.0,0.0
2026-09-23T10:01:16.330679+07:00,final_benchmark:AlphaGoAgent,1.0,183.0,11.47,36.0,8.9,12.820541381835938,0.35418835413311345,0.0,0.0
2026-09-23T10:01:17.328941+07:00,final_benchmark:AlphaGoAgent,0.0,183.0,11.32,36.0,9.0,12.819629669189453,0.3544849121828288,0.0,0.0
2026-09-23T10:01:18.304304+07:00,final_benchmark:AlphaGoAgent,1.0,183.0,11.18,36.0,7.7,12.813690185546875,0.3544849121828288,0.0,0.0
2026-09-23T10:01:19.276397+07:00,final_benchmark:AlphaGoAgent,1.0,183.0,11.18,36.0,7.5,12.813652038574219,0.3546935629874317,0.0,0.0
2026-09-23T10:01:20.248256+07:00,final_benchmark:AlphaGoAgent,1.0,183.0,11.31,36.0,8.0,12.806617736816406,0.3546935629874317,0.0,0.0
2026-09-23T10:01:21.254241+07:00,final_benchmark:AlphaGoAgent,1.0,183.0,11.35,36.0,7.5,12.80678939819336,0.354879507380044,0.0,0.0
2026-09-23T10:01:22.273425+07:00,final_benchmark:AlphaGoAgent,1.0,183.0,11.37,36.0,7.9,12.806812286376953,0.3550537302114691,0.0,0.0
2026-09-23T10:01:23.275088+07:00,final_benchmark:AlphaGoAgent,1.0,183.0,11.29,36.0,7.4,12.80661392211914,0.3550537302114691,0.0,0.0
2026-09-23T10:01:24.262417+07:00,final_benchmark:AlphaGoAgent,1.0,183.0,11.09,36.0,8.2,12.806575775146484,0.3550537302114691,0.0,0.0
2026-09-23T10:01:25.275868+07:00,final_benchmark:AlphaGoAgent,1.0,183.0,11.01,36.0,7.2,12.80636978149414,0.3550537302114691,0.0,0.0
2026-09-23T10:01:26.296394+07:00,final_benchmark:AlphaGoAgent,1.0,183.0,11.05,36.0,8.1,12.800373077392578,0.3550002880676234,0.0,0.0
2026-09-23T10:01:27.340997+07:00,final_benchmark:AlphaGoAgent,1.0,183.0,11.22,36.0,7.9,12.800392150878906,0.35528985131556357,0.0,0.0
2026-09-23T10:01:28.320892+07:00,final_benchmark:AlphaGoAgent,1.0,183.0,11.3,36.0,8.1,12.800457000732422,0.35528985131556357,0.0,0.0
2026-09-23T10:01:29.273326+07:00,final_benchmark:AlphaGoAgent,1.0,183.0,11.21,36.0,8.5,12.800609588623047,0.35528985131556357,0.0,0.0
2026-09-23T10:01:30.319261+07:00,final_benchmark:AlphaGoAgent,1.0,183.0,11.08,36.0,7.5,12.801040649414062,0.35521510006710916,0.0,0.0
2026-09-23T10:01:31.312901+07:00,final_benchmark:AlphaGoAgent,1.0,183.0,11.02,36.0,6.8,12.801082611083984,0.355511911242472,0.0,0.0
2026-09-23T10:01:32.334736+07:00,final_benchmark:AlphaGoAgent,1.0,183.0,11.07,36.0,6.8,12.80129623413086,0.355511911242472,0.0,0.0
2026-09-23T10:01:33.251199+07:00,final_benchmark:AlphaGoAgent,1.0,183.0,11.19,36.0,11.8,12.774227142333984,0.355511911242472,0.0,0.0
2026-09-23T10:01:34.301913+07:00,final_benchmark:AlphaGoAgent,1.0,183.0,11.35,36.0,7.4,12.774063110351562,0.3554254500371917,0.0,0.0
2026-09-23T10:01:35.331036+07:00,final_benchmark:AlphaGoAgent,1.0,183.0,11.4,36.0,6.9,12.774871826171875,0.3554254500371917,0.0,0.0
2026-09-23T10:01:36.303763+07:00,final_benchmark:AlphaGoAgent,1.0,183.0,11.28,36.0,7.6,12.775211334228516,0.3554254500371917,0.0,0.0
2026-09-23T10:01:37.287553+07:00,final_benchmark:AlphaGoAgent,0.0,183.0,11.1,36.0,7.8,12.777606964111328,0.3555310917927774,0.0,0.0
2026-09-23T10:01:38.303543+07:00,final_benchmark:AlphaGoAgent,1.0,183.0,11.1,36.0,7.5,12.779228210449219,0.3555310917927774,0.0,0.0
2026-09-23T10:01:39.239010+07:00,final_benchmark:AlphaGoAgent,1.0,183.0,11.19,36.0,7.5,12.77927017211914,0.3556658844494148,0.0,0.0
2026-09-23T10:01:40.297070+07:00,final_benchmark:AlphaGoAgent,1.0,183.0,11.36,36.0,7.5,12.77914047241211,0.3556658844494148,0.0,0.0
2026-09-23T10:01:41.257390+07:00,final_benchmark:AlphaGoAgent,1.0,183.0,11.4,36.0,7.1,12.778724670410156,0.35567502529255346,0.0,0.0
